id,group,group_name,verified,decision,engine,rule,severity,assessment,confidence,fixable,file,line,column,message,source_line
AS-001,G1,Security verification,yes,false-positive,security,security/hardcoded-secret,error,conservative security,high,no,code/01_platform/04_scripts/t9_order_sandbox.py,157,0,Possible Hardcoded password/secret detected in source code,"CONTROL_DEFAULT_SECRET = ""local-dev-only"""
AS-002,G1,Security verification,yes,false-positive,security,security/hardcoded-secret,error,conservative security,high,no,code/01_platform/04_scripts/t9_order_sandbox.py,918,0,Possible Hardcoded password/secret detected in source code,"def run_live(transport=None, probe=None, secret=""local-dev-only"", now=None,"
AS-003,G1,Security verification,yes,false-positive,security,security/hardcoded-secret,error,conservative security,high,no,code/02_services/04_executor/src/engine.rs,611,0,Possible Authentication token detected in source code,"let token = ""tok_live_9f4c2a7e88b1"";"
AS-004,G1,Security verification,yes,false-positive,security,security/hardcoded-secret,error,conservative security,high,no,code/common/src/main/java/com/trading/common/config/ConfigKeys.java,99,0,Possible Hardcoded password/secret detected in source code,"public static final String O2_PASSWORD = ""O2_PASSWORD"";"
AS-005,G1,Security verification,yes,false-positive,security,security/python-exec,error,conservative security,high,no,code/01_platform/04_scripts/t9_order_sandbox.py,379,0,Use of exec() can execute arbitrary code,"def exec(self, service, shell):"
AS-006,G3,Failure visibility (error handling),yes,false-positive,ai-slop,ai-slop/swallowed-exception,error,AI-slop indicators,high,no,code/01_platform/04_scripts/cluster_check.py,203,0,Bare except with pass swallows errors silently,except ValueError:
AS-007,G3,Failure visibility (error handling),yes,won't-fix,ai-slop,ai-slop/swallowed-exception,error,AI-slop indicators,high,no,code/01_platform/04_scripts/cp_phase_capture.py,181,0,Bare except with pass swallows errors silently,except Exception:
AS-008,G3,Failure visibility (error handling),yes,false-positive,ai-slop,ai-slop/swallowed-exception,error,AI-slop indicators,high,no,code/01_platform/04_scripts/ddl_apply.py,485,0,Catch block only prints error without proper handling,except OSError as exc:
AS-009,G3,Failure visibility (error handling),yes,false-positive,ai-slop,ai-slop/swallowed-exception,error,AI-slop indicators,high,no,code/01_platform/04_scripts/ddl_apply.py,607,0,Catch block only prints error without proper handling,"except (OSError, json.JSONDecodeError) as exc:"
AS-010,G3,Failure visibility (error handling),yes,false-positive,ai-slop,ai-slop/swallowed-exception,error,AI-slop indicators,high,no,code/01_platform/04_scripts/ddl_apply.py,621,0,Catch block only prints error without proper handling,"except (OSError, json.JSONDecodeError) as exc:"
AS-011,G3,Failure visibility (error handling),yes,false-positive,ai-slop,ai-slop/swallowed-exception,error,AI-slop indicators,high,no,code/01_platform/04_scripts/disaster_drills.py,65,0,Bare except with pass swallows errors silently,except OSError:
AS-012,G3,Failure visibility (error handling),yes,false-positive,ai-slop,ai-slop/swallowed-exception,error,AI-slop indicators,high,no,code/01_platform/04_scripts/disaster_drills.py,136,0,Bare except with pass swallows errors silently,except OSError:
AS-013,G3,Failure visibility (error handling),yes,false-positive,ai-slop,ai-slop/swallowed-exception,error,AI-slop indicators,high,no,code/01_platform/04_scripts/eod_schedule.py,90,0,Catch block only prints error without proper handling,except OSError as exc:
AS-014,G3,Failure visibility (error handling),yes,false-positive,ai-slop,ai-slop/swallowed-exception,error,AI-slop indicators,high,no,code/01_platform/04_scripts/eod_schedule.py,119,0,Catch block only prints error without proper handling,except OSError as exc:
AS-015,G3,Failure visibility (error handling),yes,false-positive,ai-slop,ai-slop/swallowed-exception,error,AI-slop indicators,high,no,code/01_platform/04_scripts/eod_schedule.py,168,0,Catch block only prints error without proper handling,except OSError as exc:
AS-016,G3,Failure visibility (error handling),yes,won't-fix,ai-slop,ai-slop/swallowed-exception,error,AI-slop indicators,high,no,code/01_platform/04_scripts/holistic-analyze.py,197,0,Bare except with pass swallows errors silently,except OSError:
AS-017,G3,Failure visibility (error handling),yes,false-positive,ai-slop,ai-slop/swallowed-exception,error,AI-slop indicators,high,no,code/01_platform/04_scripts/holistic-analyze.py,576,0,Bare except with pass swallows errors silently,except OSError:
AS-018,G3,Failure visibility (error handling),yes,false-positive,ai-slop,ai-slop/swallowed-exception,error,AI-slop indicators,high,no,code/01_platform/04_scripts/holistic-analyze.py,585,0,Bare except with pass swallows errors silently,except OSError:
AS-019,G3,Failure visibility (error handling),yes,false-positive,ai-slop,ai-slop/swallowed-exception,error,AI-slop indicators,high,no,code/01_platform/04_scripts/holistic-analyze.py,592,0,Bare except with pass swallows errors silently,except OSError:
AS-020,G3,Failure visibility (error handling),yes,false-positive,ai-slop,ai-slop/swallowed-exception,error,AI-slop indicators,high,no,code/01_platform/04_scripts/holistic-analyze.py,616,0,Bare except with pass swallows errors silently,except OSError:
AS-021,G3,Failure visibility (error handling),yes,false-positive,ai-slop,ai-slop/swallowed-exception,error,AI-slop indicators,high,no,code/01_platform/04_scripts/holistic-analyze.py,686,0,Bare except with pass swallows errors silently,except OSError:
AS-022,G3,Failure visibility (error handling),yes,false-positive,ai-slop,ai-slop/swallowed-exception,error,AI-slop indicators,high,no,code/01_platform/04_scripts/holistic-analyze.py,693,0,Bare except with pass swallows errors silently,except OSError:
AS-023,G3,Failure visibility (error handling),yes,false-positive,ai-slop,ai-slop/swallowed-exception,error,AI-slop indicators,high,no,code/01_platform/04_scripts/holistic-analyze.py,961,0,Catch block only prints error without proper handling,except OSError:
AS-024,G3,Failure visibility (error handling),yes,false-positive,ai-slop,ai-slop/swallowed-exception,error,AI-slop indicators,high,no,code/01_platform/04_scripts/holistic-analyze.py,983,0,Bare except with pass swallows errors silently,except OSError:
AS-025,G3,Failure visibility (error handling),yes,fixed,ai-slop,ai-slop/swallowed-exception,error,AI-slop indicators,high,no,code/01_platform/04_scripts/holistic-analyze.py,1027,0,Bare except with pass swallows errors silently,except ValueError:
AS-026,G3,Failure visibility (error handling),yes,fixed,ai-slop,ai-slop/swallowed-exception,error,AI-slop indicators,high,no,code/01_platform/04_scripts/holistic-analyze.py,1029,0,Bare except with pass swallows errors silently,except OSError:
AS-027,G3,Failure visibility (error handling),yes,false-positive,ai-slop,ai-slop/swallowed-exception,error,AI-slop indicators,high,no,code/01_platform/04_scripts/holistic-analyze.py,1180,0,Bare except with pass swallows errors silently,except OSError:
AS-028,G3,Failure visibility (error handling),yes,false-positive,ai-slop,ai-slop/swallowed-exception,error,AI-slop indicators,high,no,code/01_platform/04_scripts/holistic-analyze.py,1282,0,Catch block only prints error without proper handling,except OSError:
AS-029,G3,Failure visibility (error handling),yes,false-positive,ai-slop,ai-slop/swallowed-exception,error,AI-slop indicators,high,no,code/01_platform/04_scripts/holistic-analyze.py,1323,0,Catch block only prints error without proper handling,except OSError:
AS-030,G3,Failure visibility (error handling),yes,false-positive,ai-slop,ai-slop/swallowed-exception,error,AI-slop indicators,high,no,code/01_platform/04_scripts/holistic-analyze.py,1374,0,Catch block only prints error without proper handling,except OSError:
AS-031,G3,Failure visibility (error handling),yes,false-positive,ai-slop,ai-slop/swallowed-exception,error,AI-slop indicators,high,no,code/01_platform/04_scripts/holistic-analyze.py,1425,0,Catch block only prints error without proper handling,except OSError:
AS-032,G3,Failure visibility (error handling),yes,false-positive,ai-slop,ai-slop/swallowed-exception,error,AI-slop indicators,high,no,code/01_platform/04_scripts/holistic-analyze.py,1465,0,Catch block only prints error without proper handling,except OSError:
AS-033,G3,Failure visibility (error handling),yes,fixed,ai-slop,ai-slop/swallowed-exception,error,AI-slop indicators,high,no,code/01_platform/04_scripts/holistic-analyze.py,1509,0,Bare except with pass swallows errors silently,except ValueError:
AS-034,G3,Failure visibility (error handling),yes,fixed,ai-slop,ai-slop/swallowed-exception,error,AI-slop indicators,high,no,code/01_platform/04_scripts/holistic-analyze.py,1511,0,Bare except with pass swallows errors silently,except OSError:
AS-035,G3,Failure visibility (error handling),yes,fixed,ai-slop,ai-slop/swallowed-exception,error,AI-slop indicators,high,no,code/01_platform/04_scripts/holistic-analyze.py,1589,0,Bare except with pass swallows errors silently,except OSError:
AS-036,G3,Failure visibility (error handling),yes,won't-fix,ai-slop,ai-slop/swallowed-exception,error,AI-slop indicators,high,no,code/01_platform/04_scripts/holistic-analyze.py,1642,0,Bare except with pass swallows errors silently,except ValueError:
AS-037,G3,Failure visibility (error handling),yes,fixed,ai-slop,ai-slop/swallowed-exception,error,AI-slop indicators,high,no,code/01_platform/04_scripts/holistic-analyze.py,1644,0,Bare except with pass swallows errors silently,except OSError:
AS-038,G3,Failure visibility (error handling),yes,false-positive,ai-slop,ai-slop/swallowed-exception,error,AI-slop indicators,high,no,code/01_platform/04_scripts/image_staleness_check.py,249,0,Bare except with pass swallows errors silently,except ValueError:
AS-039,G3,Failure visibility (error handling),yes,false-positive,ai-slop,ai-slop/swallowed-exception,error,AI-slop indicators,high,no,code/01_platform/04_scripts/o2_ingest.py,55,0,Bare except with pass swallows errors silently,except OSError:
AS-040,G3,Failure visibility (error handling),yes,false-positive,ai-slop,ai-slop/swallowed-exception,error,AI-slop indicators,high,no,code/01_platform/04_scripts/perf_evidence_parse.py,469,0,Bare except with pass swallows errors silently,except OSError:
AS-041,G3,Failure visibility (error handling),yes,false-positive,ai-slop,ai-slop/swallowed-exception,error,AI-slop indicators,high,no,code/01_platform/04_scripts/pernode_attribution_check.py,68,0,Bare except with pass swallows errors silently,except OSError:
AS-042,G3,Failure visibility (error handling),yes,false-positive,ai-slop,ai-slop/swallowed-exception,error,AI-slop indicators,high,no,code/01_platform/04_scripts/soak-o2-evidence.py,75,0,Bare except with pass swallows errors silently,except OSError:
AS-043,G3,Failure visibility (error handling),yes,false-positive,ai-slop,ai-slop/swallowed-exception,error,AI-slop indicators,high,no,code/01_platform/05_instruments/split_manifest.py,53,0,Catch block only prints error without proper handling,"except (ValueError, TypeError):"
AS-044,G3,Failure visibility (error handling),yes,false-positive,ai-slop,ai-slop/swallowed-exception,error,AI-slop indicators,high,no,code/common/src/main/java/com/trading/common/schema/eod/EodControllerTool.java,543,0,Empty catch block swallows errors silently,} catch (Exception e) {
AS-045,G8,Hardcoded config values,yes,false-positive,ai-slop,ai-slop/hardcoded-id,warning,AI-slop indicators,medium,no,code/02_services/04_executor/src/config.rs,396,0,Hardcoded provider/project ID in production code,"(""BRIDGE_AUTH_TOKEN"", ""tok_live_9f4c2a7e88b1""),"
AS-046,G8,Hardcoded config values,yes,false-positive,ai-slop,ai-slop/hardcoded-id,warning,AI-slop indicators,medium,no,code/02_services/04_executor/src/engine.rs,611,0,Hardcoded provider/project ID in production code,"let token = ""tok_live_9f4c2a7e88b1"";"
AS-047,G8,Hardcoded config values,yes,false-positive,ai-slop,ai-slop/hardcoded-url,warning,AI-slop indicators,medium,no,code/02_services/04_executor/src/config.rs,431,0,Hardcoded environment URL in production code,"(""ARROW_REST_URL"", ""https://api""),"
AS-048,G8,Hardcoded config values,yes,false-positive,ai-slop,ai-slop/hardcoded-url,warning,AI-slop indicators,medium,no,code/02_services/04_executor/src/engine.rs,613,0,Hardcoded environment URL in production code,"base_url: ""http://bridge:8080"".to_string(),"
AS-049,G8,Hardcoded config values,yes,false-positive,ai-slop,ai-slop/hardcoded-url,warning,AI-slop indicators,medium,no,code/02_services/04_executor/src/engine.rs,631,0,Hardcoded environment URL in production code,"base_url: ""http://bridge:8080"".to_string(),"
AS-050,G8,Hardcoded config values,yes,false-positive,ai-slop,ai-slop/hardcoded-url,warning,AI-slop indicators,medium,no,code/02_services/04_executor/src/engine.rs,697,0,Hardcoded environment URL in production code,"assert_eq!(base_url, ""http://execution-bridge:8787"");"
AS-051,G13,Comment policy (default WONTFIX),yes,won't-fix,ai-slop,ai-slop/meta-comment,warning,style/policy,medium,no,code/01_platform/04_scripts/holistic-analyze.py,1591,0,Meta/plan comment (before/after state narration),"# Parity-only mode (TM-kill drill, 2026-08-31): without deliberate"
AS-052,G13,Comment policy (default WONTFIX),yes,won't-fix,ai-slop,ai-slop/meta-comment,warning,style/policy,medium,no,code/01_platform/04_scripts/ing-tcp001/TokenCountReconcile.java,20,0,Meta/plan comment (before/after state narration),/**
AS-053,G13,Comment policy (default WONTFIX),yes,fixed,ai-slop,ai-slop/meta-comment,warning,style/policy,medium,no,code/01_platform/04_scripts/ing-tcp001/TokenCountReconcile.java,195,0,Meta/plan comment (before/after state narration),"// P6-118: the scanner used to be capped at limit(1_000_000_000),"
AS-054,G13,Comment policy (default WONTFIX),yes,won't-fix,ai-slop,ai-slop/meta-comment,warning,style/policy,medium,no,code/02_services/01_ingestion/go-bridge/supervisor.go,112,0,Meta/plan comment (before/after state narration),// P1-157: a panic in the slot's main flow used to be swallowed by the
AS-055,G13,Comment policy (default WONTFIX),yes,won't-fix,ai-slop,ai-slop/meta-comment,warning,style/policy,medium,no,code/02_services/01_ingestion/src/main/java/com/trading/ingestion/IngestionService.java,859,0,Meta/plan comment (before/after state narration),// Proto-only default (2026-08-29): the NDJSON pipe transport was
AS-056,G13,Comment policy (default WONTFIX),yes,won't-fix,ai-slop,ai-slop/meta-comment,warning,style/policy,medium,no,code/02_services/01_ingestion/src/main/java/com/trading/ingestion/IngestionService.java,1671,0,Meta/plan comment (plan/process reference),/**
AS-057,G13,Comment policy (default WONTFIX),yes,won't-fix,ai-slop,ai-slop/meta-comment,warning,style/policy,medium,no,code/02_services/01_ingestion/src/main/java/com/trading/ingestion/IngestionService.java,2452,0,Meta/plan comment (plan/process reference),/**
AS-058,G13,Comment policy (default WONTFIX),yes,won't-fix,ai-slop,ai-slop/meta-comment,warning,style/policy,medium,no,code/02_services/02_compute/src/main/java/com/trading/compute/signaljob/SourceIdleWatchdogState.java,7,0,Meta/plan comment (before/after state narration),/**
AS-059,G13,Comment policy (default WONTFIX),yes,won't-fix,ai-slop,ai-slop/meta-comment,warning,style/policy,medium,no,code/02_services/04_executor/src/execution/client.rs,2519,0,Meta/plan comment (before/after state narration),// FOK has no bridge equivalent: previously it was silently rewritten to DAY.
AS-060,G13,Comment policy (default WONTFIX),yes,won't-fix,ai-slop,ai-slop/meta-comment,warning,style/policy,medium,no,code/02_services/04_executor/src/projection/mod.rs,1660,0,Meta/plan comment (before/after state narration),"// Only `< 0` used to be rejected, so a zero-price fill diluted the weighted average."
AS-061,G13,Comment policy (default WONTFIX),yes,won't-fix,ai-slop,ai-slop/meta-comment,warning,style/policy,medium,no,code/02_services/04_executor/src/shutdown.rs,336,0,Meta/plan comment (before/after state narration),// P3-460: the fail-closed invariant of shutdown step 1 used to be *assumed* - a gate that
AS-062,G13,Comment policy (default WONTFIX),yes,won't-fix,ai-slop,ai-slop/meta-comment,warning,style/policy,medium,no,code/02_services/06_execution_bridge/go-bridge/reauth.go,52,0,Meta/plan comment (before/after state narration),"// P3-048/P3-049: disabled is fail-closed for commands, not just for /healthz."
AS-063,G13,Comment policy (default WONTFIX),yes,won't-fix,ai-slop,ai-slop/meta-comment,warning,style/policy,medium,no,code/02_services/06_execution_gateway/src/main/java/com/trading/execution/gateway/ExecutionGatewayMain.java,110,0,Meta/plan comment (before/after state narration),// P3-277: the reader is owned by try-with-resources so a throw from
AS-064,G13,Comment policy (default WONTFIX),yes,won't-fix,ai-slop,ai-slop/meta-comment,warning,style/policy,medium,no,code/02_services/06_execution_gateway/src/main/java/com/trading/execution/gateway/IntentReader.java,190,0,Meta/plan comment (before/after state narration),/**
AS-065,G13,Comment policy (default WONTFIX),yes,won't-fix,ai-slop,ai-slop/meta-comment,warning,style/policy,medium,no,code/common/src/main/java/com/trading/common/ownership/OwnershipMatrix.java,55,0,Meta/plan comment (before/after state narration),// Defensive immutable copies: the caller's set used to be stored by
AS-066,G13,Comment policy (default WONTFIX),yes,won't-fix,ai-slop,ai-slop/meta-comment,warning,style/policy,medium,no,code/common/src/main/java/com/trading/common/schema/ddl/DdlApplyTool.java,301,0,Meta/plan comment (plan/process reference),// Step 2 — manifest/DDL checksums.
AS-067,G13,Comment policy (default WONTFIX),yes,won't-fix,ai-slop,ai-slop/meta-comment,warning,style/policy,medium,no,code/common/src/main/java/com/trading/common/schema/ddl/DdlApplyTool.java,365,0,Meta/plan comment (plan/process reference),// Step 4 — empty-catalog precondition.
AS-068,G13,Comment policy (default WONTFIX),yes,won't-fix,ai-slop,ai-slop/meta-comment,warning,style/policy,medium,no,code/common/src/main/java/com/trading/common/schema/ddl/DdlApplyTool.java,424,0,Meta/plan comment (plan/process reference),// Step 4 — apply in deterministic order.
AS-069,G13,Comment policy (default WONTFIX),yes,won't-fix,ai-slop,ai-slop/meta-comment,warning,style/policy,medium,no,code/common/src/main/java/com/trading/common/schema/ddl/DdlApplyTool.java,456,0,Meta/plan comment (plan/process reference),// Step 7 — write/read smoke per table. A raw-client write to a
AS-070,G13,Comment policy (default WONTFIX),yes,won't-fix,ai-slop,ai-slop/meta-comment,warning,style/policy,medium,no,code/common/src/main/java/com/trading/common/schema/execution/FlussAttemptStore.java,213,0,Meta/plan comment (before/after state narration),/**
AS-071,G13,Comment policy (default WONTFIX),yes,won't-fix,ai-slop,ai-slop/meta-comment,warning,style/policy,medium,no,code/common/src/main/java/com/trading/common/schema/execution/GateRow.java,106,0,Meta/plan comment (before/after state narration),/**
AS-072,G13,Comment policy (default WONTFIX),yes,won't-fix,ai-slop,ai-slop/meta-comment,warning,style/policy,medium,no,code/common/src/main/java/com/trading/common/schema/execution/InMemoryGateStateStore.java,156,0,Meta/plan comment (before/after state narration),"// Not the holder — fail closed, no mutation (offline fencing constraint). This used"
AS-073,G13,Comment policy (default WONTFIX),yes,won't-fix,ai-slop,ai-slop/meta-comment,warning,style/policy,medium,no,code/common/src/main/java/com/trading/common/schema/position/PositionProjectorDriver.java,42,0,Meta/plan comment (before/after state narration),/** Projected — the new snapshot replaced the previous one. */
AS-074,G13,Comment policy (default WONTFIX),yes,won't-fix,ai-slop,ai-slop/narrative-comment,warning,style/policy,medium,yes,code/01_platform/04_scripts/alert-routing-selftest.py,113,0,Narrative comment block (decorative separator),# --- 1. consumer alive --------------------------------------------------
AS-075,G13,Comment policy (default WONTFIX),yes,won't-fix,ai-slop,ai-slop/narrative-comment,warning,style/policy,medium,yes,code/01_platform/04_scripts/alert-routing-selftest.py,119,0,Narrative comment block (decorative separator),"# --- 2. negative: malformed body rejected, consumer survives ------------"
AS-076,G13,Comment policy (default WONTFIX),yes,won't-fix,ai-slop,ai-slop/narrative-comment,warning,style/policy,medium,yes,code/01_platform/04_scripts/alert-routing-selftest.py,128,0,Narrative comment block (decorative separator),# --- 3. temp always-firing alert ---------------------------------------
AS-077,G13,Comment policy (default WONTFIX),yes,won't-fix,ai-slop,ai-slop/narrative-comment,warning,style/policy,medium,yes,code/01_platform/04_scripts/alert-routing-selftest.py,179,0,Narrative comment block (decorative separator),# --- 4-5. poll the durable record ---------------------------------------
AS-078,G13,Comment policy (default WONTFIX),yes,won't-fix,ai-slop,ai-slop/narrative-comment,warning,style/policy,medium,yes,code/01_platform/04_scripts/audit_r2.py,2,0,Narrative comment block (decorative separator),# =============================================================================
AS-079,G13,Comment policy (default WONTFIX),yes,won't-fix,ai-slop,ai-slop/narrative-comment,warning,style/policy,medium,yes,code/01_platform/04_scripts/audit_r2.py,112,0,Narrative comment block (decorative separator),# ---------------------------------------------------------------------------
AS-080,G13,Comment policy (default WONTFIX),yes,won't-fix,ai-slop,ai-slop/narrative-comment,warning,style/policy,medium,yes,code/01_platform/04_scripts/audit_r2.py,165,0,Narrative comment block (decorative separator),# ---------------------------------------------------------------------------
AS-081,G13,Comment policy (default WONTFIX),yes,won't-fix,ai-slop,ai-slop/narrative-comment,warning,style/policy,medium,yes,code/01_platform/04_scripts/audit_r2.py,277,0,Narrative comment block (decorative separator),# ---------------------------------------------------------------------------
AS-082,G13,Comment policy (default WONTFIX),yes,won't-fix,ai-slop,ai-slop/narrative-comment,warning,style/policy,medium,yes,code/01_platform/04_scripts/audit_r2.py,430,0,Narrative comment block (decorative separator),# ---------------------------------------------------------------------------
AS-083,G13,Comment policy (default WONTFIX),yes,won't-fix,ai-slop,ai-slop/narrative-comment,warning,style/policy,medium,yes,code/01_platform/04_scripts/day_run.py,39,0,Narrative comment block (decorative separator),# --------------------------------------------------------------------------
AS-084,G13,Comment policy (default WONTFIX),yes,won't-fix,ai-slop,ai-slop/narrative-comment,warning,style/policy,medium,yes,code/01_platform/04_scripts/day_run.py,119,0,Narrative comment block (decorative separator),# --------------------------------------------------------------------------
AS-085,G13,Comment policy (default WONTFIX),yes,won't-fix,ai-slop,ai-slop/narrative-comment,warning,style/policy,medium,yes,code/01_platform/04_scripts/day_run.py,184,0,Narrative comment block (decorative separator),# --------------------------------------------------------------------------
AS-086,G13,Comment policy (default WONTFIX),yes,won't-fix,ai-slop,ai-slop/narrative-comment,warning,style/policy,medium,yes,code/01_platform/04_scripts/day_run.py,603,0,Narrative comment block (decorative separator),# --------------------------------------------------------------------------
AS-087,G13,Comment policy (default WONTFIX),yes,won't-fix,ai-slop,ai-slop/narrative-comment,warning,style/policy,medium,yes,code/01_platform/04_scripts/day_run.py,641,0,Narrative comment block (decorative separator),# --------------------------------------------------------------------------
AS-088,G13,Comment policy (default WONTFIX),yes,won't-fix,ai-slop,ai-slop/narrative-comment,warning,style/policy,medium,yes,code/01_platform/04_scripts/day_run.py,1011,0,Narrative comment block (decorative separator),# --------------------------------------------------------------------------
AS-089,G13,Comment policy (default WONTFIX),yes,won't-fix,ai-slop,ai-slop/narrative-comment,warning,style/policy,medium,yes,code/01_platform/04_scripts/day_run.py,1198,0,Narrative comment block (phase/section header),# Phase 2: execution-t3 chain in its offline posture (profile-gated;
AS-090,G13,Comment policy (default WONTFIX),yes,won't-fix,ai-slop,ai-slop/narrative-comment,warning,style/policy,medium,yes,code/01_platform/04_scripts/day_run.py,1350,0,Narrative comment block (decorative separator),# --------------------------------------------------------------------------
AS-091,G13,Comment policy (default WONTFIX),yes,won't-fix,ai-slop,ai-slop/narrative-comment,warning,style/policy,medium,yes,code/01_platform/04_scripts/disaster_drills.py,104,0,Narrative comment block (decorative separator),# --------------------------------------------------------------------------
AS-092,G13,Comment policy (default WONTFIX),yes,won't-fix,ai-slop,ai-slop/narrative-comment,warning,style/policy,medium,yes,code/01_platform/04_scripts/disaster_drills.py,248,0,Narrative comment block (decorative separator),# --------------------------------------------------------------------------
AS-093,G13,Comment policy (default WONTFIX),yes,won't-fix,ai-slop,ai-slop/narrative-comment,warning,style/policy,medium,yes,code/01_platform/04_scripts/docs_audit.py,387,0,Narrative comment block (cross-reference commentary),"# One measurement, used by both the check and its message: a second call"
AS-094,G13,Comment policy (default WONTFIX),yes,won't-fix,ai-slop,ai-slop/narrative-comment,warning,style/policy,medium,yes,code/01_platform/04_scripts/docs_audit.py,428,0,Narrative comment block (decorative separator),# ---------------------------------------------------------------------------
AS-095,G13,Comment policy (default WONTFIX),yes,won't-fix,ai-slop,ai-slop/narrative-comment,warning,style/policy,medium,yes,code/01_platform/04_scripts/docs_audit.py,630,0,Narrative comment block (decorative separator),# ---------------------------------------------------------------------------
AS-096,G13,Comment policy (default WONTFIX),yes,won't-fix,ai-slop,ai-slop/narrative-comment,warning,style/policy,medium,yes,code/01_platform/04_scripts/docs_audit.py,653,0,Narrative comment block (decorative separator),# --- doc scans (04-decisions.md is the dated record: DEC-012/018/039) ---
AS-097,G13,Comment policy (default WONTFIX),yes,won't-fix,ai-slop,ai-slop/narrative-comment,warning,style/policy,medium,yes,code/01_platform/04_scripts/docs_audit.py,677,0,Narrative comment block (decorative separator),"# --- code: HFT modes ltpc (40 B) + full (196 B), nothing else accepted ---"
AS-098,G13,Comment policy (default WONTFIX),yes,won't-fix,ai-slop,ai-slop/narrative-comment,warning,style/policy,medium,yes,code/01_platform/04_scripts/docs_audit.py,700,0,Narrative comment block (decorative separator),# --- code: bridge converts ns -> ms ---
AS-099,G13,Comment policy (default WONTFIX),yes,won't-fix,ai-slop,ai-slop/narrative-comment,warning,style/policy,medium,yes,code/01_platform/04_scripts/docs_audit.py,704,0,Narrative comment block (decorative separator),# --- manifest/DDL: ledger + halt kinds KV; ledger live in dev ---
AS-100,G13,Comment policy (default WONTFIX),yes,won't-fix,ai-slop,ai-slop/narrative-comment,warning,style/policy,medium,yes,code/01_platform/04_scripts/docs_audit.py,765,0,Narrative comment block (decorative separator),# --- inventories include the candle table + ingestion_quarantine ---
AS-101,G13,Comment policy (default WONTFIX),yes,won't-fix,ai-slop,ai-slop/narrative-comment,warning,style/policy,medium,yes,code/01_platform/04_scripts/docs_audit.py,779,0,Narrative comment block (decorative separator),# ---------------------------------------------------------------------------
AS-102,G13,Comment policy (default WONTFIX),yes,won't-fix,ai-slop,ai-slop/narrative-comment,warning,style/policy,medium,yes,code/01_platform/04_scripts/docs_audit.py,860,0,Narrative comment block (decorative separator),# --- coverage table in 11-testing-and-release.md ---
AS-103,G13,Comment policy (default WONTFIX),yes,won't-fix,ai-slop,ai-slop/narrative-comment,warning,style/policy,medium,yes,code/01_platform/04_scripts/docs_audit.py,903,0,Narrative comment block (decorative separator),# --- dossier status rows (02-10) ---
AS-104,G13,Comment policy (default WONTFIX),yes,won't-fix,ai-slop,ai-slop/narrative-comment,warning,style/policy,medium,yes,code/01_platform/04_scripts/docs_audit.py,932,0,Narrative comment block (decorative separator),# --- REQ13-* ids are scoped to the master dossier (04) and defined there ---
AS-105,G13,Comment policy (default WONTFIX),yes,won't-fix,ai-slop,ai-slop/narrative-comment,warning,style/policy,medium,yes,code/01_platform/04_scripts/docs_audit.py,956,0,Narrative comment block (decorative separator),# ---------------------------------------------------------------------------
AS-106,G13,Comment policy (default WONTFIX),yes,won't-fix,ai-slop,ai-slop/narrative-comment,warning,style/policy,medium,yes,code/01_platform/04_scripts/docs_audit.py,1028,0,Narrative comment block (decorative separator),# ---------------------------------------------------------------------------
AS-107,G13,Comment policy (default WONTFIX),yes,won't-fix,ai-slop,ai-slop/narrative-comment,warning,style/policy,medium,yes,code/01_platform/04_scripts/docs_audit.py,1095,0,Narrative comment block (decorative separator),# ---------------------------------------------------------------------------
AS-108,G13,Comment policy (default WONTFIX),yes,won't-fix,ai-slop,ai-slop/narrative-comment,warning,style/policy,medium,yes,code/01_platform/04_scripts/docs_audit.py,1146,0,Narrative comment block (decorative separator),# ---------------------------------------------------------------------------
AS-109,G13,Comment policy (default WONTFIX),yes,won't-fix,ai-slop,ai-slop/narrative-comment,warning,style/policy,medium,yes,code/01_platform/04_scripts/docs_audit.py,1253,0,Narrative comment block (decorative separator),# ---------------------------------------------------------------------------
AS-110,G13,Comment policy (default WONTFIX),yes,won't-fix,ai-slop,ai-slop/narrative-comment,warning,style/policy,medium,yes,code/01_platform/04_scripts/docs_audit.py,1468,0,Narrative comment block (decorative separator),# ---------------------------------------------------------------------------
AS-111,G13,Comment policy (default WONTFIX),yes,won't-fix,ai-slop,ai-slop/narrative-comment,warning,style/policy,medium,yes,code/01_platform/04_scripts/holistic-analyze.py,729,0,Narrative comment block (decorative separator),# ---- previews: UNAVAILABLE after the 2026-09-05 multi-timeframe cutover ----
AS-112,G13,Comment policy (default WONTFIX),yes,won't-fix,ai-slop,ai-slop/narrative-comment,warning,style/policy,medium,yes,code/01_platform/04_scripts/holistic-analyze.py,790,0,Narrative comment block (decorative separator),# ---- Final candle path: the LATENCY leg only ----
AS-113,G13,Comment policy (default WONTFIX),yes,won't-fix,ai-slop,ai-slop/narrative-comment,warning,style/policy,medium,yes,code/01_platform/04_scripts/holistic-analyze.py,834,0,Narrative comment block (decorative separator),# ---- Signal_Candidates: volume by status + settlement balance ----
AS-114,G13,Comment policy (default WONTFIX),yes,won't-fix,ai-slop,ai-slop/narrative-comment,warning,style/policy,medium,yes,code/01_platform/04_scripts/holistic-analyze.py,920,0,Narrative comment block (decorative separator),# ---- Signal-path latency (2026-08-31) -------------------------------
AS-115,G13,Comment policy (default WONTFIX),yes,won't-fix,ai-slop,ai-slop/narrative-comment,warning,style/policy,medium,yes,code/01_platform/04_scripts/holistic-analyze.py,1432,0,Narrative comment block (decorative separator),# ---- G6 ASSERTIVE GUARDS (2026-08-30) --------------------------------
AS-116,G13,Comment policy (default WONTFIX),yes,won't-fix,ai-slop,ai-slop/narrative-comment,warning,style/policy,medium,yes,code/01_platform/04_scripts/holistic-analyze.py,1437,0,Narrative comment block (decorative separator),# ---- D6 guard (2026-08-31): ingestion JVM live-set leak alarm ----
AS-117,G13,Comment policy (default WONTFIX),yes,won't-fix,ai-slop,ai-slop/narrative-comment,warning,style/policy,medium,yes,code/01_platform/04_scripts/holistic-analyze.py,1569,0,Narrative comment block (decorative separator),"# ---- G7 DATA-QUALITY GUARDS (F2/F3 audit, 2026-08-30) ----------------"
AS-118,G13,Comment policy (default WONTFIX),yes,won't-fix,ai-slop,ai-slop/narrative-comment,warning,style/policy,medium,yes,code/01_platform/04_scripts/holistic-analyze.py,1632,0,Narrative comment block (justification prose),# last counter sample timestamp: counter deltas only cover rounds
AS-119,G13,Comment policy (default WONTFIX),yes,won't-fix,ai-slop,ai-slop/narrative-comment,warning,style/policy,medium,yes,code/01_platform/04_scripts/holistic-analyze.py,1778,0,Narrative comment block (decorative separator),# ---- F6 (2026-08-31): raw-validation rejection counters ----
AS-120,G13,Comment policy (default WONTFIX),yes,won't-fix,ai-slop,ai-slop/narrative-comment,warning,style/policy,medium,yes,code/01_platform/04_scripts/o2-provision.py,2,0,Narrative comment block (decorative separator),# =============================================================================
AS-121,G13,Comment policy (default WONTFIX),yes,won't-fix,ai-slop,ai-slop/narrative-comment,warning,style/policy,medium,yes,code/01_platform/04_scripts/o2-provision.py,49,0,Narrative comment block (decorative separator),# ---------------------------------------------------------------------------
AS-122,G13,Comment policy (default WONTFIX),yes,won't-fix,ai-slop,ai-slop/narrative-comment,warning,style/policy,medium,yes,code/01_platform/04_scripts/o2-provision.py,910,0,Narrative comment block (decorative separator),# --- Ingestion phase (ING- prefix) ---
AS-123,G13,Comment policy (default WONTFIX),yes,won't-fix,ai-slop,ai-slop/narrative-comment,warning,style/policy,medium,yes,code/01_platform/04_scripts/o2-provision.py,1048,0,Narrative comment block (decorative separator),"# --- P8.3 SignalJob/Flink/collector rules (tracker 14, approved 2026-08-11) ---"
AS-124,G13,Comment policy (default WONTFIX),yes,won't-fix,ai-slop,ai-slop/narrative-comment,warning,style/policy,medium,yes,code/01_platform/04_scripts/o2-provision.py,1236,0,Narrative comment block (decorative separator),# --- 2026-08-22 single-pane: infra/JVM/host infra alerts (10-observability.md scale-up thresholds) ---
AS-125,G13,Comment policy (default WONTFIX),yes,won't-fix,ai-slop,ai-slop/narrative-comment,warning,style/policy,medium,yes,code/01_platform/04_scripts/r2_legal_hold_check.py,80,0,Narrative comment block (decorative separator),# ---------------------------------------------------------------------------
AS-126,G13,Comment policy (default WONTFIX),yes,won't-fix,ai-slop,ai-slop/narrative-comment,warning,style/policy,medium,yes,code/01_platform/04_scripts/r2_legal_hold_check.py,220,0,Narrative comment block (decorative separator),# ---------------------------------------------------------------------------
AS-127,G13,Comment policy (default WONTFIX),yes,won't-fix,ai-slop,ai-slop/narrative-comment,warning,style/policy,medium,yes,code/01_platform/04_scripts/r2_legal_hold_check.py,278,0,Narrative comment block (decorative separator),# ---------------------------------------------------------------------------
AS-128,G13,Comment policy (default WONTFIX),yes,won't-fix,ai-slop,ai-slop/narrative-comment,warning,style/policy,medium,yes,code/01_platform/04_scripts/r2_legal_hold_check.py,435,0,Narrative comment block (decorative separator),# ---------------------------------------------------------------------------
AS-129,G13,Comment policy (default WONTFIX),yes,won't-fix,ai-slop,ai-slop/narrative-comment,warning,style/policy,medium,yes,code/01_platform/04_scripts/stale_table_kind_scan.py,112,0,Narrative comment block (decorative separator),# ---------------------------------------------------------------------------
AS-130,G13,Comment policy (default WONTFIX),yes,won't-fix,ai-slop,ai-slop/narrative-comment,warning,style/policy,medium,yes,code/01_platform/04_scripts/stale_table_kind_scan.py,309,0,Narrative comment block (decorative separator),# ---------------------------------------------------------------------------
AS-131,G13,Comment policy (default WONTFIX),yes,won't-fix,ai-slop,ai-slop/narrative-comment,warning,style/policy,medium,yes,code/01_platform/04_scripts/stale_table_kind_scan.py,376,0,Narrative comment block (decorative separator),# ---------------------------------------------------------------------------
AS-132,G13,Comment policy (default WONTFIX),yes,won't-fix,ai-slop,ai-slop/narrative-comment,warning,style/policy,medium,yes,code/01_platform/04_scripts/t9_order_sandbox.py,161,0,Narrative comment block (decorative separator),# ---------------------------------------------------------------------------
AS-133,G13,Comment policy (default WONTFIX),yes,won't-fix,ai-slop,ai-slop/narrative-comment,warning,style/policy,medium,yes,code/01_platform/04_scripts/t9_order_sandbox.py,186,0,Narrative comment block (decorative separator),# ---------------------------------------------------------------------------
AS-134,G13,Comment policy (default WONTFIX),yes,won't-fix,ai-slop,ai-slop/narrative-comment,warning,style/policy,medium,yes,code/01_platform/04_scripts/t9_order_sandbox.py,340,0,Narrative comment block (decorative separator),# ---------------------------------------------------------------------------
AS-135,G13,Comment policy (default WONTFIX),yes,won't-fix,ai-slop,ai-slop/narrative-comment,warning,style/policy,medium,yes,code/01_platform/04_scripts/t9_order_sandbox.py,417,0,Narrative comment block (decorative separator),# ---------------------------------------------------------------------------
AS-136,G13,Comment policy (default WONTFIX),yes,won't-fix,ai-slop,ai-slop/narrative-comment,warning,style/policy,medium,yes,code/01_platform/04_scripts/t9_order_sandbox.py,580,0,Narrative comment block (decorative separator),# ---------------------------------------------------------------------------
AS-137,G13,Comment policy (default WONTFIX),yes,won't-fix,ai-slop,ai-slop/narrative-comment,warning,style/policy,medium,yes,code/01_platform/04_scripts/t9_order_sandbox.py,1091,0,Narrative comment block (decorative separator),# ---------------------------------------------------------------------------
AS-138,G13,Comment policy (default WONTFIX),yes,won't-fix,ai-slop,ai-slop/narrative-comment,warning,style/policy,medium,yes,code/02_services/01_ingestion/src/main/java/com/trading/ingestion/FlussClientAdapter.java,273,0,Narrative comment block (decorative separator),"// --- v4: full-mode field capture, DDL order (indexes 21-71), all ---"
AS-139,G13,Comment policy (default WONTFIX),yes,won't-fix,ai-slop,ai-slop/narrative-comment,warning,style/policy,medium,yes,code/02_services/01_ingestion/src/main/java/com/trading/ingestion/IngestionService.java,406,0,Narrative comment block (decorative separator),// ---- main entry point ----
AS-140,G13,Comment policy (default WONTFIX),yes,won't-fix,ai-slop,ai-slop/narrative-comment,warning,style/policy,medium,yes,code/02_services/01_ingestion/src/main/java/com/trading/ingestion/IngestionService.java,577,0,Narrative comment block (decorative separator),// ---- bridge subprocess loop ----
AS-141,G13,Comment policy (default WONTFIX),yes,won't-fix,ai-slop,ai-slop/narrative-comment,warning,style/policy,medium,yes,code/02_services/01_ingestion/src/main/java/com/trading/ingestion/IngestionService.java,603,0,Narrative comment block (JSDoc preamble with slop signal),/**
AS-142,G13,Comment policy (default WONTFIX),yes,won't-fix,ai-slop,ai-slop/narrative-comment,warning,style/policy,medium,yes,code/02_services/01_ingestion/src/main/java/com/trading/ingestion/IngestionService.java,1757,0,Narrative comment block (decorative separator),// ---- Slot-scoped safety propagation (plan Amendment §Slot-scoped safety) ----
AS-143,G13,Comment policy (default WONTFIX),yes,won't-fix,ai-slop,ai-slop/narrative-comment,warning,style/policy,medium,yes,code/02_services/01_ingestion/src/main/java/com/trading/ingestion/IngestionService.java,1760,0,Narrative comment block (decorative separator),// ---- Discontinuity evidence (plan §DiscontinuityWriter) ----
AS-144,G13,Comment policy (default WONTFIX),yes,won't-fix,ai-slop,ai-slop/narrative-comment,warning,style/policy,medium,yes,code/02_services/01_ingestion/src/main/java/com/trading/ingestion/IngestionService.java,2046,0,Narrative comment block (decorative separator),// ---- ING-FAIL-007: clock-jump monitoring ----
AS-145,G13,Comment policy (default WONTFIX),yes,won't-fix,ai-slop,ai-slop/narrative-comment,warning,style/policy,medium,yes,code/02_services/01_ingestion/src/main/java/com/trading/ingestion/IngestionService.java,2066,0,Narrative comment block (decorative separator),// ---- SIGNAL-warn-jvm-heap-high: sustained container-memory readiness gate ----
AS-146,G13,Comment policy (default WONTFIX),yes,won't-fix,ai-slop,ai-slop/narrative-comment,warning,style/policy,medium,yes,code/02_services/01_ingestion/src/main/java/com/trading/ingestion/IngestionService.java,2159,0,Narrative comment block (decorative separator),// ---- shutdown ----
AS-147,G13,Comment policy (default WONTFIX),yes,won't-fix,ai-slop,ai-slop/narrative-comment,warning,style/policy,medium,yes,code/02_services/01_ingestion/src/main/java/com/trading/ingestion/IngestionService.java,2321,0,Narrative comment block (decorative separator),// ---- health accessor ----
AS-148,G13,Comment policy (default WONTFIX),yes,won't-fix,ai-slop,ai-slop/narrative-comment,warning,style/policy,medium,yes,code/02_services/01_ingestion/src/main/java/com/trading/ingestion/IngestionService.java,2410,0,Narrative comment block (decorative separator),// ---- helpers ----
AS-149,G13,Comment policy (default WONTFIX),yes,won't-fix,ai-slop,ai-slop/narrative-comment,warning,style/policy,medium,yes,code/02_services/01_ingestion/src/main/java/com/trading/ingestion/TypedFlussRowConverter.java,74,0,Narrative comment block (decorative separator),"// --- v4 (indexes 21-71): all BIGINT NULL. Boxed Long so ""absent"" is"
AS-150,G13,Comment policy (default WONTFIX),yes,won't-fix,ai-slop,ai-slop/narrative-comment,warning,style/policy,medium,yes,code/02_services/01_ingestion/src/main/java/com/trading/ingestion/config/IngestionConfig.java,30,0,Narrative comment block (decorative separator),// ---- Constants (matching dossier) -- T2 tunable backpressure (G2 Ingest) ----
AS-151,G13,Comment policy (default WONTFIX),yes,won't-fix,ai-slop,ai-slop/narrative-comment,warning,style/policy,medium,yes,code/02_services/01_ingestion/src/main/java/com/trading/ingestion/config/IngestionConfig.java,41,0,Narrative comment block (decorative separator),// ---- Validated values (populated by validate()) ----
AS-152,G13,Comment policy (default WONTFIX),yes,won't-fix,ai-slop,ai-slop/narrative-comment,warning,style/policy,medium,yes,code/02_services/01_ingestion/src/main/java/com/trading/ingestion/config/IngestionConfig.java,101,0,Narrative comment block (decorative separator),// ---- HFT connection policy (plan §IngestionConfig — exact values) ----
AS-153,G13,Comment policy (default WONTFIX),yes,won't-fix,ai-slop,ai-slop/narrative-comment,warning,style/policy,medium,yes,code/02_services/01_ingestion/src/main/java/com/trading/ingestion/config/IngestionConfig.java,165,0,Narrative comment block (decorative separator),// ---- Validation ----
AS-154,G13,Comment policy (default WONTFIX),yes,won't-fix,ai-slop,ai-slop/narrative-comment,warning,style/policy,medium,yes,code/02_services/01_ingestion/src/main/java/com/trading/ingestion/config/IngestionConfig.java,197,0,Narrative comment block (decorative separator),// ---- Arrow auth (TOTP only — ARROW_TOKEN removed 2026-08-24) ----
AS-155,G13,Comment policy (default WONTFIX),yes,fixed,ai-slop,ai-slop/narrative-comment,warning,style/policy,medium,yes,code/02_services/01_ingestion/src/main/java/com/trading/ingestion/config/IngestionConfig.java,216,0,Narrative comment block (decorative separator),// ---- Arrow feed (HFT only — the Standard feed was removed 2026-08-14) ----
AS-156,G13,Comment policy (default WONTFIX),yes,won't-fix,ai-slop,ai-slop/narrative-comment,warning,style/policy,medium,yes,code/02_services/01_ingestion/src/main/java/com/trading/ingestion/config/IngestionConfig.java,220,0,Narrative comment block (decorative separator),// ---- Fluss ----
AS-157,G13,Comment policy (default WONTFIX),yes,won't-fix,ai-slop,ai-slop/narrative-comment,warning,style/policy,medium,yes,code/02_services/01_ingestion/src/main/java/com/trading/ingestion/config/IngestionConfig.java,263,0,Narrative comment block (decorative separator),// ---- Backpressure -- T2 tunable (G2 Ingest) ----
AS-158,G13,Comment policy (default WONTFIX),yes,won't-fix,ai-slop,ai-slop/narrative-comment,warning,style/policy,medium,yes,code/02_services/01_ingestion/src/main/java/com/trading/ingestion/config/IngestionConfig.java,279,0,Narrative comment block (decorative separator),// ---- Timing ----
AS-159,G13,Comment policy (default WONTFIX),yes,won't-fix,ai-slop,ai-slop/narrative-comment,warning,style/policy,medium,yes,code/02_services/01_ingestion/src/main/java/com/trading/ingestion/config/IngestionConfig.java,305,0,Narrative comment block (decorative separator),// ---- HFT connection policy (plan §IngestionConfig — exact values) ----
AS-160,G13,Comment policy (default WONTFIX),yes,won't-fix,ai-slop,ai-slop/narrative-comment,warning,style/policy,medium,yes,code/02_services/01_ingestion/src/main/java/com/trading/ingestion/config/IngestionConfig.java,346,0,Narrative comment block (decorative separator),// ---- Fingerprint & SDK version ----
AS-161,G13,Comment policy (default WONTFIX),yes,won't-fix,ai-slop,ai-slop/narrative-comment,warning,style/policy,medium,yes,code/02_services/01_ingestion/src/main/java/com/trading/ingestion/config/IngestionConfig.java,352,0,Narrative comment block (decorative separator),// ---- DDL & clock strictness ----
AS-162,G13,Comment policy (default WONTFIX),yes,won't-fix,ai-slop,ai-slop/narrative-comment,warning,style/policy,medium,yes,code/02_services/01_ingestion/src/main/java/com/trading/ingestion/config/IngestionConfig.java,357,0,Narrative comment block (decorative separator),// ---- Standard derived values ----
AS-163,G13,Comment policy (default WONTFIX),yes,won't-fix,ai-slop,ai-slop/narrative-comment,warning,style/policy,medium,yes,code/02_services/01_ingestion/src/main/java/com/trading/ingestion/config/IngestionConfig.java,362,0,Narrative comment block (decorative separator),// ---- Fail if any errors ----
AS-164,G13,Comment policy (default WONTFIX),yes,won't-fix,ai-slop,ai-slop/narrative-comment,warning,style/policy,medium,yes,code/02_services/01_ingestion/src/main/java/com/trading/ingestion/config/IngestionConfig.java,424,0,Narrative comment block (decorative separator),// ---- env helpers ----
AS-165,G13,Comment policy (default WONTFIX),yes,won't-fix,ai-slop,ai-slop/narrative-comment,warning,style/policy,medium,yes,code/02_services/01_ingestion/src/main/java/com/trading/ingestion/config/IngestionConfig.java,596,0,Narrative comment block (decorative separator),// ---- T2 alias helpers — primary + PENDING_MAX_* alias ----
AS-166,G13,Comment policy (default WONTFIX),yes,won't-fix,ai-slop,ai-slop/narrative-comment,warning,style/policy,medium,yes,code/02_services/01_ingestion/src/main/java/com/trading/ingestion/config/IngestionConfig.java,689,0,Narrative comment block (decorative separator),// ---- Builder ----
AS-167,G13,Comment policy (default WONTFIX),yes,won't-fix,ai-slop,ai-slop/narrative-comment,warning,style/policy,medium,yes,code/02_services/01_ingestion/src/main/java/com/trading/ingestion/discontinuity/SequenceGapMonitor.java,7,0,Narrative comment block (JSDoc preamble with slop signal),/**
AS-168,G13,Comment policy (default WONTFIX),yes,won't-fix,ai-slop,ai-slop/narrative-comment,warning,style/policy,medium,yes,code/02_services/01_ingestion/src/main/java/com/trading/ingestion/fingerprint/FingerprintBuilder.java,115,0,Narrative comment block (decorative separator),// ---- internal helpers ----
AS-169,G13,Comment policy (default WONTFIX),yes,won't-fix,ai-slop,ai-slop/narrative-comment,warning,style/policy,medium,yes,code/02_services/01_ingestion/src/main/java/com/trading/ingestion/health/HealthProbe.java,75,0,Narrative comment block (decorative separator),// ---- liveness ----
AS-170,G13,Comment policy (default WONTFIX),yes,won't-fix,ai-slop,ai-slop/narrative-comment,warning,style/policy,medium,yes,code/02_services/01_ingestion/src/main/java/com/trading/ingestion/health/HealthProbe.java,79,0,Narrative comment block (cross-reference commentary),/** Called from a shutdown hook — marks the process as not-alive. */
AS-171,G13,Comment policy (default WONTFIX),yes,won't-fix,ai-slop,ai-slop/narrative-comment,warning,style/policy,medium,yes,code/02_services/01_ingestion/src/main/java/com/trading/ingestion/health/HealthProbe.java,82,0,Narrative comment block (decorative separator),// ---- readiness setters (called by IngestionService) ----
AS-172,G13,Comment policy (default WONTFIX),yes,won't-fix,ai-slop,ai-slop/narrative-comment,warning,style/policy,medium,yes,code/02_services/01_ingestion/src/main/java/com/trading/ingestion/health/HealthProbe.java,247,0,Narrative comment block (decorative separator),// ---- readiness ----
AS-173,G13,Comment policy (default WONTFIX),yes,won't-fix,ai-slop,ai-slop/narrative-comment,warning,style/policy,medium,yes,code/02_services/01_ingestion/src/main/java/com/trading/ingestion/health/HealthProbe.java,276,0,Narrative comment block (decorative separator),// ---- diagnostics ----
AS-174,G13,Comment policy (default WONTFIX),yes,won't-fix,ai-slop,ai-slop/narrative-comment,warning,style/policy,medium,yes,code/02_services/01_ingestion/src/main/java/com/trading/ingestion/health/NtpClockChecker.java,178,0,Narrative comment block (decorative separator),// ---- NTP query (RFC 5905 SNTP client) ----
AS-175,G13,Comment policy (default WONTFIX),yes,won't-fix,ai-slop,ai-slop/narrative-comment,warning,style/policy,medium,yes,code/02_services/01_ingestion/src/main/java/com/trading/ingestion/health/NtpClockChecker.java,288,0,Narrative comment block (decorative separator),// ---- Exception ----
AS-176,G13,Comment policy (default WONTFIX),yes,won't-fix,ai-slop,ai-slop/narrative-comment,warning,style/policy,medium,yes,code/02_services/01_ingestion/src/main/java/com/trading/ingestion/model/TickPacket.java,12,0,Narrative comment block (decorative separator),// --- provenance ---
AS-177,G13,Comment policy (default WONTFIX),yes,won't-fix,ai-slop,ai-slop/narrative-comment,warning,style/policy,medium,yes,code/02_services/01_ingestion/src/main/java/com/trading/ingestion/model/TickPacket.java,17,0,Narrative comment block (decorative separator),// --- routing ---
AS-178,G13,Comment policy (default WONTFIX),yes,won't-fix,ai-slop,ai-slop/narrative-comment,warning,style/policy,medium,yes,code/02_services/01_ingestion/src/main/java/com/trading/ingestion/model/TickPacket.java,22,0,Narrative comment block (decorative separator),// --- event time ---
AS-179,G13,Comment policy (default WONTFIX),yes,won't-fix,ai-slop,ai-slop/narrative-comment,warning,style/policy,medium,yes,code/02_services/01_ingestion/src/main/java/com/trading/ingestion/model/TickPacket.java,27,0,Narrative comment block (decorative separator),// --- trade data (verified/normalized; prices in paise) ---
AS-180,G13,Comment policy (default WONTFIX),yes,won't-fix,ai-slop,ai-slop/narrative-comment,warning,style/policy,medium,yes,code/02_services/01_ingestion/src/main/java/com/trading/ingestion/model/TickPacket.java,39,0,Narrative comment block (decorative separator),// --- v4 full-mode fields (raw_table_1 indexes 21-71) ---
AS-181,G13,Comment policy (default WONTFIX),yes,won't-fix,ai-slop,ai-slop/narrative-comment,warning,style/policy,medium,yes,code/02_services/01_ingestion/src/main/java/com/trading/ingestion/model/TickPacket.java,76,0,Narrative comment block (decorative separator),// --- fingerprint ---
AS-182,G13,Comment policy (default WONTFIX),yes,won't-fix,ai-slop,ai-slop/narrative-comment,warning,style/policy,medium,yes,code/02_services/01_ingestion/src/main/java/com/trading/ingestion/model/TickPacket.java,80,0,Narrative comment block (decorative separator),// --- connection identity ---
AS-183,G13,Comment policy (default WONTFIX),yes,won't-fix,ai-slop,ai-slop/narrative-comment,warning,style/policy,medium,yes,code/02_services/01_ingestion/src/main/java/com/trading/ingestion/model/TickPacket.java,85,0,Narrative comment block (decorative separator),// --- schema ---
AS-184,G13,Comment policy (default WONTFIX),yes,won't-fix,ai-slop,ai-slop/narrative-comment,warning,style/policy,medium,yes,code/02_services/01_ingestion/src/main/java/com/trading/ingestion/model/TickPacket.java,248,0,Narrative comment block (decorative separator),// --- accessors ---
AS-185,G13,Comment policy (default WONTFIX),yes,won't-fix,ai-slop,ai-slop/narrative-comment,warning,style/policy,medium,yes,code/02_services/01_ingestion/src/main/java/com/trading/ingestion/telemetry/OtlpMetricsEmitter.java,103,0,Narrative comment block (decorative separator),// ---- Counters ----
AS-186,G13,Comment policy (default WONTFIX),yes,won't-fix,ai-slop,ai-slop/narrative-comment,warning,style/policy,medium,yes,code/02_services/01_ingestion/src/main/java/com/trading/ingestion/telemetry/OtlpMetricsEmitter.java,118,0,Narrative comment block (decorative separator),// ---- Histogram (approximate via linear buckets) ----
AS-187,G13,Comment policy (default WONTFIX),yes,won't-fix,ai-slop,ai-slop/narrative-comment,warning,style/policy,medium,yes,code/02_services/01_ingestion/src/main/java/com/trading/ingestion/telemetry/OtlpMetricsEmitter.java,156,0,Narrative comment block (decorative separator),// ---- Gauges ----
AS-188,G13,Comment policy (default WONTFIX),yes,won't-fix,ai-slop,ai-slop/narrative-comment,warning,style/policy,medium,yes,code/02_services/01_ingestion/src/main/java/com/trading/ingestion/telemetry/OtlpMetricsEmitter.java,165,0,Narrative comment block (decorative separator),// ---- Reason counters ----
AS-189,G13,Comment policy (default WONTFIX),yes,won't-fix,ai-slop,ai-slop/narrative-comment,warning,style/policy,medium,yes,code/02_services/01_ingestion/src/main/java/com/trading/ingestion/telemetry/OtlpMetricsEmitter.java,168,0,Narrative comment block (decorative separator),// ---- Slot metrics (plan §Monitoring — labeled by slot only) ----
AS-190,G13,Comment policy (default WONTFIX),yes,won't-fix,ai-slop,ai-slop/narrative-comment,warning,style/policy,medium,yes,code/02_services/01_ingestion/src/main/java/com/trading/ingestion/telemetry/OtlpMetricsEmitter.java,188,0,Narrative comment block (decorative separator),// ---- Resource metrics (plan Amendment §Resource) ----
AS-191,G13,Comment policy (default WONTFIX),yes,won't-fix,ai-slop,ai-slop/narrative-comment,warning,style/policy,medium,yes,code/02_services/01_ingestion/src/main/java/com/trading/ingestion/telemetry/OtlpMetricsEmitter.java,290,0,Narrative comment block (decorative separator),// ---- Recording API ----
AS-192,G13,Comment policy (default WONTFIX),yes,won't-fix,ai-slop,ai-slop/narrative-comment,warning,style/policy,medium,yes,code/02_services/01_ingestion/src/main/java/com/trading/ingestion/telemetry/OtlpMetricsEmitter.java,369,0,Narrative comment block (decorative separator),// ---- Slot + resource recording (plan §Monitoring / Amendment §Resource) ----
AS-193,G13,Comment policy (default WONTFIX),yes,won't-fix,ai-slop,ai-slop/narrative-comment,warning,style/policy,medium,yes,code/02_services/01_ingestion/src/main/java/com/trading/ingestion/telemetry/OtlpMetricsEmitter.java,437,0,Narrative comment block (decorative separator),// ---- package-private test accessors ----
AS-194,G13,Comment policy (default WONTFIX),yes,won't-fix,ai-slop,ai-slop/narrative-comment,warning,style/policy,medium,yes,code/02_services/01_ingestion/src/main/java/com/trading/ingestion/telemetry/OtlpMetricsEmitter.java,443,0,Narrative comment block (decorative separator),// ---- Flush ----
AS-195,G13,Comment policy (default WONTFIX),yes,won't-fix,ai-slop,ai-slop/narrative-comment,warning,style/policy,medium,yes,code/02_services/01_ingestion/src/main/java/com/trading/ingestion/telemetry/OtlpMetricsEmitter.java,514,0,Narrative comment block (decorative separator),// ---- JSON builder (minimal OTLP metrics format) ----
AS-196,G13,Comment policy (default WONTFIX),yes,won't-fix,ai-slop,ai-slop/narrative-comment,warning,style/policy,medium,yes,code/02_services/01_ingestion/src/main/java/com/trading/ingestion/telemetry/OtlpMetricsEmitter.java,571,0,Narrative comment block (decorative separator),// ---- Slot gauges (labeled by slot only) ----
AS-197,G13,Comment policy (default WONTFIX),yes,won't-fix,ai-slop,ai-slop/narrative-comment,warning,style/policy,medium,yes,code/02_services/01_ingestion/src/main/java/com/trading/ingestion/telemetry/OtlpMetricsEmitter.java,596,0,Narrative comment block (decorative separator),// ---- Resource + capacity gauges (Amendment §Resource) ----
AS-198,G13,Comment policy (default WONTFIX),yes,won't-fix,ai-slop,ai-slop/narrative-comment,warning,style/policy,medium,yes,code/02_services/01_ingestion/src/main/java/com/trading/ingestion/write/AppendTracker.java,69,0,Narrative comment block (decorative separator),// ---- listener ----
AS-199,G13,Comment policy (default WONTFIX),yes,won't-fix,ai-slop,ai-slop/narrative-comment,warning,style/policy,medium,yes,code/02_services/01_ingestion/src/main/java/com/trading/ingestion/write/AppendTracker.java,83,0,Narrative comment block (decorative separator),// ---- accept gate ----
AS-200,G13,Comment policy (default WONTFIX),yes,won't-fix,ai-slop,ai-slop/narrative-comment,warning,style/policy,medium,yes,code/02_services/01_ingestion/src/main/java/com/trading/ingestion/write/AppendTracker.java,163,0,Narrative comment block (decorative separator),// ---- P1-262: fire outside the accept-gate lock ----
AS-201,G13,Comment policy (default WONTFIX),yes,won't-fix,ai-slop,ai-slop/narrative-comment,warning,style/policy,medium,yes,code/02_services/01_ingestion/src/main/java/com/trading/ingestion/write/AppendTracker.java,220,0,Narrative comment block (decorative separator),// ---- health ----
AS-202,G13,Comment policy (default WONTFIX),yes,won't-fix,ai-slop,ai-slop/narrative-comment,warning,style/policy,medium,yes,code/02_services/01_ingestion/src/main/java/com/trading/ingestion/write/RawTickWriter.java,237,0,Narrative comment block (decorative separator),// ---- Success ----
AS-203,G13,Comment policy (default WONTFIX),yes,won't-fix,ai-slop,ai-slop/narrative-comment,warning,style/policy,medium,yes,code/02_services/01_ingestion/src/main/java/com/trading/ingestion/write/RawTickWriter.java,522,0,Narrative comment block (decorative separator),// ---- outcome type ----
AS-204,G13,Comment policy (default WONTFIX),yes,won't-fix,ai-slop,ai-slop/narrative-comment,warning,style/policy,medium,yes,code/02_services/02_compute/src/main/java/com/trading/compute/signaljob/CandleAccumulator.java,51,0,Narrative comment block (cross-reference commentary),/**
AS-205,G13,Comment policy (default WONTFIX),yes,won't-fix,ai-slop,ai-slop/narrative-comment,warning,style/policy,medium,yes,code/02_services/02_compute/src/main/java/com/trading/compute/signaljob/CandleFetcher.java,26,0,Narrative comment block (cross-reference commentary),/** Closes the underlying client. Called from operator close (mailbox thread). */
AS-206,G13,Comment policy (default WONTFIX),yes,won't-fix,ai-slop,ai-slop/narrative-comment,warning,style/policy,medium,yes,code/02_services/02_compute/src/main/java/com/trading/compute/signaljob/N7RangeBreakoutStrategy.java,15,0,Narrative comment block (JSDoc preamble with slop signal),/**
AS-207,G13,Comment policy (default WONTFIX),yes,won't-fix,ai-slop,ai-slop/narrative-comment,warning,style/policy,medium,yes,code/02_services/02_compute/src/main/java/com/trading/compute/signaljob/RawTableColumns.java,48,0,Narrative comment block (decorative separator),"// --- v4: full-mode field capture (indexes 21-71, all BIGINT NULL) ---"
AS-208,G13,Comment policy (default WONTFIX),yes,won't-fix,ai-slop,ai-slop/narrative-comment,warning,style/policy,medium,yes,code/02_services/02_compute/src/main/java/com/trading/compute/signaljob/SourceIdleWatchdogGenerator.java,145,0,Narrative comment block (cross-reference commentary),/**
AS-209,G13,Comment policy (default WONTFIX),yes,won't-fix,ai-slop,ai-slop/narrative-comment,warning,style/policy,medium,yes,code/02_services/04_executor/src/bridge/transport.rs,39,0,Narrative comment block (decorative separator),"// --- RFC 6455 opcodes (subset we speak: text, ping, pong, close). ---"
AS-210,G13,Comment policy (default WONTFIX),yes,won't-fix,ai-slop,ai-slop/narrative-comment,warning,style/policy,medium,yes,code/02_services/04_executor/src/bridge/transport.rs,289,0,Narrative comment block (decorative separator),// --- WebSocket report intake (minimal RFC 6455 client) ------------------------
AS-211,G13,Comment policy (default WONTFIX),yes,won't-fix,ai-slop,ai-slop/narrative-comment,warning,style/policy,medium,yes,code/02_services/04_executor/src/engine.rs,847,0,Narrative comment block (decorative separator),"// ---------- P3-439: the boot gate is observed from the client, not a constant ----------"
AS-212,G13,Comment policy (default WONTFIX),yes,won't-fix,ai-slop,ai-slop/narrative-comment,warning,style/policy,medium,yes,code/02_services/04_executor/src/engine.rs,892,0,Narrative comment block (decorative separator),// ---------- P3-194 / P3-440: reconcile transport failures and the mass snapshot ----------
AS-213,G13,Comment policy (default WONTFIX),yes,won't-fix,ai-slop,ai-slop/narrative-comment,warning,style/policy,medium,yes,code/02_services/04_executor/src/executiongate.rs,1096,0,Narrative comment block (decorative separator),// --------------------------------------------------------------------------
AS-214,G13,Comment policy (default WONTFIX),yes,won't-fix,ai-slop,ai-slop/narrative-comment,warning,style/policy,medium,yes,code/02_services/04_executor/src/executiongate.rs,1203,0,Narrative comment block (decorative separator),// --------------------------------------------------------------------------
AS-215,G13,Comment policy (default WONTFIX),yes,won't-fix,ai-slop,ai-slop/narrative-comment,warning,style/policy,medium,yes,code/02_services/04_executor/src/executiongate.rs,1297,0,Narrative comment block (decorative separator),// --------------------------------------------------------------------------
AS-216,G13,Comment policy (default WONTFIX),yes,won't-fix,ai-slop,ai-slop/narrative-comment,warning,style/policy,medium,yes,code/02_services/04_executor/src/executiongate.rs,1336,0,Narrative comment block (decorative separator),// --------------------------------------------------------------------------
AS-217,G13,Comment policy (default WONTFIX),yes,won't-fix,ai-slop,ai-slop/narrative-comment,warning,style/policy,medium,yes,code/02_services/04_executor/src/executiongate.rs,1394,0,Narrative comment block (decorative separator),// --------------------------------------------------------------------------
AS-218,G13,Comment policy (default WONTFIX),yes,won't-fix,ai-slop,ai-slop/narrative-comment,warning,style/policy,medium,yes,code/02_services/04_executor/src/executiongate.rs,1430,0,Narrative comment block (decorative separator),// --------------------------------------------------------------------------
AS-219,G13,Comment policy (default WONTFIX),yes,won't-fix,ai-slop,ai-slop/narrative-comment,warning,style/policy,medium,yes,code/02_services/04_executor/src/executiongate.rs,1466,0,Narrative comment block (decorative separator),// --------------------------------------------------------------------------
AS-220,G13,Comment policy (default WONTFIX),yes,won't-fix,ai-slop,ai-slop/narrative-comment,warning,style/policy,medium,yes,code/02_services/04_executor/src/executiongate.rs,1503,0,Narrative comment block (decorative separator),// --------------------------------------------------------------------------
AS-221,G13,Comment policy (default WONTFIX),yes,won't-fix,ai-slop,ai-slop/narrative-comment,warning,style/policy,medium,yes,code/02_services/04_executor/src/executiongate.rs,1540,0,Narrative comment block (decorative separator),// --------------------------------------------------------------------------
AS-222,G13,Comment policy (default WONTFIX),yes,won't-fix,ai-slop,ai-slop/narrative-comment,warning,style/policy,medium,yes,code/02_services/04_executor/src/gateway_protocol.rs,571,0,Narrative comment block (decorative separator),// -------------------------------------------------------------------------
AS-223,G13,Comment policy (default WONTFIX),yes,won't-fix,ai-slop,ai-slop/narrative-comment,warning,style/policy,medium,yes,code/02_services/04_executor/src/http.rs,2215,0,Narrative comment block (decorative separator),// ---- DEC-044 approval / safety-halt surface (A2.2/T9) ----
AS-224,G13,Comment policy (default WONTFIX),yes,won't-fix,ai-slop,ai-slop/narrative-comment,warning,style/policy,medium,yes,code/02_services/04_executor/src/projection/mod.rs,1134,0,Narrative comment block (decorative separator),// --------------------------------------------------------------------------
AS-225,G13,Comment policy (default WONTFIX),yes,won't-fix,ai-slop,ai-slop/narrative-comment,warning,style/policy,medium,yes,code/02_services/04_executor/src/projection/mod.rs,1330,0,Narrative comment block (decorative separator),// --------------------------------------------------------------------------
AS-226,G13,Comment policy (default WONTFIX),yes,won't-fix,ai-slop,ai-slop/narrative-comment,warning,style/policy,medium,yes,code/02_services/04_executor/src/projection/mod.rs,1377,0,Narrative comment block (decorative separator),// --------------------------------------------------------------------------
AS-227,G13,Comment policy (default WONTFIX),yes,won't-fix,ai-slop,ai-slop/narrative-comment,warning,style/policy,medium,yes,code/02_services/04_executor/src/projection/mod.rs,1393,0,Narrative comment block (decorative separator),// --------------------------------------------------------------------------
AS-228,G13,Comment policy (default WONTFIX),yes,won't-fix,ai-slop,ai-slop/narrative-comment,warning,style/policy,medium,yes,code/02_services/04_executor/src/projection/mod.rs,1436,0,Narrative comment block (decorative separator),// --------------------------------------------------------------------------
AS-229,G13,Comment policy (default WONTFIX),yes,won't-fix,ai-slop,ai-slop/narrative-comment,warning,style/policy,medium,yes,code/02_services/04_executor/src/projection/mod.rs,1471,0,Narrative comment block (decorative separator),// --------------------------------------------------------------------------
AS-230,G13,Comment policy (default WONTFIX),yes,won't-fix,ai-slop,ai-slop/narrative-comment,warning,style/policy,medium,yes,code/02_services/04_executor/src/projection/mod.rs,1510,0,Narrative comment block (decorative separator),"// --- P3-166: re-entry mints a new cycle, but ONLY for a genuinely newer event ---"
AS-231,G13,Comment policy (default WONTFIX),yes,won't-fix,ai-slop,ai-slop/narrative-comment,warning,style/policy,medium,yes,code/02_services/04_executor/src/projection/mod.rs,1573,0,Narrative comment block (decorative separator),"// --- P3-390 / P3-392 / P3-394: numeric boundaries, Java-parity ---"
AS-232,G13,Comment policy (default WONTFIX),yes,won't-fix,ai-slop,ai-slop/narrative-comment,warning,style/policy,medium,yes,code/02_services/04_executor/src/projection/mod.rs,1575,0,Narrative comment block (decorative separator),// --- P3-213: accumulation overflow fails closed (the Rust mirror of P3-394) ---
AS-233,G13,Comment policy (default WONTFIX),yes,won't-fix,ai-slop,ai-slop/narrative-comment,warning,style/policy,medium,yes,code/02_services/04_executor/src/resilience.rs,396,0,Narrative comment block (decorative separator),// --- RESILIENCE-002: exponential backoff correctness ---
AS-234,G13,Comment policy (default WONTFIX),yes,won't-fix,ai-slop,ai-slop/narrative-comment,warning,style/policy,medium,yes,code/02_services/04_executor/src/resilience.rs,408,0,Narrative comment block (decorative separator),// --- RESILIENCE-003: retry budget exhaustion ---
AS-235,G13,Comment policy (default WONTFIX),yes,won't-fix,ai-slop,ai-slop/narrative-comment,warning,style/policy,medium,yes,code/02_services/04_executor/src/resilience.rs,420,0,Narrative comment block (decorative separator),// --- RESILIENCE-004: circuit breaker opens after threshold ---
AS-236,G13,Comment policy (default WONTFIX),yes,won't-fix,ai-slop,ai-slop/narrative-comment,warning,style/policy,medium,yes,code/02_services/04_executor/src/resilience.rs,433,0,Narrative comment block (decorative separator),// --- RESILIENCE-005: recovery after dependency returns (half-open probe closes) ---
AS-237,G13,Comment policy (default WONTFIX),yes,won't-fix,ai-slop,ai-slop/narrative-comment,warning,style/policy,medium,yes,code/02_services/04_executor/src/resilience.rs,456,0,Narrative comment block (decorative separator),// --- RESILIENCE-007: duplicate retry prevention (never re-invoke a done key) ---
AS-238,G13,Comment policy (default WONTFIX),yes,won't-fix,ai-slop,ai-slop/narrative-comment,warning,style/policy,medium,yes,code/02_services/04_executor/src/resilience.rs,486,0,Narrative comment block (decorative separator),// --- RESILIENCE-003 (orchestrator): transient failures retried until success ---
AS-239,G13,Comment policy (default WONTFIX),yes,won't-fix,ai-slop,ai-slop/narrative-comment,warning,style/policy,medium,yes,code/02_services/04_executor/src/resilience.rs,512,0,Narrative comment block (decorative separator),"// --- RESILIENCE-001/003: storm containment — bounded attempts, then exhausted ---"
AS-240,G13,Comment policy (default WONTFIX),yes,won't-fix,ai-slop,ai-slop/narrative-comment,warning,style/policy,medium,yes,code/02_services/04_executor/src/resilience.rs,535,0,Narrative comment block (decorative separator),// --- RESILIENCE-004 (orchestrator): breaker short-circuits further calls ---
AS-241,G13,Comment policy (default WONTFIX),yes,won't-fix,ai-slop,ai-slop/narrative-comment,warning,style/policy,medium,yes,code/02_services/04_executor/src/resilience.rs,564,0,Narrative comment block (decorative separator),"// --- async live-path retry: transient err -> retry until success, bounded ---"
AS-242,G13,Comment policy (default WONTFIX),yes,won't-fix,ai-slop,ai-slop/narrative-comment,warning,style/policy,medium,yes,code/02_services/04_executor/src/resilience.rs,598,0,Narrative comment block (decorative separator),"// --- async live-path retry: budget exhaustion surfaces, never retries forever ---"
AS-243,G13,Comment policy (default WONTFIX),yes,won't-fix,ai-slop,ai-slop/narrative-comment,warning,style/policy,medium,yes,code/02_services/04_executor/src/resilience.rs,619,0,Narrative comment block (decorative separator),"// --- P3-022: the budget bounds one call, not the orchestrator's lifetime ---"
AS-244,G13,Comment policy (default WONTFIX),yes,won't-fix,ai-slop,ai-slop/narrative-comment,warning,style/policy,medium,yes,code/02_services/04_executor/src/resilience.rs,644,0,Narrative comment block (decorative separator),// --- P3-022: a breaker short-circuit must not consume budget ---
AS-245,G13,Comment policy (default WONTFIX),yes,won't-fix,ai-slop,ai-slop/narrative-comment,warning,style/policy,medium,yes,code/02_services/04_executor/src/resilience.rs,663,0,Narrative comment block (decorative separator),// --- P3-023: the backoff delay is actually applied between attempts ---
AS-246,G13,Comment policy (default WONTFIX),yes,won't-fix,ai-slop,ai-slop/narrative-comment,warning,style/policy,medium,yes,code/02_services/04_executor/src/resilience.rs,689,0,Narrative comment block (decorative separator),// --- P3-023: ...on the LIVE async bridge path too ---
AS-247,G13,Comment policy (default WONTFIX),yes,won't-fix,ai-slop,ai-slop/narrative-comment,warning,style/policy,medium,yes,code/02_services/05_mock_arrow/src/main/java/com/trading/mockarrow/MockArrowServer.java,378,0,Narrative comment block (decorative separator),// --- Main entry point ---
AS-248,G13,Comment policy (default WONTFIX),yes,won't-fix,ai-slop,ai-slop/narrative-comment,warning,style/policy,medium,yes,code/02_services/05_mock_arrow/src/main/java/com/trading/mockarrow/SyntheticWorkload.java,9,0,Narrative comment block (cross-reference commentary),"/** Deterministic, per-instrument variable-arrival workload used by benchmarks. */"
AS-249,G13,Comment policy (default WONTFIX),yes,won't-fix,ai-slop,ai-slop/narrative-comment,warning,style/policy,medium,yes,code/02_services/06_execution_gateway/src/main/java/com/trading/execution/gateway/CorrelationResolver.java,52,0,Narrative comment block (decorative separator),// --- 1) Direct key checks (attemptId as key) ---
AS-250,G13,Comment policy (default WONTFIX),yes,won't-fix,ai-slop,ai-slop/narrative-comment,warning,style/policy,medium,yes,code/02_services/06_execution_gateway/src/main/java/com/trading/execution/gateway/CorrelationResolver.java,90,0,Narrative comment block (decorative separator),// --- 2) Direct key checks (brokerOrderId as key -> attemptId) ---
AS-251,G13,Comment policy (default WONTFIX),yes,won't-fix,ai-slop,ai-slop/narrative-comment,warning,style/policy,medium,yes,code/02_services/06_execution_gateway/src/main/java/com/trading/execution/gateway/CorrelationResolver.java,105,0,Narrative comment block (decorative separator),// --- 3) Direct key checks (clientRef as key -> attemptId) ---
AS-252,G13,Comment policy (default WONTFIX),yes,won't-fix,ai-slop,ai-slop/narrative-comment,warning,style/policy,medium,yes,code/02_services/06_execution_gateway/src/main/java/com/trading/execution/gateway/CorrelationResolver.java,123,0,Narrative comment block (decorative separator),// --- 4) Value scans: brokerOrderId as value (attempt -> broker) ---
AS-253,G13,Comment policy (default WONTFIX),yes,won't-fix,ai-slop,ai-slop/narrative-comment,warning,style/policy,medium,yes,code/02_services/06_execution_gateway/src/main/java/com/trading/execution/gateway/CorrelationResolver.java,138,0,Narrative comment block (decorative separator),// --- 5) Value scans: attemptId as value (broker -> attempt) ---
AS-254,G13,Comment policy (default WONTFIX),yes,won't-fix,ai-slop,ai-slop/narrative-comment,warning,style/policy,medium,yes,code/02_services/06_execution_gateway/src/main/java/com/trading/execution/gateway/CorrelationResolver.java,152,0,Narrative comment block (decorative separator),// --- 6) Value scans: clientRef as value ---
AS-255,G13,Comment policy (default WONTFIX),yes,won't-fix,ai-slop,ai-slop/narrative-comment,warning,style/policy,medium,yes,code/02_services/06_execution_gateway/src/main/java/com/trading/execution/gateway/SafetyHaltTailProcessor.java,10,0,Narrative comment block (JSDoc preamble with slop signal),/**
AS-256,G13,Comment policy (default WONTFIX),yes,won't-fix,ai-slop,ai-slop/narrative-comment,warning,style/policy,medium,yes,code/common/src/main/java/com/trading/common/config/ContainerMemoryGuard.java,45,0,Narrative comment block (decorative separator),"// ---- env-tunable percentages (P3, 2026-08-29) ----"
AS-257,G13,Comment policy (default WONTFIX),yes,won't-fix,ai-slop,ai-slop/narrative-comment,warning,style/policy,medium,yes,code/common/src/main/java/com/trading/common/config/PlatformConfig.java,26,0,Narrative comment block (decorative separator),// ---- ingestion / workload profile ----
AS-258,G13,Comment policy (default WONTFIX),yes,won't-fix,ai-slop,ai-slop/narrative-comment,warning,style/policy,medium,yes,code/common/src/main/java/com/trading/common/config/PlatformConfig.java,40,0,Narrative comment block (decorative separator),// ---- raw_table_1 schema contract ----
AS-259,G13,Comment policy (default WONTFIX),yes,won't-fix,ai-slop,ai-slop/narrative-comment,warning,style/policy,medium,yes,code/common/src/main/java/com/trading/common/config/PlatformConfig.java,54,0,Narrative comment block (decorative separator),// ---- dedup / candles (reject-startup values) ----
AS-260,G13,Comment policy (default WONTFIX),yes,won't-fix,ai-slop,ai-slop/narrative-comment,warning,style/policy,medium,yes,code/common/src/main/java/com/trading/common/config/PlatformConfig.java,68,0,Narrative comment block (decorative separator),// ---- checkpointing ----
AS-261,G13,Comment policy (default WONTFIX),yes,won't-fix,ai-slop,ai-slop/narrative-comment,warning,style/policy,medium,yes,code/common/src/main/java/com/trading/common/config/PlatformConfig.java,73,0,Narrative comment block (decorative separator),// ---- fixed-delay restart strategy (CHECKPOINT_RESTART_STRATEGY) ----
AS-262,G13,Comment policy (default WONTFIX),yes,won't-fix,ai-slop,ai-slop/narrative-comment,warning,style/policy,medium,yes,code/common/src/main/java/com/trading/common/config/PlatformConfig.java,87,0,Narrative comment block (decorative separator),"// ---- sink write-path (tracker 14 box 682/116, 2026-08-12; CHG-023 item 4, 2026-08-17) ----"
AS-263,G13,Comment policy (default WONTFIX),yes,won't-fix,ai-slop,ai-slop/narrative-comment,warning,style/policy,medium,yes,code/common/src/main/java/com/trading/common/config/PlatformConfig.java,113,0,Narrative comment block (decorative separator),// ---- JVM / container memory ----
AS-264,G13,Comment policy (default WONTFIX),yes,won't-fix,ai-slop,ai-slop/narrative-comment,warning,style/policy,medium,yes,code/common/src/main/java/com/trading/common/model/AttemptPhase.java,45,0,Narrative comment block (JSDoc preamble with slop signal),/**
AS-265,G13,Comment policy (default WONTFIX),yes,won't-fix,ai-slop,ai-slop/narrative-comment,warning,style/policy,medium,yes,code/common/src/main/java/com/trading/common/model/GateTransitionValidator.java,233,0,Narrative comment block (decorative separator),// ---- result types ----
AS-266,G13,Comment policy (default WONTFIX),yes,won't-fix,ai-slop,ai-slop/narrative-comment,warning,style/policy,medium,yes,code/common/src/main/java/com/trading/common/observability/Json.java,44,0,Narrative comment block (decorative separator),// ---- object members: every member carries a key ----
AS-267,G13,Comment policy (default WONTFIX),yes,won't-fix,ai-slop,ai-slop/narrative-comment,warning,style/policy,medium,yes,code/common/src/main/java/com/trading/common/observability/Json.java,75,0,Narrative comment block (decorative separator),// ---- array elements: no key ----
AS-268,G13,Comment policy (default WONTFIX),yes,won't-fix,ai-slop,ai-slop/narrative-comment,warning,style/policy,medium,yes,code/common/src/main/java/com/trading/common/schema/RawTableSchema.java,98,0,Narrative comment block (decorative separator),// --- v4: full-mode field capture (appended AFTER schema_version; 0-20 never move) ---
AS-269,G13,Comment policy (default WONTFIX),yes,won't-fix,ai-slop,ai-slop/narrative-comment,warning,style/policy,medium,yes,code/common/src/main/java/com/trading/common/schema/RawTableSchema.java,187,0,Narrative comment block (decorative separator),// --- v4: every added column is BIGINT NULL ---
AS-270,G13,Comment policy (default WONTFIX),yes,fixed,ai-slop,ai-slop/narrative-comment,warning,style/policy,medium,yes,code/common/src/main/java/com/trading/common/schema/eod/EncryptedExportEodOffloadExecutor.java,17,0,Narrative comment block (JSDoc preamble with slop signal),/**
AS-271,G13,Comment policy (default WONTFIX),yes,won't-fix,ai-slop,ai-slop/narrative-comment,warning,style/policy,medium,yes,code/common/src/main/java/com/trading/common/schema/execution/GateRow.java,39,0,Narrative comment block (JSDoc preamble with slop signal),/**
AS-272,G13,Comment policy (default WONTFIX),yes,won't-fix,ai-slop,ai-slop/narrative-comment,warning,style/policy,medium,yes,code/common/src/main/java/com/trading/common/schema/position/PositionProjector.java,37,0,Narrative comment block (cross-reference commentary),/** Applied — the returned snapshot replaces the current one. */
AS-273,G13,Comment policy (default WONTFIX),yes,won't-fix,ai-slop,ai-slop/narrative-comment,warning,style/policy,medium,yes,code/common/src/main/java/com/trading/common/schema/projection/OrderLifecycleProjector.java,79,0,Narrative comment block (decorative separator),// --- Quantity sanity (impossible quantity) ---------------------------
AS-274,G13,Comment policy (default WONTFIX),yes,won't-fix,ai-slop,ai-slop/narrative-comment,warning,style/policy,medium,yes,code/common/src/main/java/com/trading/common/schema/projection/OrderLifecycleProjector.java,124,0,Narrative comment block (decorative separator),// --- Source-version gate (SCH-09 KvStateUpdateProtocol semantics) ----
AS-275,G13,Comment policy (default WONTFIX),yes,won't-fix,ai-slop,ai-slop/narrative-comment,warning,style/policy,medium,yes,code/common/src/main/java/com/trading/common/schema/projection/OrderLifecycleProjector.java,141,0,Narrative comment block (decorative separator),// --- Terminal regression check ---------------------------------------
AS-276,G13,Comment policy (default WONTFIX),yes,won't-fix,ai-slop,ai-slop/narrative-comment,warning,style/policy,medium,yes,code/common/src/main/java/com/trading/common/schema/projection/PostbackFingerprint.java,63,0,Narrative comment block (cross-reference commentary),/** Field-level canonical part builder (used by tests to mint valid fixtures). */
AS-277,G13,Comment policy (default WONTFIX),yes,won't-fix,ai-slop,ai-slop/narrative-comment,warning,style/policy,medium,yes,code/common/src/main/java/com/trading/common/schema/projection/PostbackProjectionDriver.java,83,0,Narrative comment block (decorative separator),// --- Fingerprint integrity ------------------------------------------
AS-278,G13,Comment policy (default WONTFIX),yes,won't-fix,ai-slop,ai-slop/narrative-comment,warning,style/policy,medium,yes,code/common/src/main/java/com/trading/common/schema/projection/PostbackProjectionDriver.java,89,0,Narrative comment block (decorative separator),// --- Idempotent ledger resume / duplicate ----------------------------
AS-279,G13,Comment policy (default WONTFIX),yes,won't-fix,ai-slop,ai-slop/narrative-comment,warning,style/policy,medium,yes,code/common/src/main/java/com/trading/common/schema/projection/PostbackProjectionDriver.java,105,0,Narrative comment block (decorative separator),// --- Correlation precedence -----------------------------------------
AS-280,G13,Comment policy (default WONTFIX),yes,won't-fix,ai-slop,ai-slop/narrative-comment,warning,style/policy,medium,yes,code/common/src/main/java/com/trading/common/schema/projection/PostbackProjectionDriver.java,114,0,Narrative comment block (decorative separator),// --- Audit (immutable evidence) -------------------------------------
AS-281,G13,Comment policy (default WONTFIX),yes,won't-fix,ai-slop,ai-slop/narrative-comment,warning,style/policy,medium,yes,code/common/src/main/java/com/trading/common/schema/projection/PostbackProjectionDriver.java,122,0,Narrative comment block (decorative separator),// --- Lifecycle monotonicity -----------------------------------------
AS-282,G13,Comment policy (default WONTFIX),yes,won't-fix,ai-slop,ai-slop/narrative-comment,warning,style/policy,medium,yes,code/common/src/main/java/com/trading/common/schema/projection/PostbackProjectionDriver.java,142,0,Narrative comment block (decorative separator),"// --- Position (serialize Nautilus-computed result, no arithmetic) ---"
AS-283,G13,Comment policy (default WONTFIX),yes,won't-fix,ai-slop,ai-slop/narrative-comment,warning,style/policy,medium,yes,code/common/src/main/java/com/trading/common/schema/projection/PostbackProjectionDriver.java,192,0,Narrative comment block (decorative separator),// --- helpers -------------------------------------------------------------
AS-284,G13,Comment policy (default WONTFIX),yes,fixed,ai-slop,ai-slop/narrative-comment,warning,style/policy,medium,yes,code/common/src/main/java/com/trading/common/version/VersionGate.java,55,0,Narrative comment block (cross-reference commentary),/** Convenience: fail unless every matrix entry is pinned (used by CI before building images). */
AS-285,G3,Failure visibility (error handling),yes,won't-fix,ai-slop,ai-slop/python-broad-except,warning,AI-slop indicators,medium,no,code/01_platform/04_scripts/cp_phase_capture.py,181,1,`except Exception: pass` silently drops every exception. Failures vanish without a trace.,except Exception:
AS-286,G4,Defensive dict access,yes,fixed,ai-slop,ai-slop/python-chained-dict-get,warning,AI-slop indicators,medium,no,code/01_platform/04_scripts/audit_r2.py,474,1,"Chained `.get(..., {})` defaults hide missing-data cases.","rules = list(body.get(""result"", {}).get(""rules"", []) or [])"
AS-287,G4,Defensive dict access,yes,fixed,ai-slop,ai-slop/python-chained-dict-get,warning,AI-slop indicators,medium,no,code/01_platform/04_scripts/audit_r2.py,540,1,"Chained `.get(..., {})` defaults hide missing-data cases.","rules = body.get(""result"", {}).get(""rules"", [])"
AS-288,G4,Defensive dict access,yes,false-positive,ai-slop,ai-slop/python-chained-dict-get,warning,AI-slop indicators,medium,no,code/01_platform/04_scripts/cluster_check.py,159,1,"Chained `.get(..., {})` defaults hide missing-data cases.","return (spec.get(""TaskTemplate"") or {}).get(""Placement"", {}).get(""MaxReplicas"")"
AS-289,G4,Defensive dict access,yes,false-positive,ai-slop,ai-slop/python-chained-dict-get,warning,AI-slop indicators,medium,no,code/01_platform/04_scripts/day_run.py,426,1,"Chained `.get(..., {})` defaults hide missing-data cases.","if s in running and facts.services.get(s, {}).get(""health"") == ""unhealthy""]"
AS-290,G4,Defensive dict access,yes,false-positive,ai-slop,ai-slop/python-chained-dict-get,warning,AI-slop indicators,medium,no,code/01_platform/04_scripts/day_run.py,982,1,"Chained `.get(..., {})` defaults hide missing-data cases.","ingestion_running = facts.services.get(""ingestion"", {}).get(""state"") == ""running"""
AS-291,G4,Defensive dict access,yes,false-positive,ai-slop,ai-slop/python-chained-dict-get,warning,AI-slop indicators,medium,no,code/01_platform/04_scripts/day_run.py,995,1,"Chained `.get(..., {})` defaults hide missing-data cases.","if want_samples and facts.fluss.get(""raw"", {}).get(""ok""):"
AS-292,G4,Defensive dict access,yes,false-positive,ai-slop,ai-slop/python-chained-dict-get,warning,AI-slop indicators,medium,no,code/01_platform/04_scripts/day_run.py,1001,1,"Chained `.get(..., {})` defaults hide missing-data cases.","if second.get(""ok"") and facts.fluss.get(key, {}).get(""ok""):"
AS-293,G4,Defensive dict access,yes,false-positive,ai-slop,ai-slop/python-chained-dict-get,warning,AI-slop indicators,medium,no,code/01_platform/04_scripts/day_run.py,1102,1,"Chained `.get(..., {})` defaults hide missing-data cases.","fluss_ok = facts.fluss.get(""raw"", {}).get(""ok"")"
AS-294,G4,Defensive dict access,yes,false-positive,ai-slop,ai-slop/python-chained-dict-get,warning,AI-slop indicators,medium,no,code/01_platform/04_scripts/day_run.py,1138,1,"Chained `.get(..., {})` defaults hide missing-data cases.","if cps.get(signals[0][""id""], {}).get(""latest_completed_ms""):"
AS-295,G4,Defensive dict access,yes,false-positive,ai-slop,ai-slop/python-chained-dict-get,warning,AI-slop indicators,medium,no,code/01_platform/04_scripts/holistic-analyze.py,1171,1,"Chained `.get(..., {})` defaults hide missing-data cases.","dp = (m.get(""histogram"", {}).get(""dataPoints"") or [{}])[0]"
AS-296,G4,Defensive dict access,yes,false-positive,ai-slop,ai-slop/python-chained-dict-get,warning,AI-slop indicators,medium,no,code/01_platform/04_scripts/local_int_004_smoke.py,38,1,"Chained `.get(..., {})` defaults hide missing-data cases.","net=cfg.get(""networks"",{}).get(""execution-net"",{})"
AS-297,G4,Defensive dict access,yes,false-positive,ai-slop,ai-slop/python-chained-dict-get,warning,AI-slop indicators,medium,no,code/01_platform/04_scripts/local_int_004_smoke.py,42,1,"Chained `.get(..., {})` defaults hide missing-data cases.","svc=cfg.get(""services"",{}).get(name)"
AS-298,G4,Defensive dict access,yes,false-positive,ai-slop,ai-slop/python-chained-dict-get,warning,AI-slop indicators,medium,no,code/01_platform/04_scripts/o2-provision.py,1353,1,"Chained `.get(..., {})` defaults hide missing-data cases.","cur = s.get(""settings"", {}).get(""data_retention"", 0)"
AS-299,G4,Defensive dict access,yes,false-positive,ai-slop,ai-slop/python-chained-dict-get,warning,AI-slop indicators,medium,no,code/01_platform/04_scripts/perf_evidence_parse.py,374,1,"Chained `.get(..., {})` defaults hide missing-data cases.","(""ckpt_completed"", lambda d, n: d[""checkpoints""].get(""counts"", {}).get(""completed"", """")),"
AS-300,G4,Defensive dict access,yes,false-positive,ai-slop,ai-slop/python-chained-dict-get,warning,AI-slop indicators,medium,no,code/01_platform/04_scripts/perf_evidence_parse.py,375,1,"Chained `.get(..., {})` defaults hide missing-data cases.","(""ckpt_latest_size"", lambda d, n: d[""checkpoints""].get(""latest_completed"", {}).get(""checkpointed_size"", """")),"
AS-301,G4,Defensive dict access,yes,false-positive,ai-slop,ai-slop/python-chained-dict-get,warning,AI-slop indicators,medium,no,code/01_platform/04_scripts/perf_evidence_parse.py,376,1,"Chained `.get(..., {})` defaults hide missing-data cases.","(""ckpt_duration_ms"", lambda d, n: d[""checkpoints""].get(""latest_completed"", {}).get(""end_to_end_duration"", """")),"
AS-302,G4,Defensive dict access,yes,won't-fix,ai-slop,ai-slop/python-chained-dict-get,warning,AI-slop indicators,medium,no,code/01_platform/04_scripts/seed_dashboards.py,191,1,"Chained `.get(..., {})` defaults hide missing-data cases.","dash_id = existing.get(title, {}).get(""dashboard_id"")"
AS-303,G4,Defensive dict access,yes,fixed,ai-slop,ai-slop/python-chained-dict-get,warning,AI-slop indicators,medium,no,code/01_platform/04_scripts/soak-o2-evidence.py,137,1,"Chained `.get(..., {})` defaults hide missing-data cases.","result = payload.get(""data"", {}).get(""result"", [])"
AS-304,G4,Defensive dict access,yes,false-positive,ai-slop,ai-slop/python-chained-dict-get,warning,AI-slop indicators,medium,no,code/01_platform/04_scripts/t9_order_sandbox.py,385,1,"Chained `.get(..., {})` defaults hide missing-data cases.","net = _compose_json().get(""networks"", {}).get(""execution-net"", {})"
AS-305,G4,Defensive dict access,yes,false-positive,ai-slop,ai-slop/python-chained-dict-get,warning,AI-slop indicators,medium,no,code/01_platform/04_scripts/t9_order_sandbox.py,474,1,"Chained `.get(..., {})` defaults hide missing-data cases.","net = cfg.get(""networks"", {}).get(""execution-net"", {})"
AS-306,G4,Defensive dict access,yes,false-positive,ai-slop,ai-slop/python-chained-dict-get,warning,AI-slop indicators,medium,no,code/01_platform/06_stage_profiler/stage_profiler.py,599,1,"Chained `.get(..., {})` defaults hide missing-data cases.","table.get(task, {}).get(quantile, float(""-inf"")), s.value"
AS-307,G5,Dispatch ladders,yes,false-positive,ai-slop,ai-slop/python-repetitive-dispatch,warning,AI-slop indicators,medium,no,code/01_platform/04_scripts/day_run.py,1150,1,4 repeated branches dispatch on `decision.action`.,"if decision.action == ""keep"":"
AS-308,G5,Dispatch ladders,yes,false-positive,ai-slop,ai-slop/python-repetitive-dispatch,warning,AI-slop indicators,medium,no,code/01_platform/04_scripts/implementation_gate.py,300,1,4 repeated branches dispatch on `t`.,"if t == ""run"":"
AS-309,G5,Dispatch ladders,yes,false-positive,ai-slop,ai-slop/python-repetitive-dispatch,warning,AI-slop indicators,medium,no,code/01_platform/04_scripts/r2_legal_hold_check.py,117,1,5 repeated branches dispatch on `key`.,"if key == ""date"":"
AS-310,G5,Dispatch ladders,yes,false-positive,ai-slop,ai-slop/python-repetitive-dispatch,warning,AI-slop indicators,medium,no,code/01_platform/04_scripts/r2_legal_hold_check.py,119,1,4 repeated branches dispatch on `key`.,"elif key == ""table"":"
AS-311,G5,Dispatch ladders,yes,false-positive,ai-slop,ai-slop/python-repetitive-dispatch,warning,AI-slop indicators,medium,no,code/01_platform/04_scripts/stage_capture_parse.py,165,1,5 repeated branches dispatch on `name`.,"if name == ""busyTimeMsPerSecond"":"
AS-312,G5,Dispatch ladders,yes,false-positive,ai-slop,ai-slop/python-repetitive-dispatch,warning,AI-slop indicators,medium,no,code/01_platform/04_scripts/stage_capture_parse.py,167,1,4 repeated branches dispatch on `name`.,"elif name == ""backPressuredTimeMsPerSecond"":"
AS-313,G5,Dispatch ladders,yes,false-positive,ai-slop,ai-slop/python-repetitive-dispatch,warning,AI-slop indicators,medium,no,code/01_platform/06_stage_profiler/stage_profiler.py,1550,1,4 repeated branches dispatch on `args.cmd`.,"if args.cmd == ""stages"":"
AS-314,G6,Rust panic safety,yes,false-positive,ai-slop,ai-slop/rust-non-test-unwrap,warning,AI-slop indicators,medium,no,code/02_services/04_executor/src/bin/t9_paper_25.rs,118,1,`.unwrap()` in non-test code panics on None/Err. Surfaces as a hard crash for the caller.,.unwrap()
AS-315,G6,Rust panic safety,yes,false-positive,ai-slop,ai-slop/rust-non-test-unwrap,warning,AI-slop indicators,medium,no,code/02_services/04_executor/src/bin/t9_paper_25.rs,137,1,`.unwrap()` in non-test code panics on None/Err. Surfaces as a hard crash for the caller.,"evidence[""evidence_hash""].as_str().unwrap(),"
AS-316,G6,Rust panic safety,yes,false-positive,ai-slop,ai-slop/rust-non-test-unwrap,warning,AI-slop indicators,medium,no,code/02_services/04_executor/src/bin/t9_paper_25_full.rs,109,1,`.unwrap()` in non-test code panics on None/Err. Surfaces as a hard crash for the caller.,.unwrap()
AS-317,G6,Rust panic safety,yes,false-positive,ai-slop,ai-slop/rust-non-test-unwrap,warning,AI-slop indicators,medium,no,code/02_services/04_executor/src/bin/t9_paper_25_full.rs,122,1,`.unwrap()` in non-test code panics on None/Err. Surfaces as a hard crash for the caller.,"evidence[""evidence_hash""].as_str().unwrap(),"
AS-318,G6,Rust panic safety,yes,false-positive,ai-slop,ai-slop/rust-non-test-unwrap,warning,AI-slop indicators,medium,no,code/02_services/04_executor/src/durable.rs,519,1,`.unwrap()` in non-test code panics on None/Err. Surfaces as a hard crash for the caller.,std::fs::create_dir_all(&dir).unwrap();
AS-319,G6,Rust panic safety,yes,false-positive,ai-slop,ai-slop/rust-non-test-unwrap,warning,AI-slop indicators,medium,no,code/02_services/04_executor/src/durable_file.rs,587,1,`.unwrap()` in non-test code panics on None/Err. Surfaces as a hard crash for the caller.,std::fs::create_dir_all(&dir).unwrap();
AS-320,G3,Failure visibility (error handling),yes,fixed,ai-slop,ai-slop/silent-recovery,warning,AI-slop indicators,medium,no,code/01_platform/04_scripts/holistic-analyze.py,961,0,except logs without the caught error then continues; the failure cause is lost,except OSError:
AS-321,G3,Failure visibility (error handling),yes,fixed,ai-slop,ai-slop/silent-recovery,warning,AI-slop indicators,medium,no,code/01_platform/04_scripts/holistic-analyze.py,1282,0,except logs without the caught error then continues; the failure cause is lost,except OSError:
AS-322,G3,Failure visibility (error handling),yes,fixed,ai-slop,ai-slop/silent-recovery,warning,AI-slop indicators,medium,no,code/01_platform/04_scripts/holistic-analyze.py,1323,0,except logs without the caught error then continues; the failure cause is lost,except OSError:
AS-323,G3,Failure visibility (error handling),yes,fixed,ai-slop,ai-slop/silent-recovery,warning,AI-slop indicators,medium,no,code/01_platform/04_scripts/holistic-analyze.py,1374,0,except logs without the caught error then continues; the failure cause is lost,except OSError:
AS-324,G3,Failure visibility (error handling),yes,fixed,ai-slop,ai-slop/silent-recovery,warning,AI-slop indicators,medium,no,code/01_platform/04_scripts/holistic-analyze.py,1425,0,except logs without the caught error then continues; the failure cause is lost,except OSError:
AS-325,G3,Failure visibility (error handling),yes,fixed,ai-slop,ai-slop/silent-recovery,warning,AI-slop indicators,medium,no,code/01_platform/04_scripts/holistic-analyze.py,1465,0,except logs without the caught error then continues; the failure cause is lost,except OSError:
AS-326,G3,Failure visibility (error handling),yes,false-positive,ai-slop,ai-slop/silent-recovery,warning,AI-slop indicators,medium,no,code/01_platform/04_scripts/t8_sandbox_contract_check.py,47,0,except logs without the caught error then continues; the failure cause is lost,except ImportError:  # pragma: no cover
AS-327,G3,Failure visibility (error handling),yes,false-positive,ai-slop,ai-slop/silent-recovery,warning,AI-slop indicators,medium,no,code/01_platform/05_instruments/split_manifest.py,53,0,except logs without the caught error then continues; the failure cause is lost,"except (ValueError, TypeError):"
AS-328,G7,Mechanical Python cleanup,yes,false-positive,ai-slop,ai-slop/thin-wrapper,warning,AI-slop indicators,medium,no,code/01_platform/04_scripts/t9_order_sandbox.py,243,0,Function 'payload_hash' is a thin wrapper that only calls another function,def payload_hash(payload_json):
AS-329,G7,Mechanical Python cleanup,yes,fixed,ai-slop,ai-slop/unused-import,warning,AI-slop indicators,medium,yes,code/01_platform/04_scripts/deploy_preflight.py,24,0,Imported symbol 'shlex' is never used,import shlex
AS-330,G7,Mechanical Python cleanup,yes,false-positive,ai-slop,ai-slop/unused-import,warning,AI-slop indicators,medium,yes,code/01_platform/04_scripts/holistic-analyze.py,38,0,Imported symbol 'org' is never used,import org.apache.fluss.client.Connection;
AS-331,G7,Mechanical Python cleanup,yes,false-positive,ai-slop,ai-slop/unused-import,warning,AI-slop indicators,medium,yes,code/01_platform/04_scripts/holistic-analyze.py,39,0,Imported symbol 'org' is never used,import org.apache.fluss.client.ConnectionFactory;
AS-332,G7,Mechanical Python cleanup,yes,false-positive,ai-slop,ai-slop/unused-import,warning,AI-slop indicators,medium,yes,code/01_platform/04_scripts/holistic-analyze.py,40,0,Imported symbol 'org' is never used,import org.apache.fluss.client.admin.Admin;
AS-333,G7,Mechanical Python cleanup,yes,false-positive,ai-slop,ai-slop/unused-import,warning,AI-slop indicators,medium,yes,code/01_platform/04_scripts/holistic-analyze.py,41,0,Imported symbol 'org' is never used,import org.apache.fluss.client.table.Table;
AS-334,G7,Mechanical Python cleanup,yes,false-positive,ai-slop,ai-slop/unused-import,warning,AI-slop indicators,medium,yes,code/01_platform/04_scripts/holistic-analyze.py,42,0,Imported symbol 'org' is never used,import org.apache.fluss.client.table.scanner.log.LogScanner;
AS-335,G7,Mechanical Python cleanup,yes,false-positive,ai-slop,ai-slop/unused-import,warning,AI-slop indicators,medium,yes,code/01_platform/04_scripts/holistic-analyze.py,43,0,Imported symbol 'org' is never used,import org.apache.fluss.client.table.scanner.log.ScanRecords;
AS-336,G7,Mechanical Python cleanup,yes,false-positive,ai-slop,ai-slop/unused-import,warning,AI-slop indicators,medium,yes,code/01_platform/04_scripts/holistic-analyze.py,44,0,Imported symbol 'org' is never used,import org.apache.fluss.config.Configuration;
AS-337,G7,Mechanical Python cleanup,yes,false-positive,ai-slop,ai-slop/unused-import,warning,AI-slop indicators,medium,yes,code/01_platform/04_scripts/holistic-analyze.py,45,0,Imported symbol 'org' is never used,import org.apache.fluss.metadata.TablePath;
AS-338,G9,TODO stubs,yes,false-positive,ai-slop,ai-slop/todo-stub,info,AI-slop indicators,medium,no,code/common/src/main/java/com/trading/common/schema/fluss/BoundedRetry.java,14,0,Unresolved TODO/FIXME/HACK comment indicates incomplete code,"* {@code ServerConnection} TODO at the inflight-request send site). Consequences,"
AS-339,G9,TODO stubs,yes,false-positive,ai-slop,ai-slop/todo-stub,info,AI-slop indicators,medium,no,code/common/src/main/java/com/trading/common/schema/fluss/FlussWriteProfiles.java,17,0,Unresolved TODO/FIXME/HACK comment indicates incomplete code,* {@code // TODO add the wakeup logic refer to Kafka} (WriterClient.java:208-214).
AS-340,G9,TODO stubs,yes,false-positive,ai-slop,ai-slop/todo-stub,info,AI-slop indicators,medium,no,code/common/src/main/java/com/trading/common/schema/fluss/FlussWriteProfiles.java,41,0,Unresolved TODO/FIXME/HACK comment indicates incomplete code,"* sender's own TODO documents the busy-loop hazard there (""The method sendWriteData is in a busy loop."
AS-341,G9,TODO stubs,yes,false-positive,ai-slop,ai-slop/todo-stub,info,AI-slop indicators,medium,no,code/common/src/main/java/com/trading/common/schema/fluss/FlussWriteProfiles.java,75,0,Unresolved TODO/FIXME/HACK comment indicates incomplete code,"* (RecordAccumulator.java:114-116, ""TODO add deliveryTimeoutMs to report success or failure on record"
AS-342,G9,TODO stubs,yes,false-positive,ai-slop,ai-slop/todo-stub,info,AI-slop indicators,medium,no,code/common/src/main/java/com/trading/common/schema/fluss/WriteAwait.java,7,0,Unresolved TODO/FIXME/HACK comment indicates incomplete code,"* Sender.sendWriteData carries the authors' own TODO (""The method sendWriteData"
AS-343,G2,Python lint defects (ruff),yes,fixed,lint,ruff/E401,error,confirmed defects,high,yes,code/01_platform/04_scripts/local_int_004_smoke.py,16,1,Multiple imports on one line,"import argparse, json, subprocess, sys"
AS-344,G2,Python lint defects (ruff),yes,fixed,lint,ruff/E401,error,confirmed defects,high,yes,code/01_platform/05_instruments/split_manifest.py,13,1,Multiple imports on one line,"import argparse, csv, pathlib, sys"
AS-345,G2,Python lint defects (ruff),yes,fixed,lint,ruff/E701,error,confirmed defects,high,no,code/01_platform/04_scripts/local_int_004_smoke.py,26,15,Multiple statements on one line (colon),"if profile: cmd += [""--profile"", profile]"
AS-346,G2,Python lint defects (ruff),yes,fixed,lint,ruff/E702,error,confirmed defects,high,no,code/01_platform/05_instruments/split_manifest.py,33,58,Multiple statements on one line (semicolon),"print(f""input not found: {inp}"", file=sys.stderr); sys.exit(2)"
AS-347,G2,Python lint defects (ruff),yes,fixed,lint,ruff/E702,error,confirmed defects,high,no,code/01_platform/05_instruments/split_manifest.py,39,48,Multiple statements on one line (semicolon),"print(""empty CSV"", file=sys.stderr); sys.exit(2)"
AS-348,G2,Python lint defects (ruff),yes,fixed,lint,ruff/E731,error,confirmed defects,high,no,code/01_platform/04_scripts/o2-provision.py,1813,5,"Do not assign a `lambda` expression, use a `def`","v2api = lambda method, body=None: api_raw("
AS-349,G2,Python lint defects (ruff),yes,fixed,lint,ruff/E741,error,confirmed defects,high,no,code/01_platform/04_scripts/check_flink_properties.py,87,27,Ambiguous variable name: `l`,"return [l.strip() for l in m.group(1).split(""\n"") if l.strip()]"
AS-350,G2,Python lint defects (ruff),yes,fixed,lint,ruff/E741,error,confirmed defects,high,no,code/01_platform/04_scripts/plan_tracker.py,35,57,Ambiguous variable name: `l`,return [m.group(1) for m in (MARKER_RE.match(l) for l in lines) if m]
AS-351,G2,Python lint defects (ruff),yes,fixed,lint,ruff/E741,error,confirmed defects,high,no,code/01_platform/04_scripts/plan_tracker.py,58,27,Ambiguous variable name: `l`,"head = next((n for n, l in enumerate(lines) if l.startswith(""**Roll-up**"")), None)"
AS-352,G2,Python lint defects (ruff),yes,fixed,lint,ruff/F401,error,confirmed defects,high,yes,code/01_platform/01_docker/alert-consumer.py,38,8,`time` imported but unused,import time
AS-353,G2,Python lint defects (ruff),yes,fixed,lint,ruff/F401,error,confirmed defects,high,yes,code/01_platform/04_scripts/deploy_preflight.py,24,8,`shlex` imported but unused,import shlex
AS-354,G2,Python lint defects (ruff),yes,fixed,lint,ruff/F401,error,confirmed defects,high,yes,code/01_platform/04_scripts/image_staleness_check.py,63,8,`os` imported but unused,import os
AS-355,G2,Python lint defects (ruff),yes,fixed,lint,ruff/F541,error,confirmed defects,high,yes,code/01_platform/04_scripts/alert-routing-selftest.py,93,13,f-string without any placeholders,"f"",data=sys.argv[1].encode(),headers={{'Content-Type':'application/json'}}"""
AS-356,G2,Python lint defects (ruff),yes,fixed,lint,ruff/F541,error,confirmed defects,high,yes,code/01_platform/04_scripts/alert-routing-selftest.py,177,11,f-string without any placeholders,"print(f""3. temp alert created (always-firing, silence=0)"")"
AS-357,G2,Python lint defects (ruff),yes,fixed,lint,ruff/F541,error,confirmed defects,high,yes,code/01_platform/04_scripts/fused_timeline.py,223,6,f-string without any placeholders,"f'avg(rate(node_cpu_seconds_total{{mode=""iowait""}}[30s])) * 100', ""sum""),"
AS-358,G2,Python lint defects (ruff),yes,fixed,lint,ruff/F541,error,confirmed defects,high,yes,code/01_platform/04_scripts/stale_table_kind_scan.py,454,62,f-string without any placeholders,"f""no {RETIRED_TABLE} manifest entry ("" + (f""PRESENT"" if RETIRED_TABLE in entries else ""absent"") + "")""))"
AS-359,G2,Python lint defects (ruff),yes,fixed,lint,ruff/F821,error,confirmed defects,high,no,code/01_platform/04_scripts/alert-routing-selftest.py,50,24,Undefined name `NoReturn`,"def fail(msg: str) -> ""NoReturn"":  # type: ignore[valid-type]"
AS-360,G2,Python lint defects (ruff),yes,fixed,lint,ruff/F841,error,confirmed defects,high,yes,code/01_platform/04_scripts/day_run.py,759,49,Local variable `exc` is assigned to but never used,except subprocess.CalledProcessError as exc:
AS-361,G2,Python lint defects (ruff),yes,fixed,lint,ruff/F841,error,confirmed defects,high,yes,code/01_platform/04_scripts/env_facts.py,48,23,Local variable `exc` is assigned to but never used,except OSError as exc:
AS-362,G2,Python lint defects (ruff),yes,fixed,lint,ruff/F841,error,confirmed defects,high,no,code/01_platform/04_scripts/holistic-analyze.py,866,5,Local variable `candle_re` is assigned to but never used,"candle_re = re.compile(r""candle:(\d{13}):(\d{13})"")"
AS-363,G2,Python lint defects (ruff),yes,fixed,lint,ruff/F841,error,confirmed defects,high,no,code/01_platform/04_scripts/holistic-analyze.py,1311,21,Local variable `thi` is assigned to but never used,"thi = [(t, (snaps[t].get(""throttled_usec"", 0))) for t in keys]"
AS-364,G2,Python lint defects (ruff),yes,fixed,lint,ruff/F841,error,confirmed defects,high,no,code/01_platform/04_scripts/holistic-analyze.py,1652,5,Local variable `dup_ing_max` is assigned to but never used,dup_ing_max = 0
AS-365,G10,Structural maintainability (nesting & params),yes,false-positive,code-quality,complexity/deep-nesting,warning,style/policy,medium,no,code/01_platform/04_scripts/cp_phase_capture.py,208,0,Function nested too deeply (max: 5),"def run(rest_url: str, job_id: str, out_dir: Path, duration: float,"
AS-366,G10,Structural maintainability (nesting & params),yes,false-positive,code-quality,complexity/deep-nesting,warning,style/policy,medium,no,code/01_platform/04_scripts/ddl_apply_smoke.py,352,0,Function nested too deeply (max: 5),"def scenario(index, extra_env, expect_rc, expect_parts, expect_absent=(),"
AS-367,G10,Structural maintainability (nesting & params),yes,false-positive,code-quality,complexity/deep-nesting,warning,style/policy,medium,no,code/01_platform/04_scripts/fluss-probes/CandleFeaturesTableProbe.java,183,0,Function nested too deeply (max: 5),"private static void tail(Connection conn, Admin admin, TablePath path, int rows)"
AS-368,G10,Structural maintainability (nesting & params),yes,false-positive,code-quality,complexity/deep-nesting,warning,style/policy,medium,no,code/01_platform/04_scripts/fluss-probes/CandleVerify.java,57,0,Function nested too deeply (max: 5),public static void main(String[] args) throws Exception {
AS-369,G10,Structural maintainability (nesting & params),yes,false-positive,code-quality,complexity/deep-nesting,warning,style/policy,medium,no,code/01_platform/04_scripts/fluss-probes/FlussKvScanStrategy.java,151,0,Function nested too deeply (max: 5),"private static void scan(Connection conn, Admin admin, String strategy, int rows) throws Exception {"
AS-370,G10,Structural maintainability (nesting & params),yes,false-positive,code-quality,complexity/deep-nesting,warning,style/policy,medium,no,code/01_platform/04_scripts/fluss-probes/FlussPrefixReader.java,92,0,Function nested too deeply (max: 5),static void run(String[] args) throws Exception {
AS-371,G10,Structural maintainability (nesting & params),yes,won't-fix,code-quality,complexity/deep-nesting,warning,style/policy,medium,no,code/01_platform/04_scripts/holistic-analyze.py,714,0,Function nested too deeply (max: 5),def main():
AS-372,G10,Structural maintainability (nesting & params),yes,won't-fix,code-quality,complexity/deep-nesting,warning,style/policy,medium,no,code/02_services/01_ingestion/go-bridge/faketool/main.go,37,0,Function nested too deeply (max: 5),func main() {
AS-373,G10,Structural maintainability (nesting & params),yes,won't-fix,code-quality,complexity/deep-nesting,warning,style/policy,medium,no,code/02_services/01_ingestion/src/main/java/com/trading/ingestion/IngestionService.java,611,0,Function nested too deeply (max: 5),public void runWithBridge(String bridgeBinary) {
AS-374,G10,Structural maintainability (nesting & params),yes,won't-fix,code-quality,complexity/deep-nesting,warning,style/policy,medium,no,code/02_services/02_compute/src/main/java/com/trading/compute/signaljob/MultiTimeframeAggregateFunction.java,699,0,Function nested too deeply (max: 5),"public void processElement(RowData tick, Context ctx, Collector<RowData> out) throws Exception {"
AS-375,G10,Structural maintainability (nesting & params),yes,false-positive,code-quality,complexity/deep-nesting,warning,style/policy,medium,no,code/02_services/06_execution_gateway/src/main/java/com/trading/execution/gateway/FlussControlStateStore.java,99,0,Function nested too deeply (max: 5),public void replaySafetyHalts(Consumer<InternalRow> consumer) {
AS-376,G10,Structural maintainability (nesting & params),yes,won't-fix,code-quality,complexity/deep-nesting,warning,style/policy,medium,no,code/common/src/main/java/com/trading/common/schema/ddl/DdlApplyTool.java,212,0,Function nested too deeply (max: 5),static int run(String[] args) throws Exception {
AS-377,G11,Size pressure (long functions & large files),yes,won't-fix,code-quality,complexity/file-too-large,warning,style/policy,medium,no,code/01_platform/04_scripts/audit_r2.py,0,0,File too large (max: 400),
AS-378,G11,Size pressure (long functions & large files),yes,won't-fix,code-quality,complexity/file-too-large,warning,style/policy,medium,no,code/01_platform/04_scripts/cluster_check.py,0,0,File too large (max: 400),
AS-379,G11,Size pressure (long functions & large files),yes,won't-fix,code-quality,complexity/file-too-large,warning,style/policy,medium,no,code/01_platform/04_scripts/day_run.py,0,0,File too large (max: 400),
AS-380,G11,Size pressure (long functions & large files),yes,won't-fix,code-quality,complexity/file-too-large,warning,style/policy,medium,no,code/01_platform/04_scripts/ddl_apply.py,0,0,File too large (max: 400),
AS-381,G11,Size pressure (long functions & large files),yes,won't-fix,code-quality,complexity/file-too-large,warning,style/policy,medium,no,code/01_platform/04_scripts/ddl_apply_smoke.py,0,0,File too large (max: 400),
AS-382,G11,Size pressure (long functions & large files),yes,won't-fix,code-quality,complexity/file-too-large,warning,style/policy,medium,no,code/01_platform/04_scripts/disaster_drills.py,0,0,File too large (max: 400),
AS-383,G11,Size pressure (long functions & large files),yes,won't-fix,code-quality,complexity/file-too-large,warning,style/policy,medium,no,code/01_platform/04_scripts/docs_audit.py,0,0,File too large (max: 400),
AS-384,G11,Size pressure (long functions & large files),yes,won't-fix,code-quality,complexity/file-too-large,warning,style/policy,medium,no,code/01_platform/04_scripts/eod_schedule.py,0,0,File too large (max: 400),
AS-385,G11,Size pressure (long functions & large files),yes,won't-fix,code-quality,complexity/file-too-large,warning,style/policy,medium,no,code/01_platform/04_scripts/fluss-probes/FeatureSpikeProbe.java,0,0,File too large (max: 400),
AS-386,G11,Size pressure (long functions & large files),yes,won't-fix,code-quality,complexity/file-too-large,warning,style/policy,medium,no,code/01_platform/04_scripts/fluss-probes/FlussReadabilityProbe.java,0,0,File too large (max: 400),
AS-387,G11,Size pressure (long functions & large files),yes,won't-fix,code-quality,complexity/file-too-large,warning,style/policy,medium,no,code/01_platform/04_scripts/fluss-probes/FlussSignalLatency.java,0,0,File too large (max: 400),
AS-388,G11,Size pressure (long functions & large files),yes,won't-fix,code-quality,complexity/file-too-large,warning,style/policy,medium,no,code/01_platform/04_scripts/fluss-probes/SignalCandidatesViewer.java,0,0,File too large (max: 400),
AS-389,G11,Size pressure (long functions & large files),yes,won't-fix,code-quality,complexity/file-too-large,warning,style/policy,medium,no,code/01_platform/04_scripts/gate_preflight.py,0,0,File too large (max: 400),
AS-390,G11,Size pressure (long functions & large files),yes,won't-fix,code-quality,complexity/file-too-large,warning,style/policy,medium,no,code/01_platform/04_scripts/holistic-analyze.py,0,0,File too large (max: 400),
AS-391,G11,Size pressure (long functions & large files),yes,won't-fix,code-quality,complexity/file-too-large,warning,style/policy,medium,no,code/01_platform/04_scripts/image_staleness_check.py,0,0,File too large (max: 400),
AS-392,G11,Size pressure (long functions & large files),yes,won't-fix,code-quality,complexity/file-too-large,warning,style/policy,medium,no,code/01_platform/04_scripts/o2-provision.py,0,0,File too large (max: 400),
AS-393,G11,Size pressure (long functions & large files),yes,won't-fix,code-quality,complexity/file-too-large,warning,style/policy,medium,no,code/01_platform/04_scripts/perf_evidence_parse.py,0,0,File too large (max: 400),
AS-394,G11,Size pressure (long functions & large files),yes,won't-fix,code-quality,complexity/file-too-large,warning,style/policy,medium,no,code/01_platform/04_scripts/prod_node_check.py,0,0,File too large (max: 400),
AS-395,G11,Size pressure (long functions & large files),yes,won't-fix,code-quality,complexity/file-too-large,warning,style/policy,medium,no,code/01_platform/04_scripts/r2_legal_hold_check.py,0,0,File too large (max: 400),
AS-396,G11,Size pressure (long functions & large files),yes,won't-fix,code-quality,complexity/file-too-large,warning,style/policy,medium,no,code/01_platform/04_scripts/stage_capture_parse.py,0,0,File too large (max: 400),
AS-397,G11,Size pressure (long functions & large files),yes,won't-fix,code-quality,complexity/file-too-large,warning,style/policy,medium,no,code/01_platform/04_scripts/stale_table_kind_scan.py,0,0,File too large (max: 400),
AS-398,G11,Size pressure (long functions & large files),yes,won't-fix,code-quality,complexity/file-too-large,warning,style/policy,medium,no,code/01_platform/04_scripts/t9_order_sandbox.py,0,0,File too large (max: 400),
AS-399,G11,Size pressure (long functions & large files),yes,won't-fix,code-quality,complexity/file-too-large,warning,style/policy,medium,no,code/01_platform/04_scripts/values_at_rest_scan.py,0,0,File too large (max: 400),
AS-400,G11,Size pressure (long functions & large files),yes,won't-fix,code-quality,complexity/file-too-large,warning,style/policy,medium,no,code/01_platform/06_stage_profiler/stage_profiler.py,0,0,File too large (max: 400),
AS-401,G11,Size pressure (long functions & large files),yes,won't-fix,code-quality,complexity/file-too-large,warning,style/policy,medium,no,code/02_services/01_ingestion/go-bridge/main.go,0,0,File too large (max: 600),
AS-402,G11,Size pressure (long functions & large files),yes,false-positive,code-quality,complexity/file-too-large,warning,style/policy,medium,no,code/02_services/01_ingestion/go-bridge/marketdata/market_data.pb.go,0,0,File too large (max: 600),
AS-403,G11,Size pressure (long functions & large files),yes,won't-fix,code-quality,complexity/file-too-large,warning,style/policy,medium,no,code/02_services/01_ingestion/src/main/java/com/trading/ingestion/DdlBootstrap.java,0,0,File too large (max: 400),
AS-404,G11,Size pressure (long functions & large files),yes,deferred,code-quality,complexity/file-too-large,warning,style/policy,medium,no,code/02_services/01_ingestion/src/main/java/com/trading/ingestion/IngestionService.java,0,0,File too large (max: 400),
AS-405,G11,Size pressure (long functions & large files),yes,won't-fix,code-quality,complexity/file-too-large,warning,style/policy,medium,no,code/02_services/01_ingestion/src/main/java/com/trading/ingestion/config/IngestionConfig.java,0,0,File too large (max: 400),
AS-406,G11,Size pressure (long functions & large files),yes,won't-fix,code-quality,complexity/file-too-large,warning,style/policy,medium,no,code/02_services/01_ingestion/src/main/java/com/trading/ingestion/telemetry/OtlpMetricsEmitter.java,0,0,File too large (max: 400),
AS-407,G11,Size pressure (long functions & large files),yes,won't-fix,code-quality,complexity/file-too-large,warning,style/policy,medium,no,code/02_services/01_ingestion/src/main/java/com/trading/ingestion/write/RawTickWriter.java,0,0,File too large (max: 400),
AS-408,G11,Size pressure (long functions & large files),yes,won't-fix,code-quality,complexity/file-too-large,warning,style/policy,medium,no,code/02_services/02_compute/src/main/java/com/trading/compute/signaljob/MultiTimeframeAggregateFunction.java,0,0,File too large (max: 400),
AS-409,G11,Size pressure (long functions & large files),yes,won't-fix,code-quality,complexity/file-too-large,warning,style/policy,medium,no,code/02_services/02_compute/src/main/java/com/trading/compute/signaljob/N7RangeBreakoutStrategy.java,0,0,File too large (max: 400),
AS-410,G11,Size pressure (long functions & large files),yes,won't-fix,code-quality,complexity/file-too-large,warning,style/policy,medium,no,code/02_services/02_compute/src/main/java/com/trading/compute/signaljob/SignalJob.java,0,0,File too large (max: 400),
AS-411,G11,Size pressure (long functions & large files),yes,won't-fix,code-quality,complexity/file-too-large,warning,style/policy,medium,no,code/02_services/02_compute/src/main/java/com/trading/compute/signaljob/SignalJobConfig.java,0,0,File too large (max: 400),
AS-412,G11,Size pressure (long functions & large files),yes,won't-fix,code-quality,complexity/file-too-large,warning,style/policy,medium,no,code/02_services/02_compute/src/main/java/com/trading/compute/signaljob/StrategyHostFunction.java,0,0,File too large (max: 400),
AS-413,G11,Size pressure (long functions & large files),yes,false-positive,code-quality,complexity/file-too-large,warning,style/policy,medium,no,code/02_services/04_executor/src/bridge/transport.rs,0,0,File too large (max: 1000),
AS-414,G11,Size pressure (long functions & large files),yes,won't-fix,code-quality,complexity/file-too-large,warning,style/policy,medium,no,code/02_services/04_executor/src/execution/client.rs,0,0,File too large (max: 1000),
AS-415,G11,Size pressure (long functions & large files),yes,false-positive,code-quality,complexity/file-too-large,warning,style/policy,medium,no,code/02_services/04_executor/src/executiongate.rs,0,0,File too large (max: 1000),
AS-416,G11,Size pressure (long functions & large files),yes,won't-fix,code-quality,complexity/file-too-large,warning,style/policy,medium,no,code/02_services/04_executor/src/http.rs,0,0,File too large (max: 1000),
AS-417,G11,Size pressure (long functions & large files),yes,false-positive,code-quality,complexity/file-too-large,warning,style/policy,medium,no,code/02_services/04_executor/src/projection/mod.rs,0,0,File too large (max: 1000),
AS-418,G11,Size pressure (long functions & large files),yes,won't-fix,code-quality,complexity/file-too-large,warning,style/policy,medium,no,code/02_services/05_mock_arrow/src/main/java/com/trading/mockarrow/MockArrowServer.java,0,0,File too large (max: 400),
AS-419,G11,Size pressure (long functions & large files),yes,won't-fix,code-quality,complexity/file-too-large,warning,style/policy,medium,no,code/02_services/06_execution_gateway/src/main/java/com/trading/execution/gateway/FlussProjectionWriter.java,0,0,File too large (max: 400),
AS-420,G11,Size pressure (long functions & large files),yes,won't-fix,code-quality,complexity/file-too-large,warning,style/policy,medium,no,code/02_services/06_execution_gateway/src/main/java/com/trading/execution/gateway/GatewayHttpServer.java,0,0,File too large (max: 400),
AS-421,G11,Size pressure (long functions & large files),yes,won't-fix,code-quality,complexity/file-too-large,warning,style/policy,medium,no,code/common/src/main/java/com/trading/common/schema/ddl/DdlApplyTool.java,0,0,File too large (max: 400),
AS-422,G11,Size pressure (long functions & large files),yes,won't-fix,code-quality,complexity/file-too-large,warning,style/policy,medium,no,code/common/src/main/java/com/trading/common/schema/eod/EodControllerTool.java,0,0,File too large (max: 400),
AS-423,G11,Size pressure (long functions & large files),yes,won't-fix,code-quality,complexity/file-too-large,warning,style/policy,medium,no,code/common/src/main/java/com/trading/common/schema/execution/FlussGateStateStore.java,0,0,File too large (max: 400),
AS-424,G11,Size pressure (long functions & large files),yes,won't-fix,code-quality,complexity/function-too-long,warning,style/policy,medium,no,code/01_platform/04_scripts/alert-routing-selftest.py,110,0,Function too long (max: 80),def main() -> int:
AS-425,G11,Size pressure (long functions & large files),yes,won't-fix,code-quality,complexity/function-too-long,warning,style/policy,medium,no,code/01_platform/04_scripts/cluster_check.py,561,0,Function too long (max: 80),def self_check():
AS-426,G11,Size pressure (long functions & large files),yes,won't-fix,code-quality,complexity/function-too-long,warning,style/policy,medium,no,code/01_platform/04_scripts/day_run.py,418,0,Function too long (max: 80),def evaluate(facts: Facts) -> list:
AS-427,G11,Size pressure (long functions & large files),yes,won't-fix,code-quality,complexity/function-too-long,warning,style/policy,medium,no,code/01_platform/04_scripts/ddl_apply.py,721,0,Function too long (max: 80),def main():
AS-428,G11,Size pressure (long functions & large files),yes,won't-fix,code-quality,complexity/function-too-long,warning,style/policy,medium,no,code/01_platform/04_scripts/ddl_apply_smoke.py,460,0,Function too long (max: 80),def main():
AS-429,G11,Size pressure (long functions & large files),yes,won't-fix,code-quality,complexity/function-too-long,warning,style/policy,medium,no,code/01_platform/04_scripts/disaster_drills.py,453,0,Function too long (max: 80),"def drive(d, suite_id, approve, out_dir, verbose, deadline=None):"
AS-430,G11,Size pressure (long functions & large files),yes,won't-fix,code-quality,complexity/function-too-long,warning,style/policy,medium,no,code/01_platform/04_scripts/docs_audit.py,652,0,Function too long (max: 80),def c9_dec039_invariants():
AS-431,G11,Size pressure (long functions & large files),yes,won't-fix,code-quality,complexity/function-too-long,warning,style/policy,medium,no,code/01_platform/04_scripts/eod_schedule.py,321,0,Function too long (max: 80),def main(argv: list[str] | None = None) -> int:
AS-432,G11,Size pressure (long functions & large files),yes,won't-fix,code-quality,complexity/function-too-long,warning,style/policy,medium,no,code/01_platform/04_scripts/fluss-probes/CandleVerify.java,57,0,Function too long (max: 80),public static void main(String[] args) throws Exception {
AS-433,G11,Size pressure (long functions & large files),yes,won't-fix,code-quality,complexity/function-too-long,warning,style/policy,medium,no,code/01_platform/04_scripts/fluss-probes/EventDayProbe.java,53,0,Function too long (max: 80),public static void main(String[] args) throws Exception {
AS-434,G11,Size pressure (long functions & large files),yes,won't-fix,code-quality,complexity/function-too-long,warning,style/policy,medium,no,code/01_platform/04_scripts/fluss-probes/FlussPrefixReader.java,92,0,Function too long (max: 80),static void run(String[] args) throws Exception {
AS-435,G11,Size pressure (long functions & large files),yes,won't-fix,code-quality,complexity/function-too-long,warning,style/policy,medium,no,code/01_platform/04_scripts/fluss-probes/RawCompressionProbe.java,153,0,Function too long (max: 80),"static void write(Connection conn, Admin admin, long rows) throws Exception {"
AS-436,G11,Size pressure (long functions & large files),yes,won't-fix,code-quality,complexity/function-too-long,warning,style/policy,medium,no,code/01_platform/04_scripts/fused_timeline.py,231,0,Function too long (max: 80),def main():
AS-437,G11,Size pressure (long functions & large files),yes,won't-fix,code-quality,complexity/function-too-long,warning,style/policy,medium,no,code/01_platform/04_scripts/gate_preflight.py,357,0,Function too long (max: 80),def main(certifying: bool = True) -> int:
AS-438,G11,Size pressure (long functions & large files),yes,deferred,code-quality,complexity/function-too-long,warning,style/policy,medium,no,code/01_platform/04_scripts/holistic-analyze.py,714,0,Function too long (max: 80),def main():
AS-439,G11,Size pressure (long functions & large files),yes,won't-fix,code-quality,complexity/function-too-long,warning,style/policy,medium,no,code/01_platform/04_scripts/o2-provision.py,1513,0,Function too long (max: 80),def provision_dashboards() -> int:
AS-440,G11,Size pressure (long functions & large files),yes,won't-fix,code-quality,complexity/function-too-long,warning,style/policy,medium,no,code/01_platform/04_scripts/seed_alerts.py,70,0,Function too long (max: 80),def main() -> int:
AS-441,G11,Size pressure (long functions & large files),yes,won't-fix,code-quality,complexity/function-too-long,warning,style/policy,medium,no,code/01_platform/04_scripts/stale_table_kind_scan.py,610,0,Function too long (max: 80),"def scan_file(path: Path) -> list[tuple[int, int, str, str, str]]:"
AS-442,G11,Size pressure (long functions & large files),yes,won't-fix,code-quality,complexity/function-too-long,warning,style/policy,medium,no,code/01_platform/04_scripts/t8_sandbox_contract_check.py,77,0,Function too long (max: 80),def main():
AS-443,G11,Size pressure (long functions & large files),yes,won't-fix,code-quality,complexity/function-too-long,warning,style/policy,medium,no,code/01_platform/04_scripts/t9_order_sandbox.py,452,0,Function too long (max: 80),def offline_contract():
AS-444,G11,Size pressure (long functions & large files),yes,won't-fix,code-quality,complexity/function-too-long,warning,style/policy,medium,no,code/01_platform/04_scripts/t9_order_sandbox.py,918,0,Function too long (max: 80),"def run_live(transport=None, probe=None, secret=""local-dev-only"", now=None,"
AS-445,G11,Size pressure (long functions & large files),yes,won't-fix,code-quality,complexity/function-too-long,warning,style/policy,medium,no,code/01_platform/04_scripts/t9_order_sandbox.py,1176,0,Function too long (max: 80),"def _self_check(out_dir, run_id):"
AS-446,G11,Size pressure (long functions & large files),yes,won't-fix,code-quality,complexity/function-too-long,warning,style/policy,medium,no,code/01_platform/06_stage_profiler/stage_profiler.py,1317,0,Function too long (max: 80),"def build_report(phase: Path) -> tuple[list[ProfileRow], str, dict[str, int]]:"
AS-447,G11,Size pressure (long functions & large files),yes,won't-fix,code-quality,complexity/function-too-long,warning,style/policy,medium,no,code/02_services/01_ingestion/go-bridge/cmd/gen-corpus/main.go,269,0,Function too long (max: 80),func main() {
AS-448,G11,Size pressure (long functions & large files),yes,deferred,code-quality,complexity/function-too-long,warning,style/policy,medium,no,code/02_services/01_ingestion/go-bridge/faketool/main.go,37,0,Function too long (max: 80),func main() {
AS-449,G11,Size pressure (long functions & large files),yes,won't-fix,code-quality,complexity/function-too-long,warning,style/policy,medium,no,code/02_services/01_ingestion/go-bridge/main.go,103,0,Function too long (max: 80),func main() {
AS-450,G11,Size pressure (long functions & large files),yes,won't-fix,code-quality,complexity/function-too-long,warning,style/policy,medium,no,code/02_services/01_ingestion/go-bridge/main.go,404,0,Function too long (max: 80),"func runHFTEpoch(ctx context.Context, streamFactory hftStreamFactory, slot SlotAssignment, latencyMs int, responseTimeout time.Duration, epoch uint64, refreshAuth func(context.Context) error, authRefreshes *int, logf func(string, ...any)) slotEpochResult {"
AS-451,G11,Size pressure (long functions & large files),yes,won't-fix,code-quality,complexity/function-too-long,warning,style/policy,medium,no,code/02_services/01_ingestion/src/main/java/com/trading/ingestion/IngestionService.java,408,0,Function too long (max: 80),public static void main(String[] args) throws Exception {
AS-452,G11,Size pressure (long functions & large files),yes,won't-fix,code-quality,complexity/function-too-long,warning,style/policy,medium,no,code/02_services/01_ingestion/src/main/java/com/trading/ingestion/IngestionService.java,611,0,Function too long (max: 80),public void runWithBridge(String bridgeBinary) {
AS-453,G11,Size pressure (long functions & large files),yes,won't-fix,code-quality,complexity/function-too-long,warning,style/policy,medium,no,code/02_services/01_ingestion/src/main/java/com/trading/ingestion/IngestionService.java,1675,0,Function too long (max: 80),private void processBridgeEvent(BridgeEvent event) {
AS-454,G11,Size pressure (long functions & large files),yes,won't-fix,code-quality,complexity/function-too-long,warning,style/policy,medium,no,code/02_services/01_ingestion/src/main/java/com/trading/ingestion/IngestionService.java,2161,0,Function too long (max: 80),private void shutdown() {
AS-455,G11,Size pressure (long functions & large files),yes,won't-fix,code-quality,complexity/function-too-long,warning,style/policy,medium,no,code/02_services/01_ingestion/src/main/java/com/trading/ingestion/InstrumentManifestLoader.java,127,0,Function too long (max: 80),"static ManifestResult loadFromPath(String path, int version) {"
AS-456,G11,Size pressure (long functions & large files),yes,won't-fix,code-quality,complexity/function-too-long,warning,style/policy,medium,no,code/02_services/01_ingestion/src/main/java/com/trading/ingestion/config/IngestionConfig.java,188,0,Function too long (max: 80),"static IngestionConfig validateFrom(Map<String, String> env, boolean guardSecrets) {"
AS-457,G11,Size pressure (long functions & large files),yes,won't-fix,code-quality,complexity/function-too-long,warning,style/policy,medium,no,code/02_services/01_ingestion/src/main/java/com/trading/ingestion/model/TickPacket.java,103,0,Function too long (max: 80),private TickPacket(Builder b) {
AS-458,G11,Size pressure (long functions & large files),yes,won't-fix,code-quality,complexity/function-too-long,warning,style/policy,medium,no,code/02_services/01_ingestion/src/main/java/com/trading/ingestion/telemetry/OtlpMetricsEmitter.java,516,0,Function too long (max: 80),public String buildMetricsJson() {
AS-459,G11,Size pressure (long functions & large files),yes,won't-fix,code-quality,complexity/function-too-long,warning,style/policy,medium,no,code/02_services/01_ingestion/src/main/java/com/trading/ingestion/write/AppendTracker.java,90,0,Function too long (max: 80),public boolean tryAccept(int recordBytes) {
AS-460,G11,Size pressure (long functions & large files),yes,won't-fix,code-quality,complexity/function-too-long,warning,style/policy,medium,no,code/02_services/02_compute/src/main/java/com/trading/compute/signaljob/MultiTimeframeAggregateFunction.java,486,0,Function too long (max: 80),"private static boolean updateMarketSnapshot(MultiTimeframeState state, RowData tick, long eventTime) {"
AS-461,G11,Size pressure (long functions & large files),yes,deferred,code-quality,complexity/function-too-long,warning,style/policy,medium,no,code/02_services/02_compute/src/main/java/com/trading/compute/signaljob/MultiTimeframeAggregateFunction.java,699,0,Function too long (max: 80),"public void processElement(RowData tick, Context ctx, Collector<RowData> out) throws Exception {"
AS-462,G11,Size pressure (long functions & large files),yes,won't-fix,code-quality,complexity/function-too-long,warning,style/policy,medium,no,code/02_services/02_compute/src/main/java/com/trading/compute/signaljob/MultiTimeframeAggregateFunction.java,1226,0,Function too long (max: 80),"public void onTimer(long timestamp, OnTimerContext ctx, Collector<RowData> out) throws Exception {"
AS-463,G11,Size pressure (long functions & large files),yes,won't-fix,code-quality,complexity/function-too-long,warning,style/policy,medium,no,code/02_services/02_compute/src/main/java/com/trading/compute/signaljob/SignalJob.java,147,0,Function too long (max: 80),public static StreamExecutionEnvironment buildTopology(SignalJobConfig config) {
AS-464,G11,Size pressure (long functions & large files),yes,won't-fix,code-quality,complexity/function-too-long,warning,style/policy,medium,no,code/02_services/02_compute/src/main/java/com/trading/compute/signaljob/SignalJob.java,504,0,Function too long (max: 80),"static void applyRuntimeOptions(SignalJobConfig config, Configuration flinkConfig) {"
AS-465,G11,Size pressure (long functions & large files),yes,won't-fix,code-quality,complexity/function-too-long,warning,style/policy,medium,no,code/02_services/02_compute/src/main/java/com/trading/compute/signaljob/SignalJobConfig.java,189,0,Function too long (max: 80),"public static SignalJobConfig from(Map<String, String> env) {"
AS-466,G11,Size pressure (long functions & large files),yes,won't-fix,code-quality,complexity/function-too-long,warning,style/policy,medium,no,code/02_services/02_compute/src/main/java/com/trading/compute/signaljob/StrategyHostFunction.java,312,0,Function too long (max: 80),"public void processElement1(RowData live, Context ctx, Collector<RowData> out)"
AS-467,G11,Size pressure (long functions & large files),yes,false-positive,code-quality,complexity/function-too-long,warning,style/policy,medium,no,code/02_services/04_executor/src/bridge/protocol.rs,663,0,Function too long (max: 120),fn order_validation_matches_the_go_bridge() {
AS-468,G11,Size pressure (long functions & large files),yes,false-positive,code-quality,complexity/function-too-long,warning,style/policy,medium,no,code/02_services/04_executor/src/durable_file.rs,728,0,Function too long (max: 120),fn a_torn_final_line_is_dropped_but_a_corrupt_one_is_refused() {
AS-469,G11,Size pressure (long functions & large files),yes,won't-fix,code-quality,complexity/function-too-long,warning,style/policy,medium,no,code/02_services/06_execution_bridge/go-bridge/postback.go,68,0,Function too long (max: 80),"func runPostbackLoop(ctx context.Context, connect func() (OrderUpdateSource, error), publish func(ReportEnvelope) error, onError func(error), initialBackoff, maxBackoff time.Duration) {"
AS-470,G11,Size pressure (long functions & large files),yes,won't-fix,code-quality,complexity/function-too-long,warning,style/policy,medium,no,code/02_services/06_execution_gateway/src/main/java/com/trading/execution/gateway/ExecutionGatewayMain.java,72,0,Function too long (max: 80),public static void main(String[] args) throws Exception {
AS-471,G11,Size pressure (long functions & large files),yes,won't-fix,code-quality,complexity/function-too-long,warning,style/policy,medium,no,code/02_services/06_execution_gateway/src/main/java/com/trading/execution/gateway/GatewayHttpServer.java,154,0,Function too long (max: 80),private void approve(HttpExchange x) throws IOException {
AS-472,G11,Size pressure (long functions & large files),yes,deferred,code-quality,complexity/function-too-long,warning,style/policy,medium,no,code/common/src/main/java/com/trading/common/schema/ddl/DdlApplyTool.java,212,0,Function too long (max: 80),static int run(String[] args) throws Exception {
AS-473,G11,Size pressure (long functions & large files),yes,won't-fix,code-quality,complexity/function-too-long,warning,style/policy,medium,no,code/common/src/main/java/com/trading/common/schema/ddl/DdlApplyTool.java,1394,0,Function too long (max: 80),"static boolean isSmokeFixtureRow(InternalRow row, RowType rowType) {"
AS-474,G11,Size pressure (long functions & large files),yes,won't-fix,code-quality,complexity/function-too-long,warning,style/policy,medium,no,code/common/src/main/java/com/trading/common/schema/ddl/DdlText.java,129,0,Function too long (max: 80),"public static ParsedDdl parse(String text, String sourcePath) {"
AS-475,G11,Size pressure (long functions & large files),yes,won't-fix,code-quality,complexity/function-too-long,warning,style/policy,medium,no,code/common/src/main/java/com/trading/common/schema/eod/EodControllerTool.java,621,0,Function too long (max: 80),"static Options parse(String[] args, Function<String, String> env) {"
AS-476,G11,Size pressure (long functions & large files),yes,won't-fix,code-quality,complexity/function-too-long,warning,style/policy,medium,no,code/common/src/main/java/com/trading/common/schema/execution/ExecutionCommandGate.java,138,0,Function too long (max: 80),public Result execute(Command cmd) {
AS-477,G11,Size pressure (long functions & large files),yes,won't-fix,code-quality,complexity/function-too-long,warning,style/policy,medium,no,code/common/src/main/java/com/trading/common/schema/position/PositionProjector.java,77,0,Function too long (max: 80),"public static ProjectionResult apply(PositionSnapshot current, FillEvent fill, long nowMs) {"
AS-478,G11,Size pressure (long functions & large files),yes,won't-fix,code-quality,complexity/function-too-long,warning,style/policy,medium,no,code/common/src/main/java/com/trading/common/schema/projection/PostbackProjectionDriver.java,77,0,Function too long (max: 80),"public ProjectionResult project(NormalizedPostback postback, long nowMs) {"
AS-479,G10,Structural maintainability (nesting & params),yes,false-positive,code-quality,complexity/too-many-params,warning,style/policy,medium,no,code/01_platform/04_scripts/env_facts.py,116,0,Function has too many parameters (max: 6),"def render_row(num, title, status, verified, check, recheck, body):"
AS-480,G10,Structural maintainability (nesting & params),yes,false-positive,code-quality,complexity/too-many-params,warning,style/policy,medium,no,code/01_platform/04_scripts/stale_table_kind_scan.py,541,0,Function has too many parameters (max: 6),"def classify_status(lines: list[str], idx: int, claim_type: str, span: str,"
AS-481,G10,Structural maintainability (nesting & params),yes,false-positive,code-quality,complexity/too-many-params,warning,style/policy,medium,no,code/01_platform/04_scripts/stale_table_kind_scan.py,554,0,Function has too many parameters (max: 6),"def classify_numeric(lines: list[str], idx: int, claim_type: str, m: re.Match,"
AS-482,G10,Structural maintainability (nesting & params),yes,false-positive,code-quality,complexity/too-many-params,warning,style/policy,medium,no,code/01_platform/04_scripts/stale_table_kind_scan.py,581,0,Function has too many parameters (max: 6),"def classify(lines: list[str], idx: int, claim_type: str, span: str,"
AS-483,G10,Structural maintainability (nesting & params),yes,false-positive,code-quality,complexity/too-many-params,warning,style/policy,medium,no,code/01_platform/04_scripts/t9_order_sandbox.py,218,0,Function has too many parameters (max: 6),"def canonical(protocol_version, message_type, request_id, account_scope_id,"
AS-484,G10,Structural maintainability (nesting & params),yes,false-positive,code-quality,complexity/too-many-params,warning,style/policy,medium,no,code/01_platform/04_scripts/t9_order_sandbox.py,247,0,Function has too many parameters (max: 6),"def encode_envelope(secret, protocol_version, message_type, request_id,"
AS-485,G10,Structural maintainability (nesting & params),yes,false-positive,code-quality,complexity/too-many-params,warning,style/policy,medium,no,code/02_services/01_ingestion/go-bridge/main.go,358,0,Function has too many parameters (max: 6),"func runHFT(ctx context.Context, cancel context.CancelFunc, client *arrow.Client, plan SubscriptionPlan, latencyMs int, responseTimeout time.Duration, refreshAuth func(context.Context) error, logf func(string, ...any)) bool {"
AS-486,G10,Structural maintainability (nesting & params),yes,false-positive,code-quality,complexity/too-many-params,warning,style/policy,medium,no,code/02_services/01_ingestion/go-bridge/main.go,404,0,Function has too many parameters (max: 6),"func runHFTEpoch(ctx context.Context, streamFactory hftStreamFactory, slot SlotAssignment, latencyMs int, responseTimeout time.Duration, epoch uint64, refreshAuth func(context.Context) error, authRefreshes *int, logf func(string, ...any)) slotEpochResult {"
AS-487,G10,Structural maintainability (nesting & params),yes,false-positive,code-quality,complexity/too-many-params,warning,style/policy,medium,no,code/02_services/01_ingestion/src/main/java/com/trading/ingestion/health/HealthProbe.java,213,0,Function has too many parameters (max: 6),"public void updateSlot(String slotId, String state, long epoch, int assigned, int acknowledged, int rejected, long frameNanos) {"
AS-488,G12,Formatting,yes,false-positive,format,python-formatting,warning,style/policy,medium,yes,code/01_platform/01_docker/alert-consumer.py,0,0,Python file is not formatted correctly,
AS-489,G12,Formatting,yes,false-positive,format,python-formatting,warning,style/policy,medium,yes,code/01_platform/04_scripts/alert-routing-selftest.py,0,0,Python file is not formatted correctly,
AS-490,G12,Formatting,yes,false-positive,format,python-formatting,warning,style/policy,medium,yes,code/01_platform/04_scripts/audit_r2.py,0,0,Python file is not formatted correctly,
AS-491,G12,Formatting,yes,false-positive,format,python-formatting,warning,style/policy,medium,yes,code/01_platform/04_scripts/catalog_drift.py,0,0,Python file is not formatted correctly,
AS-492,G12,Formatting,yes,false-positive,format,python-formatting,warning,style/policy,medium,yes,code/01_platform/04_scripts/change_control_check.py,0,0,Python file is not formatted correctly,
AS-493,G12,Formatting,yes,false-positive,format,python-formatting,warning,style/policy,medium,yes,code/01_platform/04_scripts/check_flink_properties.py,0,0,Python file is not formatted correctly,
AS-494,G12,Formatting,yes,false-positive,format,python-formatting,warning,style/policy,medium,yes,code/01_platform/04_scripts/clean_break_drill.py,0,0,Python file is not formatted correctly,
AS-495,G12,Formatting,yes,false-positive,format,python-formatting,warning,style/policy,medium,yes,code/01_platform/04_scripts/cluster_check.py,0,0,Python file is not formatted correctly,
AS-496,G12,Formatting,yes,false-positive,format,python-formatting,warning,style/policy,medium,yes,code/01_platform/04_scripts/compose_config_redact.py,0,0,Python file is not formatted correctly,
AS-497,G12,Formatting,yes,false-positive,format,python-formatting,warning,style/policy,medium,yes,code/01_platform/04_scripts/cp_phase_capture.py,0,0,Python file is not formatted correctly,
AS-498,G12,Formatting,yes,false-positive,format,python-formatting,warning,style/policy,medium,yes,code/01_platform/04_scripts/day_run.py,0,0,Python file is not formatted correctly,
AS-499,G12,Formatting,yes,false-positive,format,python-formatting,warning,style/policy,medium,yes,code/01_platform/04_scripts/ddl_apply.py,0,0,Python file is not formatted correctly,
AS-500,G12,Formatting,yes,false-positive,format,python-formatting,warning,style/policy,medium,yes,code/01_platform/04_scripts/ddl_apply_smoke.py,0,0,Python file is not formatted correctly,
AS-501,G12,Formatting,yes,false-positive,format,python-formatting,warning,style/policy,medium,yes,code/01_platform/04_scripts/deploy_preflight.py,0,0,Python file is not formatted correctly,
AS-502,G12,Formatting,yes,false-positive,format,python-formatting,warning,style/policy,medium,yes,code/01_platform/04_scripts/deployed_artifact_verify.py,0,0,Python file is not formatted correctly,
AS-503,G12,Formatting,yes,false-positive,format,python-formatting,warning,style/policy,medium,yes,code/01_platform/04_scripts/disaster_drills.py,0,0,Python file is not formatted correctly,
AS-504,G12,Formatting,yes,false-positive,format,python-formatting,warning,style/policy,medium,yes,code/01_platform/04_scripts/docs_audit.py,0,0,Python file is not formatted correctly,
AS-505,G12,Formatting,yes,false-positive,format,python-formatting,warning,style/policy,medium,yes,code/01_platform/04_scripts/env_facts.py,0,0,Python file is not formatted correctly,
AS-506,G12,Formatting,yes,false-positive,format,python-formatting,warning,style/policy,medium,yes,code/01_platform/04_scripts/eod_controller.py,0,0,Python file is not formatted correctly,
AS-507,G12,Formatting,yes,false-positive,format,python-formatting,warning,style/policy,medium,yes,code/01_platform/04_scripts/eod_schedule.py,0,0,Python file is not formatted correctly,
AS-508,G12,Formatting,yes,false-positive,format,python-formatting,warning,style/policy,medium,yes,code/01_platform/04_scripts/evidence_ownership_check.py,0,0,Python file is not formatted correctly,
AS-509,G12,Formatting,yes,false-positive,format,python-formatting,warning,style/policy,medium,yes,code/01_platform/04_scripts/execution_network_check.py,0,0,Python file is not formatted correctly,
AS-510,G12,Formatting,yes,false-positive,format,python-formatting,warning,style/policy,medium,yes,code/01_platform/04_scripts/fluss-client-metrics.py,0,0,Python file is not formatted correctly,
AS-511,G12,Formatting,yes,false-positive,format,python-formatting,warning,style/policy,medium,yes,code/01_platform/04_scripts/fluss-repair/LogScan.py,0,0,Python file is not formatted correctly,
AS-512,G12,Formatting,yes,false-positive,format,python-formatting,warning,style/policy,medium,yes,code/01_platform/04_scripts/fluss-repair/verify-and-truncate.py,0,0,Python file is not formatted correctly,
AS-513,G12,Formatting,yes,false-positive,format,python-formatting,warning,style/policy,medium,yes,code/01_platform/04_scripts/fused_timeline.py,0,0,Python file is not formatted correctly,
AS-514,G12,Formatting,yes,false-positive,format,python-formatting,warning,style/policy,medium,yes,code/01_platform/04_scripts/gate_memo.py,0,0,Python file is not formatted correctly,
AS-515,G12,Formatting,yes,false-positive,format,python-formatting,warning,style/policy,medium,yes,code/01_platform/04_scripts/gate_preflight.py,0,0,Python file is not formatted correctly,
AS-516,G12,Formatting,yes,false-positive,format,python-formatting,warning,style/policy,medium,yes,code/01_platform/04_scripts/holistic-analyze.py,0,0,Python file is not formatted correctly,
AS-517,G12,Formatting,yes,false-positive,format,python-formatting,warning,style/policy,medium,yes,code/01_platform/04_scripts/image_staleness_check.py,0,0,Python file is not formatted correctly,
AS-518,G12,Formatting,yes,false-positive,format,python-formatting,warning,style/policy,medium,yes,code/01_platform/04_scripts/implementation_gate.py,0,0,Python file is not formatted correctly,
AS-519,G12,Formatting,yes,false-positive,format,python-formatting,warning,style/policy,medium,yes,code/01_platform/04_scripts/ing-tcp001/reconcile-compare.py,0,0,Python file is not formatted correctly,
AS-520,G12,Formatting,yes,false-positive,format,python-formatting,warning,style/policy,medium,yes,code/01_platform/04_scripts/jfr-analyze.py,0,0,Python file is not formatted correctly,
AS-521,G12,Formatting,yes,false-positive,format,python-formatting,warning,style/policy,medium,yes,code/01_platform/04_scripts/latency_probe.py,0,0,Python file is not formatted correctly,
AS-522,G12,Formatting,yes,false-positive,format,python-formatting,warning,style/policy,medium,yes,code/01_platform/04_scripts/local_int_004_smoke.py,0,0,Python file is not formatted correctly,
AS-523,G12,Formatting,yes,false-positive,format,python-formatting,warning,style/policy,medium,yes,code/01_platform/04_scripts/o2-provision.py,0,0,Python file is not formatted correctly,
AS-524,G12,Formatting,yes,false-positive,format,python-formatting,warning,style/policy,medium,yes,code/01_platform/04_scripts/o2_ingest.py,0,0,Python file is not formatted correctly,
AS-525,G12,Formatting,yes,false-positive,format,python-formatting,warning,style/policy,medium,yes,code/01_platform/04_scripts/perf_evidence_parse.py,0,0,Python file is not formatted correctly,
AS-526,G12,Formatting,yes,false-positive,format,python-formatting,warning,style/policy,medium,yes,code/01_platform/04_scripts/pernode_attribution_check.py,0,0,Python file is not formatted correctly,
AS-527,G12,Formatting,yes,false-positive,format,python-formatting,warning,style/policy,medium,yes,code/01_platform/04_scripts/placement_check.py,0,0,Python file is not formatted correctly,
AS-528,G12,Formatting,yes,false-positive,format,python-formatting,warning,style/policy,medium,yes,code/01_platform/04_scripts/plan_tracker.py,0,0,Python file is not formatted correctly,
AS-529,G12,Formatting,yes,false-positive,format,python-formatting,warning,style/policy,medium,yes,code/01_platform/04_scripts/pom-snapshot-scan.py,0,0,Python file is not formatted correctly,
AS-530,G12,Formatting,yes,false-positive,format,python-formatting,warning,style/policy,medium,yes,code/01_platform/04_scripts/prod_node_check.py,0,0,Python file is not formatted correctly,
AS-531,G12,Formatting,yes,false-positive,format,python-formatting,warning,style/policy,medium,yes,code/01_platform/04_scripts/r2_archive_selection.py,0,0,Python file is not formatted correctly,
AS-532,G12,Formatting,yes,false-positive,format,python-formatting,warning,style/policy,medium,yes,code/01_platform/04_scripts/r2_archive_sync.py,0,0,Python file is not formatted correctly,
AS-533,G12,Formatting,yes,false-positive,format,python-formatting,warning,style/policy,medium,yes,code/01_platform/04_scripts/r2_legal_hold_check.py,0,0,Python file is not formatted correctly,
AS-534,G12,Formatting,yes,false-positive,format,python-formatting,warning,style/policy,medium,yes,code/01_platform/04_scripts/seed_alerts.py,0,0,Python file is not formatted correctly,
AS-535,G12,Formatting,yes,false-positive,format,python-formatting,warning,style/policy,medium,yes,code/01_platform/04_scripts/seed_dashboards.py,0,0,Python file is not formatted correctly,
AS-536,G12,Formatting,yes,false-positive,format,python-formatting,warning,style/policy,medium,yes,code/01_platform/04_scripts/skip_inventory.py,0,0,Python file is not formatted correctly,
AS-537,G12,Formatting,yes,false-positive,format,python-formatting,warning,style/policy,medium,yes,code/01_platform/04_scripts/soak-o2-evidence.py,0,0,Python file is not formatted correctly,
AS-538,G12,Formatting,yes,false-positive,format,python-formatting,warning,style/policy,medium,yes,code/01_platform/04_scripts/stage_capture_parse.py,0,0,Python file is not formatted correctly,
AS-539,G12,Formatting,yes,false-positive,format,python-formatting,warning,style/policy,medium,yes,code/01_platform/04_scripts/stage_gc_summary.py,0,0,Python file is not formatted correctly,
AS-540,G12,Formatting,yes,false-positive,format,python-formatting,warning,style/policy,medium,yes,code/01_platform/04_scripts/stale_table_kind_scan.py,0,0,Python file is not formatted correctly,
AS-541,G12,Formatting,yes,false-positive,format,python-formatting,warning,style/policy,medium,yes,code/01_platform/04_scripts/strategy_live_board.py,0,0,Python file is not formatted correctly,
AS-542,G12,Formatting,yes,false-positive,format,python-formatting,warning,style/policy,medium,yes,code/01_platform/04_scripts/t8_sandbox_contract_check.py,0,0,Python file is not formatted correctly,
AS-543,G12,Formatting,yes,false-positive,format,python-formatting,warning,style/policy,medium,yes,code/01_platform/04_scripts/t9_order_sandbox.py,0,0,Python file is not formatted correctly,
AS-544,G12,Formatting,yes,false-positive,format,python-formatting,warning,style/policy,medium,yes,code/01_platform/04_scripts/tablet-orphan-sweep.py,0,0,Python file is not formatted correctly,
AS-545,G12,Formatting,yes,false-positive,format,python-formatting,warning,style/policy,medium,yes,code/01_platform/04_scripts/values_at_rest_scan.py,0,0,Python file is not formatted correctly,
AS-546,G12,Formatting,yes,false-positive,format,python-formatting,warning,style/policy,medium,yes,code/01_platform/04_scripts/version_matrix_verify.py,0,0,Python file is not formatted correctly,
AS-547,G12,Formatting,yes,false-positive,format,python-formatting,warning,style/policy,medium,yes,code/01_platform/05_instruments/split_manifest.py,0,0,Python file is not formatted correctly,
AS-548,G12,Formatting,yes,false-positive,format,python-formatting,warning,style/policy,medium,yes,code/01_platform/06_stage_profiler/stage_profiler.py,0,0,Python file is not formatted correctly,
