"Exchange","Segment","ExchSeg","Token","FullName","Symbol","TradingSymbol","Series","ISIN","LotSize","TickSize","PricePrecision","OptionType","Underlying","UnderlyingToken","StrikePrice","Expiry","FreezeQty","Lower Band","Upper Band","SurCodes","Events","ExchangeID","Multiplier","SettlementType",,,
"NSE","CM","NSECM",757614,"ARISINFRA SOLUTIONS LTD","ARIS","ARIS-EQ","EQ","INE0H9P01028",1,0.01,2,,,0,0,,812542,98.45,147.67,,,757614,1,,,,
"NSE","CM","NSECM",762583,"BILCARE LTD.","BI","BI-EQ","EQ","INE986A01012",1,0.01,2,,,0,0,,769928,47.42,71.12,2300,,762583,1,,,,
"NSE","CM","NSECM",9342,"PRITISH NANDY COMMUNICATI","PNC","PNC-EQ","EQ","INE392B01011",1,0.01,2,,,0,0,,473069,17.42,21.28,2200,2300,4300,,9342,1,,
"NSE","CM","NSECM",8944,"RITCO LOGISTICS LIMITED","RITCO","RITCO-EQ","EQ","INE01EG01016",1,0.05,2,,,0,0,,336459,237.8,356.6,,,8944,1,,,,
"NSE","CM","NSECM",1660,"ITC LTD","ITC","ITC-EQ","EQ","INE154A01025",1,0.05,2,,,0,0,,350824,255.15,311.75,,,1660,1,,,,
"NSE","CM","NSECM",763530,"DSPAMC - FMCGADD","FMCGADD","FMCGADD-EQ","EQ","INF740KA1ZA4",1,0.01,2,,,0,0,,38783,39.35,59.01,,,763530,1,,,,
"NSE","CM","NSECM",2493,"ORIENT HOTELS LTD","ORIENTHOT","ORIENTHOT-EQ","EQ","INE750A01020",1,0.01,2,,,0,0,,741542,107.88,161.8,,"Final Dividend - Rs. - 0.6500","23 Jul 2026",2493,1,,,
"NSE","CM","NSECM",21770,"ICICI LOMBARD GIC LIMITED","ICICIGI","ICICIGI-EQ","EQ","INE765G01017",1,0.1,2,,,0,0,,59899,1495.7,1827.9,,,21770,1,,,,
"NSE","CM","NSECM",19878,"ESAF SMALL FINANCE BANK L","ESAFSFB","ESAFSFB-EQ","EQ","INE818W01011",1,0.01,2,,,0,0,,2584401,30.96,46.42,2200,3300,,19878,1,,,
"NSE","CM","NSECM",7979,"MIRAEAMC - MAMFGETF","MAKEINDIA","MAKEINDIA-EQ","EQ","INF769K01IB1",1,0.01,2,,,0,0,,508328,129.56,194.34,,,7979,1,,,,
"NSE","CM","NSECM",23804,"ADITYBIRLA SL GOLD ETF-GR","BSLGOLDETF","BSLGOLDETF-EQ","EQ","INF209KB18D3",1,0.01,2,,,0,0,,791898,101.02,151.52,,,23804,1,,,,
"NSE","CM","NSECM",1134,"APOLLO MICRO SYSTEMS LTD","APOLLO","APOLLO-EQ","EQ","INE713T01028",1,0.05,2,,,0,0,,253328,315.45,473.15,201,2100,,1134,1,,,
"NSE","CM","NSECM",9553,"PRUDENT CORP ADV SER LTD","PRUDENT","PRUDENT-EQ","EQ","INE00F201020",1,0.1,2,,,0,0,,34946,2287.2,3430.6,2100,,9553,1,,,,
"NSE","CM","NSECM",9408,"RAINBOW CHILDRENS MED LTD","RAINBOW","RAINBOW-EQ","EQ","INE961O01016",1,0.1,2,,,0,0,,68551,1166.3,1749.3,2100,"Final Dividend - Rs. - 3.5000","21 Jul 2026",9408,1,,,
"NSE","CM","NSECM",1720,"JAYSHREE TEA & INDUSTRIES","JAYSREETEA","JAYSREETEA-EQ","EQ","INE364A01020",1,0.01,2,,,0,0,,944292,64.55,96.81,2200,,1720,1,,,,
"NSE","CM","NSECM",21726,"MATRIMONY.COM LIMITED","MATRIMONY","MATRIMONY-EQ","EQ","INE866R01028",1,0.05,2,,,0,0,,234704,340.85,511.25,,"Final Dividend - Rs. - 5.0000","05 Aug 2026",21726,1,,,
"NSE","CM","NSECM",18543,"DIAMOND POWER INFRA LTD","DIACABS","DIACABS-EQ","EQ","INE989C01038",1,0.01,2,,,0,0,,338314,280.4,309.9,2100,2600,2700,3900,,18543,1,
"NSE","CM","NSECM",2614,"HERANBA INDUSTRIES LTD","HERANBA","HERANBA-EQ","EQ","INE694N01015",1,0.01,2,,,0,0,,571551,139.97,209.95,2200,4300,,2614,1,,,
"NSE","CM","NSECM",236,"ASIAN PAINTS LIMITED","ASIANPAINT","ASIANPAINT-EQ","EQ","INE021A01026",1,0.1,2,,,0,0,,37407,2374.2,2901.6,2100,,236,1,,,,
"NSE","CM","NSECM",759012,"GANESH CONSUMER PRODUCT L","GANESHCP","GANESHCP-EQ","EQ","INE652V01016",1,0.01,2,,,0,0,,581905,137.48,206.2,,,759012,1,,,,
"NSE","CM","NSECM",762568,"BATLIBOI LTD.","BATLIBOI","BATLIBOI-EQ","EQ","INE177C01022",1,0.01,2,,,0,0,,1177416,67.95,101.91,,"Final Dividend - Rs. - 0.6000","31 Jul 2026",762568,1,,,
"NSE","CM","NSECM",30155,"AXISAMC-VALUEAXIS","VALUEAXIS","VALUEAXIS-EQ","EQ","INF846KA1119",1,0.01,2,,,0,0,,338408,26.05,39.07,,,30155,1,,,,
"NSE","CM","NSECM",25851,"ICICIPRAMC - VAL30IETF","VAL30IETF","VAL30IETF-EQ","EQ","INF109KC16X5",1,0.01,2,,,0,0,,1037464,12.24,18.34,,,25851,1,,,,
"NSE","CM","NSECM",17419,"MIRAEAMC - BANKETF","BANKETF","BANKETF-EQ","EQ","INF769K01KR3",1,0.01,2,,,0,0,,173423,461.29,691.93,,,17419,1,,,,
"NSE","CM","NSECM",12842,"G1NSETEST","G1NSETEST","G1NSETEST-EQ","EQ","DUMMYSAN002",1,0.05,2,,,0,0,,0,156,234,,,12842,1,,,,
"NSE","CM","NSECM",18220,"KIRLOSKAR ELECTRIC CO LTD","KECL","KECL-EQ","EQ","INE134B01017",1,0.01,2,,,0,0,,800952,112.37,137.33,2100,,18220,1,,,,
"NSE","CM","NSECM",30455,"SPECTRUM ELECTRIC IND LTD","SPECTRUM","SPECTRUM-EQ","EQ","INE01EO01010",1,0.1,2,,,0,0,,43824,1825.3,2737.9,201,2100,,30455,1,,,
"NSE","CM","NSECM",762767,"MADHAV INFRA PROJECTS L","MADHAVIPL","MADHAVIPL-EQ","EQ","INE631R01026",1,0.01,2,,,0,0,,8815316,6.28,9.42,,,762767,1,,,,
"NSE","CM","NSECM",762548,"ASHIKA GLOBAL SEC LTD","ASHIKAG","ASHIKAG-EQ","EQ","INE094B01013",1,0.05,2,,,0,0,,250458,319.4,479.1,,,762548,1,,,,
"NSE","CM","NSECM",10723,"ICICIPRAMC - ICICIINFRA","INFRAIETF","INFRAIETF-EQ","EQ","INF109KC16E5",1,0.01,2,,,0,0,,1048404,76.31,114.45,,,10723,1,,,,
"NSE","CM","NSECM",759374,"MOTILALAMC - MOENERGY","MOENERGY","MOENERGY-EQ","EQ","INF247L01GH7",1,0.01,2,,,0,0,,580750,31.31,46.95,,,759374,1,,,,
"NSE","CM","NSECM",11423,"DATAMATICS GLOBAL SER LTD","DATAMATICS","DATAMATICS-EQ","EQ","INE365B01017",1,0.05,2,,,0,0,,121699,657.2,985.8,,,11423,1,,,,
"NSE","CM","NSECM",14778,"131NSETEST","131NSETEST","131NSETEST-EQ","EQ","DUMMYSAN017",1,0.05,2,,,0,0,,0,180,220,,,14778,1,,,,
"NSE","CM","NSECM",23693,"INDEGENE LIMITED","INDGN","INDGN-EQ","EQ","INE065X01017",1,0.05,2,,,0,0,,202882,394.15,591.15,,"Final Dividend - Rs. - 2.2500","31 Jul 2026",23693,1,,,
"NSE","CM","NSECM",28046,"ONE MOBIKWIK SYSTEMS LTD","MOBIKWIK","MOBIKWIK-EQ","EQ","INE0HLU01028",1,0.01,2,,,0,0,,497416,160.82,241.22,2200,,28046,1,,,,
"NSE","CM","NSECM",13496,"PRIME FOCUS LIMITED","PFOCUS","PFOCUS-EQ","EQ","INE367G01038",1,0.01,2,,,0,0,,345314,231.44,347.14,2100,3200,4300,,13496,1,,
"NSE","CM","NSECM",17957,"MMTC LIMITED","MMTC","MMTC-EQ","EQ","INE123F01029",1,0.01,2,,,0,0,,1624498,49.22,73.82,,,17957,1,,,,
"NSE","CM","NSECM",12026,"SHREE RENUKA SUGARS LTD","RENUKA","RENUKA-EQ","EQ","INE087H01022",1,0.01,2,,,0,0,,4497497,17.79,26.67,2200,,12026,1,,,,
"NSE","CM","NSECM",8003,"BIRLASLAMC - SILVER","SILVER","SILVER-EQ","EQ","INF209KB19F6",1,0.01,2,,,0,0,,453204,176.5,264.74,,,8003,1,,,,
"NSE","CM","NSECM",13211,"JAGRAN PRAKASHAN LIMITED","JAGRAN","JAGRAN-EQ","EQ","INE199G01027",1,0.01,2,,,0,0,,1591051,50.28,75.42,,,13211,1,,,,
"NSE","CM","NSECM",15179,"ECLERX SERVICES LTD","ECLERX","ECLERX-EQ","EQ","INE738I01010",1,0.1,2,,,0,0,,53701,1489.2,2233.8,501,,15179,1,,,,
"NSE","CM","NSECM",5528,"KOTHARI PRODUCTS LTD","KOTHARIPRO","KOTHARIPRO-EQ","EQ","INE823A01017",1,0.01,2,,,0,0,,1468854,54.47,81.69,2100,2300,,5528,1,,,
"NSE","CM","NSECM",20760,"R.P.P INFRA PROJECTS LTD","RPPINFRA","RPPINFRA-EQ","EQ","INE324L01013",1,0.01,2,,,0,0,,1621458,49.2,73.8,4200,4300,,20760,1,,,
"NSE","CM","NSECM",11532,"ULTRATECH CEMENT LIMITED","ULTRACEMCO","ULTRACEMCO-EQ","EQ","INE481G01011",1,1,2,,,0,0,,8250,10662,13030,,"Final Dividend - Rs. - 240.0000","30 Jul 2026",11532,1,,,
"NSE","CM","NSECM",17616,"DSPAMC - DSPPSBKETF","PSUBANKADD","PSUBANKADD-EQ","EQ","INF740KA1SY9",1,0.01,2,,,0,0,,1191158,67.16,100.74,,,17616,1,,,,
"NSE","CM","NSECM",21828,"TEXMACO RAIL & ENG. LTD.","TEXRAIL","TEXRAIL-EQ","EQ","INE621L01012",1,0.01,2,,,0,0,,908120,88.07,132.09,,,21828,1,,,,
"NSE","CM","NSECM",1145,"GUJ IND POW CO. LTD","GIPCL","GIPCL-EQ","EQ","INE162A01010",1,0.01,2,,,0,0,,635918,125.79,188.67,,,1145,1,,,,
"NSE","CM","NSECM",28662,"DAM CAPITAL ADVISORS LTD","DAMCAPITAL","DAMCAPITAL-EQ","EQ","INE284H01025",1,0.01,2,,,0,0,,633345,126.31,189.45,,,28662,1,,,,
"NSE","CM","NSECM",758165,"GROWWAMC - GROWWPOWER","GROWWPOWER","GROWWPOWER-EQ","EQ","INF666M01LM6",1,0.01,2,,,0,0,,7320043,9.37,14.05,,,758165,1,,,,
"NSE","CM","NSECM",19126,"KIOCL LIMITED","KIOCL","KIOCL-EQ","EQ","INE880L01014",1,0.05,2,,,0,0,,286249,279,418.5,2100,,19126,1,,,,
"NSE","CM","NSECM",757167,"MOTILALAMC - MONEXT50","MONEXT50","MONEXT50-EQ","EQ","INF247L01FD8",1,0.01,2,,,0,0,,116737,57.32,85.98,,,757167,1,,,,
"NSE","CM","NSECM",2514,"OSWAL AGRO MILLS LTD","OSWALAGRO","OSWALAGRO-EQ","EQ","INE142A01012",1,0.01,2,,,0,0,,2672344,33.68,41.16,2100,2300,4300,,2514,1,,
"NSE","CM","NSECM",19585,"BSE LIMITED","BSE","BSE-EQ","EQ","INE118H01025",1,0.1,2,,,0,0,,28143,3194.8,3904.6,2100,,19585,1,,,,
"NSE","CM","NSECM",3321,"SPML INFRA LIMITED","SPMLINFRA","SPMLINFRA-EQ","EQ","INE937A01023",1,0.01,2,,,0,0,,501482,159.52,239.26,,,3321,1,,,,
"NSE","CM","NSECM",19597,"IRM ENERGY LIMITED","IRMENERGY","IRMENERGY-EQ","EQ","INE07U701015",1,0.05,2,,,0,0,,392816,229.1,280,201,,19597,1,,,,
"NSE","CM","NSECM",10768,"ORIENTAL AROMATICS LTD","OAL","OAL-EQ","EQ","INE959C01023",1,0.05,2,,,0,0,,268083,298.4,447.6,2100,"Final Dividend - Rs. - 0.5000","05 Aug 2026",10768,1,,,
"NSE","CM","NSECM",393,"GLOBE ENTERPRISE (I) LTD","GLOBE","GLOBE-EQ","EQ","INE581X01021",1,0.01,2,,,0,0,,14728693,1.72,2.56,,,393,1,,,,
"NSE","CM","NSECM",9253,"NILA INFRASTRUCTURES LTD","NILAINFRA","NILAINFRA-EQ","EQ","INE937C01029",1,0.01,2,,,0,0,,12880175,5.86,8.78,,,9253,1,,,,
"NSE","CM","NSECM",5407,"CARTRADE TECH LIMITED","CARTRADE","CARTRADE-EQ","EQ","INE290S01011",1,0.1,2,,,0,0,,37601,2125.2,3187.6,2100,3300,3900,,5407,1,,
"NSE","CM","NSECM",11377,"BANK OF MAHARASHTRA","MAHABANK","MAHABANK-EQ","EQ","INE457A01014",1,0.01,2,,,0,0,,1230647,64.83,97.23,,,11377,1,,,,
"NSE","CM","NSECM",18151,"TVS SUPPLY CHAIN SOL L","TVSSCS","TVSSCS-EQ","EQ","INE395N01027",1,0.01,2,,,0,0,,750887,119.82,146.44,2100,,18151,1,,,,
"NSE","CM","NSECM",3048,"SHIPPING CORP OF INDIA LT","SCI","SCI-EQ","EQ","INE109A01011",1,0.05,2,,,0,0,,363322,220.1,330.1,,,3048,1,,,,
"NSE","CM","NSECM",9219,"TPL PLASTECH LIMITED","TPLPLASTEH","TPLPLASTEH-EQ","EQ","INE413G01022",1,0.01,2,,,0,0,,1300387,61.52,92.28,,,9219,1,,,,
"NSE","CM","NSECM",18214,"TEXMO PIPE & PRODUCTS LTD","TEXMOPIPES","TEXMOPIPES-EQ","EQ","INE141K01013",1,0.01,2,,,0,0,,954675,34.44,51.64,,,18214,1,,,,
"NSE","CM","NSECM",758145,"SRI LOTUS DEVLPRS N RTY L","LOTUSDEV","LOTUSDEV-EQ","EQ","INE0V9Q01010",1,0.01,2,,,0,0,,554211,171.38,189.4,2600,2900,,758145,1,,,
"NSE","CM","NSECM",20293,"TATA TECHNOLOGIES LIMITED","TATATECH","TATATECH-EQ","EQ","INE142M01025",1,0.05,2,,,0,0,,140492,568.8,853.2,2100,,20293,1,,,,
"NSE","CM","NSECM",760183,"CLEAN MAX ENVIRO EN SOL L","CLEANMAX","CLEANMAX-EQ","EQ","INE647U01026",1,0.1,2,,,0,0,,68634,1165.6,1748.2,2100,4100,,760183,1,,,
"NSE","CM","NSECM",29087,"QUADRANT FUTURE TEK LTD","QUADFUTURE","QUADFUTURE-EQ","EQ","INE0LRY01011",1,0.05,2,,,0,0,,276958,288.85,433.25,2200,,29087,1,,,,
"NSE","CM","NSECM",762757,"KWALITY PHARMACEUTICALS L","KPL","KPL-EQ","EQ","INE552U01010",1,0.1,2,,,0,0,,35942,2225.4,3338,3300,3900,,762757,1,,,
"NSE","CM","NSECM",21423,"MOTILAL OS MIDCAP100 ETF","MOM100","MOM100-EQ","EQ","INF247L01023",1,0.01,2,,,0,0,,1502959,53.23,79.83,,,21423,1,,,,
"NSE","CM","NSECM",12603,"PRECISION CAMSHAFTS LTD.","PRECAM","PRECAM-EQ","EQ","INE484I01029",1,0.01,2,,,0,0,,721226,110.92,166.38,4300,"Final Dividend - Rs. - 1.0000","23 Jul 2026",12603,1,,,
"NSE","CM","NSECM",14101,"PTL ENTERPRISES LTD","PTL","PTL-EQ","EQ","INE034D01049",1,0.01,2,,,0,0,,2547064,31.41,47.11,,,14101,1,,,,
"NSE","CM","NSECM",24366,"SBIAMC - SBISILVER","SBISILVER","SBISILVER-EQ","EQ","INF200KB1217",1,0.01,2,,,0,0,,461727,173.24,259.86,,,24366,1,,,,
"NSE","CM","NSECM",12490,"VINNY OVERSEAS LIMITED","VINNY","VINNY-EQ","EQ","INE01KI01027",1,0.01,2,,,0,0,,15213563,0.86,1.28,2100,,12490,1,,,,
"NSE","CM","NSECM",3481,"THOMAS COOK (INDIA) LTD","THOMASCOOK","THOMASCOOK-EQ","EQ","INE332A01027",1,0.01,2,,,0,0,,1021665,78.28,117.42,,"Final Dividend - Rs. - 0.5000","27 Aug 2026",3481,1,,,
"NSE","CM","NSECM",763784,"ALLCARGO GLOBAL LIMITED","AGL","AGL-EQ","EQ","INE1YPB01014",1,0.01,2,,,0,0,,7948740,11.33,13.83,3700,3900,,763784,1,,,
"NSE","CM","NSECM",19943,"DEEPAK NITRITE LTD","DEEPAKNTR","DEEPAKNTR-EQ","EQ","INE288B01029",1,0.1,2,,,0,0,,60830,1313.7,1970.5,,"Final Dividend - Rs. - 7.5000","27 Jul 2026",19943,1,,,
"NSE","CM","NSECM",758558,"KALPATARU LIMITED","KALPATARU","KALPATARU-EQ","EQ","INE227J01012",1,0.05,2,,,0,0,,375380,239.75,292.95,2100,,758558,1,,,,
"NSE","CM","NSECM",19205,"HEADS UP VENTURES LIMITED","HEADSUP","HEADSUP-EQ","EQ","INE759V01019",1,0.01,2,,,0,0,,722100,5.69,8.53,2200,2300,,19205,1,,,
"NSE","CM","NSECM",2616,"SEAMEC LIMITED","SEAMECLTD","SEAMECLTD-EQ","EQ","INE497B01018",1,0.1,2,,,0,0,,71595,1117.1,1675.5,,,2616,1,,,,
"NSE","CM","NSECM",6125,"GOODLUCK INDIA LIMITED","GOODLUCK","GOODLUCK-EQ","EQ","INE127I01024",1,0.1,2,,,0,0,,66143,1209.3,1813.9,,,6125,1,,,,
"NSE","CM","NSECM",764121,"RIR POWER ELECTRONICS L","RIR","RIR-EQ","EQ","INE302D01024",1,0.01,2,,,0,0,,634827,126.01,189.01,,,764121,1,,,,
"NSE","CM","NSECM",2306,"BEST AGROLIFE LIMITED","BESTAGRO","BESTAGRO-EQ","EQ","INE052T01021",1,0.01,2,,,0,0,,6596172,12.13,18.19,2100,4300,,2306,1,,,
"NSE","CM","NSECM",18143,"JIO FIN SERVICES LTD","JIOFIN","JIOFIN-EQ","EQ","INE758E01017",1,0.01,2,,,0,0,,422600,211.24,258.18,2100,,18143,1,,,,
"NSE","CM","NSECM",2492,"SILGO RETAIL LIMITED","SILGO","SILGO-EQ","EQ","INE01II01013",1,0.01,2,,,0,0,,1284789,59.25,88.87,2100,2300,,2492,1,,,
"NSE","CM","NSECM",1879,"CARYSIL LIMITED","CARYSIL","CARYSIL-EQ","EQ","INE482D01024",1,0.1,2,,,0,0,,88825,900.6,1350.8,,,1879,1,,,,
"NSE","CM","NSECM",758952,"EDELAMC - ELM250","ELM250","ELM250-EQ","EQ","INF754K01VV4",1,0.01,2,,,0,0,,3127349,13.12,19.66,,,758952,1,,,,
"NSE","CM","NSECM",1267,"GUJARAT ALKALIES & CHEM","GUJALKALI","GUJALKALI-EQ","EQ","INE186A01019",1,0.05,2,,,0,0,,148138,607.35,742.25,2100,,1267,1,,,,
"NSE","CM","NSECM",16658,"SIGMA SOLVE LIMITED","SIGMA","SIGMA-EQ","EQ","INE0A0S01028",1,0.01,2,,,0,0,,2626721,30.46,45.68,,,16658,1,,,,
"NSE","CM","NSECM",13404,"SUN TV NETWORK LIMITED","SUNTV","SUNTV-EQ","EQ","INE424H01027",1,0.05,2,,,0,0,,205317,389.55,584.25,,,13404,1,,,,
"NSE","CM","NSECM",1030,"AARON INDUSTRIES LIMITED","AARON","AARON-EQ","EQ","INE721Z01010",1,0.01,2,,,0,0,,684948,108.2,162.3,,,1030,1,,,,
"NSE","CM","NSECM",24861,"ICICIPRAMC - METALIETF","METALIETF","METALIETF-EQ","EQ","INF109KC19W1",1,0.01,2,,,0,0,,7967773,10.04,15.06,,,24861,1,,,,
"NSE","CM","NSECM",16807,"LOTUS EYE HOSP & INST L","LOTUSEYE","LOTUSEYE-EQ","EQ","INE947I01017",1,0.01,2,,,0,0,,680038,95.25,142.87,201,2100,,16807,1,,,
"NSE","CM","NSECM",14657,"INSECTICIDES (I) LTD","INSECTICID","INSECTICID-EQ","EQ","INE070I01018",1,0.05,2,,,0,0,,162306,492.9,739.3,,,14657,1,,,,
"NSE","CM","NSECM",759311,"CANARA ROBECO AMC LIMITED","CRAMC","CRAMC-EQ","EQ","INE218I01013",1,0.01,2,,,0,0,,384675,207.96,311.94,,,759311,1,,,,
"NSE","CM","NSECM",7227,"C.E. INFO SYSTEMS LIMITED","MAPMYINDIA","MAPMYINDIA-EQ","EQ","INE0BV301023",1,0.05,2,,,0,0,,89478,893.7,1340.5,3200,4300,"Final Dividend - Rs. - 3.5000","04 Aug 2026",7227,1,,
"NSE","CM","NSECM",1565,"RAVINDER HEIGHTS LIMITED","RVHL","RVHL-EQ","EQ","INE09E501017",1,0.01,2,,,0,0,,2005350,36.7,55.04,2300,4300,,1565,1,,,
"NSE","CM","NSECM",4105,"SIL INVESTMENTS LIMITED","SILINV","SILINV-EQ","EQ","INE923A01015",1,0.05,2,,,0,0,,240991,332,497.9,2300,"Dividend - Rs. - 2.5000","24 Jul 2026",4105,1,,,
"NSE","CM","NSECM",759381,"MONEYBOXX FINANCE LIMITED","MONEYBOXX","MONEYBOXX-EQ","EQ","INE296Q01012",1,0.01,2,,,0,0,,1667461,47.98,71.96,2100,2300,,759381,1,,,
"NSE","CM","NSECM",11287,"UPL LIMITED","UPL","UPL-EQ","EQ","INE628A01036",1,0.05,2,,,0,0,,165456,542.25,662.65,,,11287,1,,,,
"NSE","CM","NSECM",17758,"SARDA ENERGY & MIN LTD","SARDAEN","SARDAEN-EQ","EQ","INE385C01021",1,0.05,2,,,0,0,,199094,401.8,602.7,,,17758,1,,,,
"NSE","CM","NSECM",764173,"SBI FUNDS MANAGEMENT LTD","SBIFUNDS","SBIFUNDS-EQ","EQ","INE640G01020",1,0.05,2,,,0,0,,169055,528.6,646,,,764173,1,,,,
"NSE","CM","NSECM",9678,"SOUTH WEST PINNACLE LTD","SOUTHWEST","SOUTHWEST-EQ","EQ","INE980Y01015",1,0.01,2,,,0,0,,427940,186.94,280.4,,,9678,1,,,,
"NSE","CM","NSECM",2107,"STOVE KRAFT LIMITED","STOVEKRAFT","STOVEKRAFT-EQ","EQ","INE00IN01015",1,0.05,2,,,0,0,,129283,618.75,928.05,2100,,2107,1,,,,
"NSE","CM","NSECM",750518,"VEDANTA POWER LIMITED","VEDPOWER","VEDPOWER-EQ","EQ","INE694L01019",1,0.01,2,,,0,0,,2854582,28.01,42.01,2200,,750518,1,,,,
"NSE","CM","NSECM",13656,"ALICON CASTALLOY LIMITED","ALICON","ALICON-EQ","EQ","INE062D01024",1,0.05,2,,,0,0,,157142,509.1,763.6,,,13656,1,,,,
"NSE","CM","NSECM",24823,"MANGAL CREDIT N FINCORP L","MANCREDIT","MANCREDIT-EQ","EQ","INE545L01039",1,0.01,2,,,0,0,,465034,172.03,258.03,,,24823,1,,,,
"NSE","CM","NSECM",3721,"TATA COMMUNICATIONS LTD","TATACOMM","TATACOMM-EQ","EQ","INE151A01013",1,0.1,2,,,0,0,,56143,1420.3,2130.3,2100,,3721,1,,,,
"NSE","CM","NSECM",14667,"K M SUGAR MILLS LTD","KMSUGAR","KMSUGAR-EQ","EQ","INE157H01023",1,0.01,2,,,0,0,,3008404,22.13,33.19,,,14667,1,,,,
"NSE","CM","NSECM",7965,"MALLCOM (INDIA) LIMITED","MALLCOM","MALLCOM-EQ","EQ","INE389C01015",1,0.1,2,,,0,0,,96250,831.2,1246.6,2300,,7965,1,,,,
"NSE","CM","NSECM",19931,"ORISSA MIN DEV CO LTD","ORISSAMINE","ORISSAMINE-EQ","EQ","INE725E01024",1,0.1,2,,,0,0,,26686,2997.6,4496.4,2100,,19931,1,,,,
"NSE","CM","NSECM",761511,"MIRAEAMC - VALUE","VALUE","VALUE-EQ","EQ","INF769K01QV2",1,0.01,2,,,0,0,,277374,12.8,19.18,,,761511,1,,,,
"NSE","CM","NSECM",13637,"JM FINANCIAL LIMITED","JMFINANCIL","JMFINANCIL-EQ","EQ","INE780C01023",1,0.01,2,,,0,0,,818734,97.64,146.46,,,13637,1,,,,
"NSE","CM","NSECM",759969,"PAUSHAK LIMITED","PAUSHAKLTD","PAUSHAKLTD-EQ","EQ","INE111F01024",1,0.05,2,,,0,0,,177775,450,674.9,,"Final Dividend - Rs. - 2.5000","23 Jul 2026",759969,1,,,
"NSE","CM","NSECM",23864,"AWFIS SPACE SOLUTIONS LTD","AWFIS","AWFIS-EQ","EQ","INE108V01019",1,0.05,2,,,0,0,,367833,217.5,326.2,4300,,23864,1,,,,
"NSE","CM","NSECM",1185,"AMBER ENTERPRISES (I) LTD","AMBER","AMBER-EQ","EQ","INE371P01015",1,0.5,2,,,0,0,,13753,6535.5,7987.5,2100,,1185,1,,,,
"NSE","CM","NSECM",12022,"AURIONPRO SOLN LTD","AURIONPRO","AURIONPRO-EQ","EQ","INE132H01018",1,0.05,2,,,0,0,,121132,660.4,990.5,,,12022,1,,,,
"NSE","CM","NSECM",5633,"J & K BANK LTD.","J&KBANK","J&KBANK-EQ","EQ","INE168A01041",1,0.01,2,,,0,0,,579220,138.06,207.08,4100,,5633,1,,,,
"NSE","CM","NSECM",2018,"LUMAX INDUSTRIES LTD","LUMAXIND","LUMAXIND-EQ","EQ","INE162B01018",1,0.5,2,,,0,0,,19442,4114,6170,,"Final Dividend - Rs. - 55.0000","06 Aug 2026",2018,1,,,
"NSE","CM","NSECM",756871,"SIEMENS ENERGY INDIA LTD","ENRIN","ENRIN-EQ","EQ","INE1NPP01017",1,0.1,2,,,0,0,,30625,2592.2,3888.2,2100,,756871,1,,,,
"NSE","CM","NSECM",18268,"AEROFLEX INDUSTRIES LTD","AEROFLEX","AEROFLEX-EQ","EQ","INE024001021",1,0.05,2,,,0,0,,237532,378.8,462.9,201,2100,,18268,1,,,
"NSE","CM","NSECM",10346,"DIGICONTENT LIMITED","DGCONTENT","DGCONTENT-EQ","EQ","INE03JI01017",1,0.01,2,,,0,0,,1902716,19.28,28.92,1500,2100,2300,,10346,1,,
"NSE","CM","NSECM",762834,"PAUL MERCHANTS LTD.","PML","PML-EQ","EQ","INE291E01019",1,0.05,2,,,0,0,,100845,388.5,582.7,2300,,762834,1,,,,
"NSE","CM","NSECM",136,"ANDHRA SUGARS LTD","ANDHRSUGAR","ANDHRSUGAR-EQ","EQ","INE715B01021",1,0.01,2,,,0,0,,1158284,69.07,103.59,,,136,1,,,,
"NSE","CM","NSECM",762961,"ULTRAMARINE & PIGMENTS L","ULTRAMAR","ULTRAMAR-EQ","EQ","INE405A01021",1,0.05,2,,,0,0,,263499,303.6,455.4,,,762961,1,,,,
"NSE","CM","NSECM",764050,"GYFTR LIMITED","GYFTR","GYFTR-EQ","EQ","INE724A01017",1,0.01,2,,,0,0,,668845,119.61,179.41,2300,,764050,1,,,,
"NSE","CM","NSECM",5049,"CLEAN SCIENCE & TECH LTD","CLEAN","CLEAN-EQ","EQ","INE227W01023",1,0.05,2,,,0,0,,138591,576.8,865.2,,,5049,1,,,,
"NSE","CM","NSECM",25340,"VASWANI IND LTD","VASWANI","VASWANI-EQ","EQ","INE590L01019",1,0.01,2,,,0,0,,1077338,42.02,63.02,2300,,25340,1,,,,
"NSE","CM","NSECM",20296,"SHAH METACORP LIMITED","SHAH","SHAH-EQ","EQ","INE482J01021",1,0.01,2,,,0,0,,22882546,3.5,5.24,,,20296,1,,,,
"NSE","CM","NSECM",4235,"WENDT (INDIA) LIMITED","WENDT","WENDT-EQ","EQ","INE274C01019",1,0.5,2,,,0,0,,12382,6460,9689,2100,,4235,1,,,,
"NSE","CM","NSECM",10794,"CANARA BANK","CANBK","CANBK-EQ","EQ","INE476A01022",1,0.01,2,,,0,0,,789145,113.09,138.21,,,10794,1,,,,
"NSE","CM","NSECM",13976,"TANLA PLATFORMS LIMITED","TANLA","TANLA-EQ","EQ","INE483C01032",1,0.05,2,,,0,0,,166699,479.8,719.7,,,13976,1,,,,
"NSE","CM","NSECM",18321,"LG BALAKRISHNAN & BROS","LGBBROSLTD","LGBBROSLTD-EQ","EQ","INE337A01034",1,0.1,2,,,0,0,,64900,1232.4,1848.4,,"Final Dividend - Rs. - 22.0000","19 Aug 2026",18321,1,,,
"NSE","CM","NSECM",2988,"SANDESH LTD","SANDESH","SANDESH-EQ","EQ","INE583B01015",1,0.05,2,,,0,0,,102140,783.2,1174.8,2300,,2988,1,,,,
"NSE","CM","NSECM",31507,"JIND POL INV & FIN CO LTD","JPOLYINVST","JPOLYINVST-EQ","EQ","INE147P01019",1,0.1,2,,,0,0,,97171,823.3,1234.9,,,31507,1,,,,
"NSE","CM","NSECM",742,"COSMO FIRST LIMITED","COSMOFIRST","COSMOFIRST-EQ","EQ","INE757A01017",1,0.05,2,,,0,0,,113502,704.8,1057.2,,"Final Dividend - Rs. - 4.0000","22 Jul 2026",742,1,,,
"NSE","CM","NSECM",759251,"EPACK PREFAB TECHN LTD","EPACKPEB","EPACKPEB-EQ","EQ","INE0MLS01022",1,0.01,2,,,0,0,,396879,201.54,302.3,4100,4300,,759251,1,,,
"NSE","CM","NSECM",17307,"AJMERA REALTY & INF I LTD","AJMERA","AJMERA-EQ","EQ","INE298G01035",1,0.01,2,,,0,0,,815716,98.06,147.08,,,17307,1,,,,
"NSE","CM","NSECM",760213,"LG ELECTRONICS INDIA LTD","LGEINDIA","LGEINDIA-EQ","EQ","INE324D01010",1,0.1,2,,,0,0,,65161,1374.5,1679.9,2100,,760213,1,,,,
"NSE","CM","NSECM",759477,"CANARA HSBC LIFE INS CO L","CANHLIFE","CANHLIFE-EQ","EQ","INE01TY01017",1,0.01,2,,,0,0,,678298,117.85,176.77,2100,,759477,1,,,,
"NSE","CM","NSECM",17881,"D.B.CORP LTD","DBCORP","DBCORP-EQ","EQ","INE950I01011",1,0.01,2,,,0,0,,478969,167,250.5,,"Interim Dividend - Rs. - 5.0000","23 Jul 2026",17881,1,,,
"NSE","CM","NSECM",24231,"OM INFRA LIMITED","OMINFRAL","OMINFRAL-EQ","EQ","INE239D01028",1,0.01,2,,,0,0,,1148036,69.68,104.52,,,24231,1,,,,
"NSE","CM","NSECM",11452,"CCL PRODUCTS (I) LTD","CCL","CCL-EQ","EQ","INE421D01022",1,0.1,2,,,0,0,,84388,946.9,1420.3,,,11452,1,,,,
"NSE","CM","NSECM",17351,"SALONA COTSPIN LTD.","SALONA","SALONA-EQ","EQ","INE498E01010",1,0.05,2,,,0,0,,172079,199.05,298.55,2100,2300,,17351,1,,,
"NSE","CM","NSECM",14769,"091NSETEST","091NSETEST","091NSETEST-EQ","EQ","DUMMYSAN013",1,0.05,2,,,0,0,,0,180,220,,,14769,1,,,,
"NSE","CM","NSECM",5194,"ANTARCTICA LTD","ANTGRAPHIC","ANTGRAPHIC-EQ","EQ","INE414B01021",1,0.01,2,,,0,0,,5068812,0.6,0.9,,,5194,1,,,,
"NSE","CM","NSECM",14982,"CENTUM ELECTRONICS LTD","CENTUM","CENTUM-EQ","EQ","INE320B01020",1,0.1,2,,,0,0,,27819,2875.1,4312.5,2100,"Final Dividend - Rs. - 5.0000","31 Jul 2026",14982,1,,,
"NSE","CM","NSECM",30189,"CURA TECHNOLOGIES LIMITED","CURAA","CURAA-EQ","EQ","INE117B01020",1,0.01,2,,,0,0,,323728,64.24,78.5,100,2200,2300,,30189,1,,
"NSE","CM","NSECM",760726,"BHARAT COKING COAL LTD","BHARATCOAL","BHARATCOAL-EQ","EQ","INE05XR01022",1,0.01,2,,,0,0,,2854739,28,41.98,2100,,760726,1,,,,
"NSE","CM","NSECM",14592,"FORTIS HEALTHCARE LTD","FORTIS","FORTIS-EQ","EQ","INE061F01013",1,0.05,2,,,0,0,,104938,853.85,1043.55,2100,"Final Dividend - Rs. - 1.0000","24 Jul 2026",14592,1,,,
"NSE","CM","NSECM",757443,"MOTILALAMC - MOTOUR","MOTOUR","MOTOUR-EQ","EQ","INF247L01FP2",1,0.01,2,,,0,0,,89923,61.68,92.52,,,757443,1,,,,
"NSE","CM","NSECM",10871,"GRM OVERSEAS LIMITED","GRMOVER","GRMOVER-EQ","EQ","INE192H01020",1,0.01,2,,,0,0,,1108572,81.18,99.22,3900,4100,,10871,1,,,
"NSE","CM","NSECM",7145,"ANAND RATHI WEALTH LTD","ANANDRATHI","ANANDRATHI-EQ","EQ","INE463V01026",1,0.1,2,,,0,0,,48815,1633.7,2450.5,2100,,7145,1,,,,
"NSE","CM","NSECM",22347,"MACPOWER CNC MACHINES LTD","MACPOWER","MACPOWER-EQ","EQ","INE155Z01011",1,0.1,2,,,0,0,,74369,1075.6,1613.4,501,,22347,1,,,,
"NSE","CM","NSECM",7553,"NRB BEARING LIMITED","NRBBEARING","NRBBEARING-EQ","EQ","INE349A01021",1,0.05,2,,,0,0,,251416,318.15,477.15,1001,,7553,1,,,,
"NSE","CM","NSECM",15228,"UJJIVAN SMALL FINANC BANK","UJJIVANSFB","UJJIVANSFB-EQ","EQ","INE551W01018",1,0.01,2,,,0,0,,1412254,56.58,84.86,,,15228,1,,,,
"NSE","CM","NSECM",16719,"ALMONDZ GLOBAL SEC LTD","ALMONDZ","ALMONDZ-EQ","EQ","INE326B01035",1,0.01,2,,,0,0,,5719221,10.29,15.43,2300,,16719,1,,,,
"NSE","CM","NSECM",4525,"DYNAMATIC TECHNOLOGIES","DYNAMATECH","DYNAMATECH-EQ","EQ","INE221B01012",1,1,2,,,0,0,,9554,8367,12549,2100,,4525,1,,,,
"NSE","CM","NSECM",9046,"AGRO PHOS INDIA LIMITED","AGROPHOS","AGROPHOS-EQ","EQ","INE740V01019",1,0.01,2,,,0,0,,662962,23.24,34.84,2300,,9046,1,,,,
"NSE","CM","NSECM",758300,"GROWWAMC - GROWWLOVOL","GROWWLOVOL","GROWWLOVOL-EQ","EQ","INF666M01LB9",1,0.01,2,,,0,0,,126704,8.35,12.51,,,758300,1,,,,
"NSE","CM","NSECM",25984,"ADITYA VISION LIMITED","AVL","AVL-EQ","EQ","INE679V01027",1,0.05,2,,,0,0,,163616,488.85,733.25,2100,,25984,1,,,,
"NSE","CM","NSECM",8833,"BRIGHTCOM GROUP LIMITED","BCG","BCG-EQ","EQ","INE425B01027",1,0.01,2,,,0,0,,10636465,7.52,11.28,,,8833,1,,,,
"NSE","CM","NSECM",757658,"FISCHER MEDICAL VENTURE L","FISCHER","FISCHER-EQ","EQ","INE771F01041",1,0.01,2,,,0,0,,2635565,34.15,41.73,2100,4000,4200,4300,,757658,1,
"NSE","CM","NSECM",2029,"INDIAN RAILWAY FIN CORP L","IRFC","IRFC-EQ","EQ","INE053F01010",1,0.01,2,,,0,0,,1136959,78.86,96.38,,,2029,1,,,,
"NSE","CM","NSECM",15244,"KAVVERI DFS & WIR TEC LTD","KAVDEFENCE","KAVDEFENCE-EQ","EQ","INE641C01019",1,0.01,2,,,0,0,,1752500,51.36,62.76,2100,4200,4300,,15244,1,,
"NSE","CM","NSECM",19061,"MANAPPURAM FINANCE LTD","MANAPPURAM","MANAPPURAM-EQ","EQ","INE522D01027",1,0.05,2,,,0,0,,282739,317.7,388.2,,,19061,1,,,,
"NSE","CM","NSECM",10990,"RADICO KHAITAN LTD","RADICO","RADICO-EQ","EQ","INE944F01028",1,0.1,2,,,0,0,,24374,3682.2,4500.4,2100,"Final Dividend - Rs. - 9.0000","24 Jul 2026",10990,1,,,
"NSE","CM","NSECM",15002,"SUPREME INFRA. LTD.","SUPREMEINF","SUPREMEINF-EQ","EQ","INE550H01011",1,0.01,2,,,0,0,,1211665,66.03,99.03,,,15002,1,,,,
"NSE","CM","NSECM",11271,"DREDGING CORP OF INDIA","DREDGECORP","DREDGECORP-EQ","EQ","INE506A01018",1,0.1,2,,,0,0,,99650,802.7,1203.9,2100,,11271,1,,,,
"NSE","CM","NSECM",21551,"HALEOS LABS LIMITED","HALEOSLABS","HALEOSLABS-EQ","EQ","INE320X01016",1,0.1,2,,,0,0,,64999,1230.8,1846,2300,,21551,1,,,,
"NSE","CM","NSECM",764183,"BFAM - BANK10BETF","BANK10BETF","BANK10BETF-EQ","EQ","INF0QA701CI0",1,0.01,2,,,0,0,,383749,16.58,24.86,,,764183,1,,,,
"NSE","CM","NSECM",762700,"GRAVISS HOSPITALITY LTD.","GRAVISSHO","GRAVISSHO-EQ","EQ","INE214F01026",1,0.01,2,,,0,0,,2305974,24.44,36.66,2300,,762700,1,,,,
"NSE","CM","NSECM",18292,"INVESCO INDIA GOLD ETF","IVZINGOLD","IVZINGOLD-EQ","EQ","INF205KA1BP1",1,0.05,2,,,0,0,,800912,99.9,149.8,,,18292,1,,,,
"NSE","CM","NSECM",20642,"JINDAL WORLDWIDE LTD","JINDWORLD","JINDWORLD-EQ","EQ","INE247D01039",1,0.01,2,,,0,0,,2642857,30.27,45.39,2100,2900,3300,4100,,20642,1,
"NSE","CM","NSECM",3693,"GAYATRI HIGHWAYS LIMITED","GAYAHWS","GAYAHWS-EQ","EQ","INE287Z01012",1,0.01,2,,,0,0,,7836616,1.7,2.06,100,1600,,3693,1,,,
"NSE","CM","NSECM",17357,"GKW LIMITED","GKWLIMITED","GKWLIMITED-EQ","EQ","INE528A01020",1,0.1,2,,,0,0,,60946,1312.6,1968.8,2200,2300,,17357,1,,,
"NSE","CM","NSECM",19097,"SILLY MONKS ENTERTAIN LTD","SILLYMONKS","SILLYMONKS-EQ","EQ","INE203Y01012",1,0.01,2,,,0,0,,407468,12.64,18.94,2200,2300,,19097,1,,,
"NSE","CM","NSECM",25482,"TIJARIA POLYPIPES LTD","TIJARIA","TIJARIA-EQ","EQ","INE440L01017",1,0.01,2,,,0,0,,936088,4.18,5.1,100,1500,2200,2300,,25482,1,
"NSE","CM","NSECM",3703,"VIP INDUSTRIES LTD","VIPIND","VIPIND-EQ","EQ","INE054A01027",1,0.05,2,,,0,0,,338508,236.35,354.45,2200,,3703,1,,,,
"NSE","CM","NSECM",811,"DCM SHRIRAM LIMITED","DCMSHRIRAM","DCMSHRIRAM-EQ","EQ","INE499A01024",1,0.1,2,,,0,0,,99334,804.7,1206.9,,"Final Dividend - Rs. - 4.0000","31 Jul 2026",811,1,,,
"NSE","CM","NSECM",13776,"THE GE SHPG.LTD","GESHIP","GESHIP-EQ","EQ","INE017A01032",1,0.1,2,,,0,0,,69526,1150.4,1725.4,,,13776,1,,,,
"NSE","CM","NSECM",9683,"KPIT TECHNOLOGIES LIMITED","KPITTECH","KPITTECH-EQ","EQ","INE04I401011",1,0.05,2,,,0,0,,171338,524.9,641.5,4100,,9683,1,,,,
"NSE","CM","NSECM",1415,"GLOBAL EDUCATION LIMITED","GLOBAL","GLOBAL-EQ","EQ","INE291W01037",1,0.01,2,,,0,0,,980463,81.6,122.38,,,1415,1,,,,
"NSE","CM","NSECM",7048,"HESTER BIOSCIENCES LTD","HESTERBIO","HESTERBIO-EQ","EQ","INE782E01017",1,0.1,2,,,0,0,,42235,1894,2840.8,3300,3900,4100,,7048,1,,
"NSE","CM","NSECM",2708,"PRAKASH INDUSTRIES LTD","PRAKASH","PRAKASH-EQ","EQ","INE603A01013",1,0.01,2,,,0,0,,807837,99.02,148.52,,,2708,1,,,,
"NSE","CM","NSECM",3456,"TATA MOTORS PASS VEH LTD","TMPV","TMPV-EQ","EQ","INE155A01022",1,0.05,2,,,0,0,,305673,291.45,356.15,2200,4300,,3456,1,,,
"NSE","CM","NSECM",1247,"GUJ STATE FERT & CHEM LTD","GSFC","GSFC-EQ","EQ","INE026A01025",1,0.01,2,,,0,0,,646728,123.65,185.47,,,1247,1,,,,
"NSE","CM","NSECM",1442,"SANOFI INDIA LIMITED","SANOFI","SANOFI-EQ","EQ","INE058A01010",1,0.1,2,,,0,0,,29501,2711.2,4066.6,,,1442,1,,,,
"NSE","CM","NSECM",10515,"UTIAMC-SENSEXBETA","SENSEXBETA","SENSEXBETA-EQ","EQ","INF789FB1X58",1,0.01,2,,,0,0,,118261,676.44,1014.66,,,10515,1,,,,
"NSE","CM","NSECM",762533,"A C S TECHNOLOGIES LTD.","ACSTECH","ACSTECH-EQ","EQ","INE366C01021",1,0.01,2,,,0,0,,1984287,38.78,42.86,,,762533,1,,,,
"NSE","CM","NSECM",14174,"IZMO LIMITED","IZMO","IZMO-EQ","EQ","INE848A01014",1,0.1,2,,,0,0,,90537,1049.3,1159.7,3300,3500,3900,,14174,1,,
"NSE","CM","NSECM",25049,"PREMIER ENERGIES LIMITED","PREMIERENE","PREMIERENE-EQ","EQ","INE0BS701011",1,0.1,2,,,0,0,,97845,917.4,1121.2,,,25049,1,,,,
"NSE","CM","NSECM",16249,"AVENUESAI LIMITED","CCAVENUE","CCAVENUE-EQ","EQ","INE483S01020",1,0.01,2,,,0,0,,6118353,13.08,19.6,,,16249,1,,,,
"NSE","CM","NSECM",4548,"GUJARAT RAFFIA INDUST LTD","GUJRAFFIA","GUJRAFFIA-EQ","EQ","INE610B01024",1,0.01,2,,,0,0,,176726,38.54,42.58,2300,4300,,4548,1,,,
"NSE","CM","NSECM",6818,"LATENT VIEW ANALYTICS LTD","LATENTVIEW","LATENTVIEW-EQ","EQ","INE0I7C01011",1,0.05,2,,,0,0,,337700,236.85,355.25,,,6818,1,,,,
"NSE","CM","NSECM",25626,"U. Y. FINCORP LIMITED","UYFINCORP","UYFINCORP-EQ","EQ","INE152C01025",1,0.01,2,,,0,0,,5384885,14.86,22.28,3200,,25626,1,,,,
"NSE","CM","NSECM",2636,"NIP IND ETF DIV OPP","DIVOPPBEES","DIVOPPBEES-EQ","EQ","INF204KA1MS3",1,0.01,2,,,0,0,,301250,61.33,91.99,,,2636,1,,,,
"NSE","CM","NSECM",2043,"THE RAMCO CEMENTS LIMITED","RAMCOCEM","RAMCOCEM-EQ","EQ","INE331A01037",1,0.05,2,,,0,0,,109166,731.85,1097.75,,"Dividend - Rs. - 2.5000","13 Aug 2026",2043,1,,,
"NSE","CM","NSECM",15308,"SEPC LIMITED","SEPC","SEPC-EQ","EQ","INE964H01014",1,0.01,2,,,0,0,,16638117,4.81,7.21,4100,4300,,15308,1,,,
"NSE","CM","NSECM",10568,"RAMA PHOSPHATES LIMITED","RAMAPHO","RAMAPHO-EQ","EQ","INE809A01032",1,0.01,2,,,0,0,,762753,104.88,157.32,,"Final Dividend - Rs. - 0.2500","31 Jul 2026",10568,1,,,
"NSE","CM","NSECM",13753,"MANOMAY TEX INDIA LTD","MANOMAY","MANOMAY-EQ","EQ","INE784W01015",1,0.01,2,,,0,0,,493379,162.15,243.21,2300,,13753,1,,,,
"NSE","CM","NSECM",759079,"DEV ACCELERATOR LIMITED","DEVX","DEVX-EQ","EQ","INE0VOV01021",1,0.01,2,,,0,0,,2949130,27.12,40.68,,,759079,1,,,,
"NSE","CM","NSECM",9087,"PIX TRANSMISSIONS LIMITED","PIXTRANS","PIXTRANS-EQ","EQ","INE751B01018",1,0.1,2,,,0,0,,56611,1412.9,2119.3,,,9087,1,,,,
"NSE","CM","NSECM",371,"BATA INDIA LTD","BATAINDIA","BATAINDIA-EQ","EQ","INE176A01028",1,0.05,2,,,0,0,,144849,552,827.9,2100,"Interim Dividend","19 Aug 2026",371,1,,,
"NSE","CM","NSECM",756900,"MOTILALAMC - MON50EQUAL","MON50EQUAL","MON50EQUAL-EQ","EQ","INF247L01FC0",1,0.01,2,,,0,0,,1294918,26.44,39.64,,,756900,1,,,,
"NSE","CM","NSECM",24159,"AKME FINTRADE (INDIA) LTD","AFIL","AFIL-EQ","EQ","INE916Y01027",1,0.01,2,,,0,0,,10857371,8.29,10.13,3500,4100,4300,,24159,1,,
"NSE","CM","NSECM",760193,"AONEAMC - AONESILVER","AONESILVER","AONESILVER-EQ","EQ","INF1J2R01171",1,0.01,2,,,0,0,,1237395,6.76,10.14,,,760193,1,,,,
"NSE","CM","NSECM",3586,"MOKSH ORNAMENTS LIMITED","MOKSH","MOKSH-EQ","EQ","INE514Y01020",1,0.01,2,,,0,0,,2885740,8.58,12.86,,,3586,1,,,,
"NSE","CM","NSECM",20374,"COAL INDIA LTD","COALINDIA","COALINDIA-EQ","EQ","INE522F01014",1,0.05,2,,,0,0,,228019,384.7,470.1,,,20374,1,,,,
"NSE","CM","NSECM",756038,"WAAREE RENEWABLE TECH LTD","WAAREERTL","WAAREERTL-EQ","EQ","INE299N01021",1,0.1,2,,,0,0,,107266,745.6,1118.4,,,756038,1,,,,
"NSE","CM","NSECM",3812,"ZEE ENTERTAINMENT ENT LTD","ZEEL","ZEEL-EQ","EQ","INE256A01028",1,0.01,2,,,0,0,,948031,84.37,126.55,,,3812,1,,,,
"NSE","CM","NSECM",913,"EQUITAS SMALL FIN BNK LTD","EQUITASBNK","EQUITASBNK-EQ","EQ","INE063P01018",1,0.01,2,,,0,0,,1276392,62.68,94,2100,,913,1,,,,
"NSE","CM","NSECM",781,"DALMIA BHARAT SUG IN LTD","DALMIASUG","DALMIASUG-EQ","EQ","INE495A01022",1,0.05,2,,,0,0,,276244,289.6,434.3,,,781,1,,,,
"NSE","CM","NSECM",15883,"HINDWARE HME INOVATON LTD","HINDWAREAP","HINDWAREAP-EQ","EQ","INE05AN01011",1,0.05,2,,,0,0,,471848,169.55,254.25,2200,,15883,1,,,,
"NSE","CM","NSECM",15259,"RELIANCE POWER LTD.","RPOWER","RPOWER-EQ","EQ","INE614G01033",1,0.01,2,,,0,0,,4152313,19.25,28.87,2200,4300,,15259,1,,,
"NSE","CM","NSECM",11275,"TV TODAY NETWORK LTD","TVTODAY","TVTODAY-EQ","EQ","INE038F01029",1,0.01,2,,,0,0,,858690,93.16,139.74,2100,,11275,1,,,,
"NSE","CM","NSECM",11895,"DCX SYSTEMS LIMITED","DCXINDIA","DCXINDIA-EQ","EQ","INE0KL801015",1,0.01,2,,,0,0,,553366,144.55,216.81,2200,,11895,1,,,,
"NSE","CM","NSECM",919,"EIH LIMITED","EIHOTEL","EIHOTEL-EQ","EQ","INE230A01023",1,0.05,2,,,0,0,,305802,261.15,391.65,,"Final Dividend - Rs. - 1.5000","31 Jul 2026",919,1,,,
"NSE","CM","NSECM",20556,"INDIA SHELTER FIN CORP L","INDIASHLTR","INDIASHLTR-EQ","EQ","INE922K01024",1,0.05,2,,,0,0,,138047,579.15,868.65,,,20556,1,,,,
"NSE","CM","NSECM",4684,"SONA BLW PRECISION FRGS L","SONACOMS","SONACOMS-EQ","EQ","INE073K01018",1,0.05,2,,,0,0,,138711,646.2,789.7,2100,,4684,1,,,,
"NSE","CM","NSECM",1008,"FACT LTD","FACT","FACT-EQ","EQ","INE188A01015",1,0.05,2,,,0,0,,122942,647.45,971.15,2100,,1008,1,,,,
"NSE","CM","NSECM",6198,"FINEOTEX CHEMICAL LIMITED","FCL","FCL-EQ","EQ","INE045J01034",1,0.01,2,,,0,0,,2525801,35.64,43.54,201,,6198,1,,,,
"NSE","CM","NSECM",5204,"GUJARAT MINERAL DEV CORP","GMDCLTD","GMDCLTD-EQ","EQ","INE131A01031",1,0.05,2,,,0,0,,177442,450.05,675.05,,,5204,1,,,,
"NSE","CM","NSECM",2998,"SUVIDHAA INFOSERVE LTD","SUVIDHAA","SUVIDHAA-EQ","EQ","INE018401013",1,0.01,2,,,0,0,,6860677,2.25,2.75,1500,2200,,2998,1,,,
"NSE","CM","NSECM",14894,"CENTRAL BANK OF INDIA","CENTRALBK","CENTRALBK-EQ","EQ","INE483A01010",1,0.01,2,,,0,0,,3222297,24.83,37.23,,,14894,1,,,,
"NSE","CM","NSECM",13868,"AARTI PHARMALABS LIMITED","AARTIPHARM","AARTIPHARM-EQ","EQ","INE0LRU01027",1,0.05,2,,,0,0,,148405,539.05,808.55,,,13868,1,,,,
"NSE","CM","NSECM",20607,"INOX INDIA LIMITED","INOXINDIA","INOXINDIA-EQ","EQ","INE616N01034",1,0.1,2,,,0,0,,49828,1603.2,2404.8,2100,3500,,20607,1,,,
"NSE","CM","NSECM",14435,"JK TYRE & INDUSTRIES LTD","JKTYRE","JKTYRE-EQ","EQ","INE573A01042",1,0.05,2,,,0,0,,256000,312.5,468.7,,"Dividend - Rs. - 4.0000","30 Jul 2026",14435,1,,,
"NSE","CM","NSECM",10343,"RADHIKA JEWELTECH LIMITED","RADHIKAJWE","RADHIKAJWE-EQ","EQ","INE583V01021",1,0.01,2,,,0,0,,1571522,50.91,76.35,,,10343,1,,,,
"NSE","CM","NSECM",13725,"DCB BANK LIMITED","DCBBANK","DCBBANK-EQ","EQ","INE503A01015",1,0.01,2,,,0,0,,536902,149,223.48,,,13725,1,,,,
"NSE","CM","NSECM",29975,"AONEAMC - AONETOTAL","AONETOTAL","AONETOTAL-EQ","EQ","INF1J2R01015",1,0.01,2,,,0,0,,1194998,9.38,14.06,,,29975,1,,,,
"NSE","CM","NSECM",3727,"ANMOL INDIA LIMITED","ANMOL","ANMOL-EQ","EQ","INE02AR01019",1,0.01,2,,,0,0,,1861091,8.12,12.16,2300,,3727,1,,,,
"NSE","CM","NSECM",24014,"BOROSIL SCIENTIFIC LTD","BOROSCI","BOROSCI-EQ","EQ","INE02L001032",1,0.01,2,,,0,0,,657495,121.68,182.5,,,24014,1,,,,
"NSE","CM","NSECM",3237,"JTEKT INDIA LIMITED","JTEKTINDIA","JTEKTINDIA-EQ","EQ","INE643A01035",1,0.01,2,,,0,0,,759511,105.3,157.94,,,3237,1,,,,
"NSE","CM","NSECM",10577,"KRBL LIMITED","KRBL","KRBL-EQ","EQ","INE001B01026",1,0.05,2,,,0,0,,284966,280.6,420.9,,,10577,1,,,,
"NSE","CM","NSECM",11892,"VARDHMAN HOLDINGS LIMITED","VHL","VHL-EQ","EQ","INE701A01023",1,0.1,2,,,0,0,,28541,2802.7,4203.9,2200,2300,,11892,1,,,
"NSE","CM","NSECM",15061,"KOTAK PSU BANK","PSUBANK","PSUBANK-EQ","EQ","INF174KA1A86",1,0.01,2,,,0,0,,1202815,66.51,99.75,,,15061,1,,,,
"NSE","CM","NSECM",3963,"GOCL CORPORATION LIMITED","GOCLCORP","GOCLCORP-EQ","EQ","INE077F01035",1,0.05,2,,,0,0,,252124,317.25,475.85,4100,,3963,1,,,,
"NSE","CM","NSECM",18417,"RISHABH INSTRUMENTS LTD","RISHABH","RISHABH-EQ","EQ","INE0N2P01017",1,0.05,2,,,0,0,,160672,497.85,746.75,3500,3600,4100,"Final Dividend - Rs. - 2.0000","24 Jul 2026",18417,1,
"NSE","CM","NSECM",13735,"GLOBAL VEC HELICORP LTD","GLOBALVECT","GLOBALVECT-EQ","EQ","INE792H01019",1,0.01,2,,,0,0,,457798,119.16,178.74,2200,2300,,13735,1,,,
"NSE","CM","NSECM",13710,"FIEM INDUSTRIES LIMITED","FIEMIND","FIEMIND-EQ","EQ","INE737H01014",1,0.1,2,,,0,0,,42873,1865.6,2798.2,,"Final Dividend - Rs. - 40.0000","24 Jul 2026",13710,1,,,
"NSE","CM","NSECM",436,"IFGL REFRACTORIES LIMITED","IFGLEXPOR","IFGLEXPOR-EQ","EQ","INE133Y01011",1,0.01,2,,,0,0,,505846,158.14,237.2,4100,4300,"Final Dividend - Rs. - 2.1500","29 Jul 2026",436,1,,
"NSE","CM","NSECM",1515,"THE INDIA CEMENTS LIMITED","INDIACEM","INDIACEM-EQ","EQ","INE383A01012",1,0.05,2,,,0,0,,245437,325.6,488.4,2100,,1515,1,,,,
"NSE","CM","NSECM",8054,"KARNATAKA BANK LIMITED","KTKBANK","KTKBANK-EQ","EQ","INE614B01018",1,0.05,2,,,0,0,,357401,223.8,335.6,,,8054,1,,,,
"NSE","CM","NSECM",24781,"ADITYBIRLA SL NIF ETF-GR","BSLNIFTY","BSLNIFTY-EQ","EQ","INF209KB19D1",1,0.01,2,,,0,0,,3576114,22.37,33.55,,,24781,1,,,,
"NSE","CM","NSECM",759093,"SHRINGAR HOU OF MANGALS L","SHRINGARMS","SHRINGARMS-EQ","EQ","INE1B3L01017",1,0.01,2,,,0,0,,455158,175.73,263.59,,,759093,1,,,,
"NSE","CM","NSECM",17152,"ICICIPRAMC - ICICIM150","MIDCAPIETF","MIDCAPIETF-EQ","EQ","INF109KC11W8",1,0.01,2,,,0,0,,4256999,18.8,28.18,,,17152,1,,,,
"NSE","CM","NSECM",21252,"AXISAMC-NIFTYAXIS","NIFTYAXIS","NIFTYAXIS-EQ","EQ","INF846K01W98",1,0.01,2,,,0,0,,378873,211.15,316.71,,,21252,1,,,,
"NSE","CM","NSECM",13290,"B.L.KASHYAP & SON LTD","BLKASHYAP","BLKASHYAP-EQ","EQ","INE350H01032",1,0.01,2,,,0,0,,1832826,43.65,65.47,1201,1600,2100,,13290,1,,
"NSE","CM","NSECM",17576,"DSPAMC - DSPPVBKETF","PVTBANKADD","PVTBANKADD-EQ","EQ","INF740KA1TA7",1,0.01,2,,,0,0,,3611264,22.16,33.22,,,17576,1,,,,
"NSE","CM","NSECM",29492,"ORCHASP LIMITED","ORCHASP","ORCHASP-EQ","EQ","INE215B01022",1,0.01,2,,,0,0,,11328108,1.27,1.89,2100,4300,,29492,1,,,
"NSE","CM","NSECM",530,"BPL LTD","BPL","BPL-EQ","EQ","INE110A01019",1,0.01,2,,,0,0,,1601506,43.03,64.53,201,1600,2200,,530,1,,
"NSE","CM","NSECM",758986,"GRETEX CORPORATE SERVICES","GCSL","GCSL-EQ","EQ","INE199P01028",1,0.05,2,,,0,0,,188321,424.8,637.2,3200,3300,4300,,758986,1,,
"NSE","CM","NSECM",5782,"MIRAEAMC - MASPTOP50","MASPTOP50","MASPTOP50-EQ","EQ","INF769K01HP3",1,0.01,2,,,0,0,,1536501,52.07,78.09,,,5782,1,,,,
"NSE","CM","NSECM",8827,"AVRO INDIA LIMITED","AVROIND","AVROIND-EQ","EQ","INE652Z01025",1,0.01,2,,,0,0,,4387403,7.06,10.58,,,8827,1,,,,
"NSE","CM","NSECM",7406,"GLENMARK PHARMACEUTICALS","GLENMARK","GLENMARK-EQ","EQ","INE935A01035",1,0.1,2,,,0,0,,45433,1972.8,2411.2,,,7406,1,,,,
"NSE","CM","NSECM",3757,"VENKY S (INDIA) LIMITED","VENKEYS","VENKEYS-EQ","EQ","INE398A01010",1,0.1,2,,,0,0,,66434,1204.2,1806.2,,,3757,1,,,,
"NSE","CM","NSECM",8124,"AJANTA PHARMA LIMITED","AJANTPHARM","AJANTPHARM-EQ","EQ","INE031B01049",1,0.1,2,,,0,0,,29608,2695.6,4043.4,,"Interim Dividend","05 Aug 2026",8124,1,,,
"NSE","CM","NSECM",203,"ASHAPURA MINECHEM LTD","ASHAPURMIN","ASHAPURMIN-EQ","EQ","INE348A01023",1,0.05,2,,,0,0,,143383,557.65,836.45,,,203,1,,,,
"NSE","CM","NSECM",762864,"R R I L LTD.","RRIL","RRIL-EQ","EQ","INE951M01037",1,0.01,2,,,0,0,,3963706,13.31,19.95,2300,,762864,1,,,,
"NSE","CM","NSECM",13648,"TALBROS AUTO. COMP. LTD","TALBROAUTO","TALBROAUTO-EQ","EQ","INE187D01029",1,0.05,2,,,0,0,,255244,313.4,470.1,,,13648,1,,,,
"NSE","CM","NSECM",761153,"SEDEMAC MECHATRONICS LTD","SEDEMAC","SEDEMAC-EQ","EQ","INE00XB01019",1,0.1,2,,,0,0,,37182,2151.4,3227,2100,3300,3500,4100,,761153,1,
"NSE","CM","NSECM",759569,"ORKLA INDIA LIMITED","ORKLAINDIA","ORKLAINDIA-EQ","EQ","INE16NZ01023",1,0.05,2,,,0,0,,179591,445.4,668.1,,,759569,1,,,,
"NSE","CM","NSECM",8529,"GMR POW AND URBAN INFRA L","GMRP&UI","GMRP&UI-EQ","EQ","INE0CU601026",1,0.01,2,,,0,0,,1024693,78.08,117.1,,,8529,1,,,,
"NSE","CM","NSECM",11596,"LINCOLN PHARMA LTD","LINCOLN","LINCOLN-EQ","EQ","INE405C01035",1,0.05,2,,,0,0,,172394,464,696,,,11596,1,,,,
"NSE","CM","NSECM",25844,"HYUNDAI MOTOR INDIA LTD","HYUNDAI","HYUNDAI-EQ","EQ","INE0V6F01027",1,0.1,2,,,0,0,,51189,1757.4,2147.8,,,25844,1,,,,
"NSE","CM","NSECM",761066,"BIRLASLAMC - ABSLMSCIN","ABSLMSCIN","ABSLMSCIN-EQ","EQ","INF209KC1662",1,0.01,2,,,0,0,,123411,23.36,35.04,,,761066,1,,,,
"NSE","CM","NSECM",25725,"MIRAEAMC - BANKPSU","BANKPSU","BANKPSU-EQ","EQ","INF769K01LZ4",1,0.01,2,,,0,0,,193787,67,100.48,,,25725,1,,,,
"NSE","CM","NSECM",13001,"DHARMAJ CROP GUARD LTD","DHARMAJ","DHARMAJ-EQ","EQ","INE00OQ01016",1,0.05,2,,,0,0,,383192,208.8,313.1,,,13001,1,,,,
"NSE","CM","NSECM",762854,"QUINT DIGITAL LTD.","QUINT","QUINT-EQ","EQ","INE641R01017",1,0.01,2,,,0,0,,1543700,30.92,46.36,2300,,762854,1,,,,
"NSE","CM","NSECM",20453,"ANJANI PORTLAND CEM LTD","APCL","APCL-EQ","EQ","INE071F01012",1,0.01,2,,,0,0,,960553,82.38,123.56,2200,2300,,20453,1,,,
"NSE","CM","NSECM",8159,"FIBERWEB INDIA LIMITED","FIBERWEB","FIBERWEB-EQ","EQ","INE296C01020",1,0.01,2,,,0,0,,941487,28.91,31.95,2300,,8159,1,,,,
"NSE","CM","NSECM",1053,"UFLEX LIMITED","UFLEX","UFLEX-EQ","EQ","INE516A01017",1,0.05,2,,,0,0,,208979,382.8,574.2,,,1053,1,,,,
"NSE","CM","NSECM",3001,"ICICIPRAMC - ICICI500","BSE500IETF","BSE500IETF-EQ","EQ","INF109KC1V59",1,0.01,2,,,0,0,,2575965,31.06,46.58,,,3001,1,,,,
"NSE","CM","NSECM",14086,"I G PETROCHEMICALS LTD","IGPL","IGPL-EQ","EQ","INE204A01010",1,0.05,2,,,0,0,,221444,361.25,541.85,2100,"Final Dividend - Rs. - 5.0000","30 Jul 2026",14086,1,,,
"NSE","CM","NSECM",2283,"MRPL","MRPL","MRPL-EQ","EQ","INE103A01014",1,0.01,2,,,0,0,,588872,135.8,203.7,,,2283,1,,,,
"NSE","CM","NSECM",2716,"BTRFLY GANDHI APPL LTD","BUTTERFLY","BUTTERFLY-EQ","EQ","INE295F01017",1,0.05,2,,,0,0,,131234,609.55,914.25,,,2716,1,,,,
"NSE","CM","NSECM",23043,"R K SWAMY LIMITED","RKSWAMY","RKSWAMY-EQ","EQ","INE0NQ801033",1,0.01,2,,,0,0,,986475,81.1,121.64,,"Final Dividend - Rs. - 2.0000","31 Jul 2026",23043,1,,,
"NSE","CM","NSECM",25718,"POLY MEDICURE LIMITED","POLYMED","POLYMED-EQ","EQ","INE205C01021",1,0.1,2,,,0,0,,60003,1331.2,1996.8,2100,,25718,1,,,,
"NSE","CM","NSECM",11394,"ZOTA HEALTH CARE LIMITED","ZOTA","ZOTA-EQ","EQ","INE358U01012",1,0.1,2,,,0,0,,79446,1006.8,1510,1500,2200,,11394,1,,,
"NSE","CM","NSECM",11226,"B.A.G FILMS AND MEDIA LTD","BAGFILMS","BAGFILMS-EQ","EQ","INE116D01028",1,0.01,2,,,0,0,,6786810,3.64,5.44,,,11226,1,,,,
"NSE","CM","NSECM",11193,"AXISAMC-SILVERAXIS","SILVERAXIS","SILVERAXIS-EQ","EQ","INF846K011K1",1,0.01,2,,,0,0,,455148,175.76,263.62,,,11193,1,,,,
"NSE","CM","NSECM",22592,"DSPAMC - HEALTHADD","HEALTHADD","HEALTHADD-EQ","EQ","INF740KA1ZG1",1,0.01,2,,,0,0,,354095,13.16,19.74,,,22592,1,,,,
"NSE","CM","NSECM",2649,"PCBL CHEMICAL LIMITED","PCBL","PCBL-EQ","EQ","INE602A01031",1,0.05,2,,,0,0,,314375,254.35,381.45,2100,,2649,1,,,,
"NSE","CM","NSECM",2168,"RAJNANDINI METAL LIMITED","RAJMET","RAJMET-EQ","EQ","INE00KV01022",1,0.01,2,,,0,0,,9040894,3.03,3.69,2200,,2168,1,,,,
"NSE","CM","NSECM",22423,"TOTAL TRANSPORT SYS LTD","TOTAL","TOTAL-EQ","EQ","INE336X01012",1,0.01,2,,,0,0,,527351,39.99,59.97,2300,,22423,1,,,,
"NSE","CM","NSECM",28805,"SANATHAN TEXTILES LIMITED","SANATHAN","SANATHAN-EQ","EQ","INE0JPD01013",1,0.05,2,,,0,0,,206957,434.7,531.3,2100,,28805,1,,,,
"NSE","CM","NSECM",11798,"ALLDIGI TECH LIMITED","ALLDIGI","ALLDIGI-EQ","EQ","INE835G01018",1,0.05,2,,,0,0,,121539,658.2,987.3,,"Interim Dividend - Rs. - 30.0000","31 Jul 2026",11798,1,,,
"NSE","CM","NSECM",19531,"BAJAJ CONSUMER CARE LTD","BAJAJCON","BAJAJCON-EQ","EQ","INE933K01021",1,0.05,2,,,0,0,,181819,439.85,659.75,201,,19531,1,,,,
"NSE","CM","NSECM",2316,"HEIDELBERGCEMENT (I) LTD","HEIDELBERG","HEIDELBERG-EQ","EQ","INE578A01017",1,0.01,2,,,0,0,,639274,125.13,187.69,,,2316,1,,,,
"NSE","CM","NSECM",11027,"INFOBEANS TECHNO. LTD.","INFOBEAN","INFOBEAN-EQ","EQ","INE344S01016",1,0.01,2,,,0,0,,635568,125.87,188.79,4100,,11027,1,,,,
"NSE","CM","NSECM",3220,"LODHA DEVELOPERS LIMITED","LODHA","LODHA-EQ","EQ","INE670K01029",1,0.05,2,,,0,0,,86917,1029.7,1258.5,,"Final Dividend - Rs. - 4.2500","07 Aug 2026",3220,1,,,
"NSE","CM","NSECM",757850,"CRIZAC LIMITED","CRIZAC","CRIZAC-EQ","EQ","INE0S4R01014",1,0.01,2,,,0,0,,542094,166,202.88,,,757850,1,,,,
"NSE","CM","NSECM",27047,"MASTER TRUST LIMITED","MASTERTR","MASTERTR-EQ","EQ","INE677D01037",1,0.01,2,,,0,0,,1180460,67.77,101.65,4200,4300,,27047,1,,,
"NSE","CM","NSECM",1110,"DANGEE DUMS LIMITED","DANGEE","DANGEE-EQ","EQ","INE688Y01022",1,0.01,2,,,0,0,,5034981,2.81,3.09,2200,2300,,1110,1,,,
"NSE","CM","NSECM",14305,"SHREEOSWAL S AND CHE LTD","OSWALSEEDS","OSWALSEEDS-EQ","EQ","INE00IK01029",1,0.01,2,,,0,0,,2991067,8.03,12.03,2300,,14305,1,,,,
"NSE","CM","NSECM",760981,"AYE FINANCE LIMITED","AYE","AYE-EQ","EQ","INE501X01029",1,0.01,2,,,0,0,,581175,137.63,206.43,4100,,760981,1,,,,
"NSE","CM","NSECM",15068,"RELIGARE ENTER. LTD.","RELIGARE","RELIGARE-EQ","EQ","INE621H01010",1,0.05,2,,,0,0,,387483,206.45,309.65,2100,,15068,1,,,,
"NSE","CM","NSECM",13251,"SAKUMA EXPORTS LIMITED","SAKUMA","SAKUMA-EQ","EQ","INE190H01024",1,0.01,2,,,0,0,,51264398,1.56,1.72,4100,4300,,13251,1,,,
"NSE","CM","NSECM",16675,"BAJAJ FINSERV LTD.","BAJAJFINSV","BAJAJFINSV-EQ","EQ","INE918I01026",1,0.1,2,,,0,0,,52817,1689.1,2064.3,,,16675,1,,,,
"NSE","CM","NSECM",17922,"GEEKAY WIRES LIMITED","GEEKAYWIRE","GEEKAYWIRE-EQ","EQ","INE669X01032",1,0.01,2,,,0,0,,3417802,19.04,28.54,,,17922,1,,,,
"NSE","CM","NSECM",23407,"DSPAMC - LIQUIDADD","LIQUIDADD","LIQUIDADD-EQ","EQ","INF740KA1UM0",1,0.01,2,,,0,0,,87950,1080.07,1193.75,,,23407,1,,,,
"NSE","CM","NSECM",11058,"SECUREKLOUD TECH LIMITED","SECURKLOUD","SECURKLOUD-EQ","EQ","INE650K01021",1,0.01,2,,,0,0,,1092525,15.73,19.21,100,1500,2200,2300,,11058,1,
"NSE","CM","NSECM",17833,"AHLUWALIA CONT IND LTD","AHLUCONT","AHLUCONT-EQ","EQ","INE758C01029",1,0.05,2,,,0,0,,120777,662.2,993.2,,,17833,1,,,,
"NSE","CM","NSECM",12978,"TATAAML - NPBET","NPBET","NPBET-EQ","EQ","INF277K010X4",1,0.01,2,,,0,0,,22359,226.06,339.08,,,12978,1,,,,
"NSE","CM","NSECM",30139,"ICICIPRAMC - CASHIETF","CASHIETF","CASHIETF-EQ","EQ","INF109K1A021",1,0.01,2,,,0,0,,93272,1018.42,1125.62,,,30139,1,,,,
"NSE","CM","NSECM",759752,"MODIS NAVNIRMAN LTD","MODIS","MODIS-EQ","EQ","INE0L0L01012",1,0.05,2,,,0,0,,255017,313.7,470.5,,,759752,1,,,,
"NSE","CM","NSECM",22255,"NDR AUTO COMPONENTS LTD","NDRAUTO","NDRAUTO-EQ","EQ","INE07OG01012",1,0.05,2,,,0,0,,123016,650.2,975.3,,,22255,1,,,,
"NSE","CM","NSECM",14096,"SIYARAM SILK MILLS LTD","SIYSIL","SIYSIL-EQ","EQ","INE076B01028",1,0.05,2,,,0,0,,164057,487.6,731.3,,"Final Dividend - Rs. - 5.0000","25 Jul 2026",14096,1,,,
"NSE","CM","NSECM",772,"DABUR INDIA LTD","DABUR","DABUR-EQ","EQ","INE016A01026",1,0.05,2,,,0,0,,235934,380.9,465.5,,,772,1,,,,
"NSE","CM","NSECM",3484,"TIL LTD","TIL","TIL-EQ","EQ","INE806C01018",1,0.01,2,,,0,0,,473046,169.12,253.66,2200,,3484,1,,,,
"NSE","CM","NSECM",18908,"PNB HOUSING FIN LTD.","PNBHOUSING","PNBHOUSING-EQ","EQ","INE572E01012",1,0.1,2,,,0,0,,94332,952.2,1163.8,,"Final Dividend - Rs. - 8.0000","31 Jul 2026",18908,1,,,
"NSE","CM","NSECM",759719,"GROWWAMC - GROWWMC150","GROWWMC150","GROWWMC150-EQ","EQ","INF666M01MV5",1,0.01,2,,,0,0,,8616,182.04,273.04,,,759719,1,,,,
"NSE","CM","NSECM",756090,"TURTLEMINT FINTECH SOLS L","TURTLEMINT","TURTLEMINT-EQ","EQ","INE0OC301013",1,0.01,2,,,0,0,,768588,104.06,156.08,,,756090,1,,,,
"NSE","CM","NSECM",762971,"WELSPUN SPECIALTY SOL L","WELSPLSOL","WELSPLSOL-EQ","EQ","INE731F01037",1,0.01,2,,,0,0,,1948739,46.17,56.43,,,762971,1,,,,
"NSE","CM","NSECM",759842,"BETA DRUGS LIMITED","BETA","BETA-EQ","EQ","INE351Y01019",1,0.1,2,,,0,0,,43182,1852.5,2778.7,2100,3300,3900,4100,,759842,1,
"NSE","CM","NSECM",24385,"KARMA ENERGY LIMITED","KARMAENG","KARMAENG-EQ","EQ","INE725L01011",1,0.01,2,,,0,0,,378335,34.37,41.99,2300,,24385,1,,,,
"NSE","CM","NSECM",29098,"DDEV PLASTIKS IND LTD","DDEVPLSTIK","DDEVPLSTIK-EQ","EQ","INE0HR601026",1,0.05,2,,,0,0,,362684,220.55,330.75,,,29098,1,,,,
"NSE","CM","NSECM",25690,"DYNACONS SYS & SOLN LTD","DSSL","DSSL-EQ","EQ","INE417B01040",1,0.1,2,,,0,0,,80599,1178.6,1302.6,201,,25690,1,,,,
"NSE","CM","NSECM",762797,"METROGLOBAL LTD.","METROGLOBL","METROGLOBL-EQ","EQ","INE085D01033",1,0.01,2,,,0,0,,403333,103.84,155.74,2300,,762797,1,,,,
"NSE","CM","NSECM",6718,"SAPPHIRE FOODS INDIA LTD","SAPPHIRE","SAPPHIRE-EQ","EQ","INE806T01020",1,0.01,2,,,0,0,,558241,143.3,214.94,2200,,6718,1,,,,
"NSE","CM","NSECM",20481,"THE WESTERN INDIA PLY LTD","WIPL","WIPL-EQ","EQ","INE215F01023",1,0.01,2,,,0,0,,277535,132.05,198.07,2100,2300,,20481,1,,,
"NSE","CM","NSECM",10243,"SYNGENE INTERNATIONAL LTD","SYNGENE","SYNGENE-EQ","EQ","INE398R01022",1,0.05,2,,,0,0,,245833,325.35,487.95,2100,,10243,1,,,,
"NSE","CM","NSECM",910,"EICHER MOTORS LTD","EICHERMOT","EICHERMOT-EQ","EQ","INE066A01021",1,0.5,2,,,0,0,,12900,6865.5,8390.5,,"Final Dividend - Rs. - 82.0000","31 Jul 2026",910,1,,,
"NSE","CM","NSECM",25171,"DSPAMC - TOP10ADD","TOP10ADD","TOP10ADD-EQ","EQ","INF740KA1UR9",1,0.01,2,,,0,0,,1160157,68.96,103.42,,,25171,1,,,,
"NSE","CM","NSECM",16915,"ZF COM VE CTR SYS IND LTD","ZFCVINDIA","ZFCVINDIA-EQ","EQ","INE342J01019",1,0.1,2,,,0,0,,43017,1856.5,2784.7,2100,,16915,1,,,,
"NSE","CM","NSECM",17477,"CONTROL PRINT LIMITED","CONTROLPR","CONTROLPR-EQ","EQ","INE663B01015",1,0.05,2,,,0,0,,169329,472.45,708.65,,,17477,1,,,,
"NSE","CM","NSECM",31163,"RHI MAGNESITA INDIA LTD","RHIM","RHIM-EQ","EQ","INE743M01012",1,0.05,2,,,0,0,,250485,319.2,478.7,2200,,31163,1,,,,
"NSE","CM","NSECM",703,"DIC INDIA LIMITED","DICIND","DICIND-EQ","EQ","INE303A01010",1,0.05,2,,,0,0,,193234,414,621,2300,,703,1,,,,
"NSE","CM","NSECM",4157,"KEYNOTE FIN SERV LTD.","KEYFINSERV","KEYFINSERV-EQ","EQ","INE681C01015",1,0.01,2,,,0,0,,182028,203.12,304.66,2300,,4157,1,,,,
"NSE","CM","NSECM",759782,"TATA MOTORS LIMITED","TMCV","TMCV-EQ","EQ","INE1TAE01010",1,0.05,2,,,0,0,,243043,324.95,487.35,2100,,759782,1,,,,
"NSE","CM","NSECM",762643,"DISA INDIA LTD.","DISAQ","DISAQ-EQ","EQ","INE131C01011",1,1,2,,,0,0,,8255,9688,14532,2300,"Final Dividend - Rs. - 200.0000","05 Aug 2026",762643,1,,,
"NSE","CM","NSECM",5258,"INDUSIND BANK LIMITED","INDUSINDBK","INDUSINDBK-EQ","EQ","INE095A01012",1,0.05,2,,,0,0,,99727,896.45,1095.65,2100,,5258,1,,,,
"NSE","CM","NSECM",9014,"THE ANUP ENGINEERING LTD","ANUP","ANUP-EQ","EQ","INE294Z01018",1,0.1,2,,,0,0,,47173,1695.7,2543.5,,,9014,1,,,,
"NSE","CM","NSECM",31468,"AURUS GEM CORP LIMITED","AURUS","AURUS-EQ","EQ","INE142K01011",1,0.01,2,,,0,0,,964125,3.84,5.76,2300,,31468,1,,,,
"NSE","CM","NSECM",9378,"TRUCAP FINANCE LIMITED","TRU","TRU-EQ","EQ","INE615R01029",1,0.01,2,,,0,0,,3886782,4.64,5.12,201,2200,,9378,1,,,
"NSE","CM","NSECM",28687,"MAMATA MACHINERY LIMITED","MAMATA","MAMATA-EQ","EQ","INE0TO701015",1,0.05,2,,,0,0,,252868,316.4,474.5,,"Final Dividend - Rs. - 0.5000","31 Jul 2026",28687,1,,,
"NSE","CM","NSECM",3676,"VESUVIUS INDIA LTD","VESUVIUS","VESUVIUS-EQ","EQ","INE386A01023",1,0.05,2,,,0,0,,221023,361.85,542.75,,,3676,1,,,,
"NSE","CM","NSECM",17270,"ASPINWALL & CO LTD","ASPINWALL","ASPINWALL-EQ","EQ","INE991I01015",1,0.01,2,,,0,0,,255657,200.32,300.48,2300,,17270,1,,,,
"NSE","CM","NSECM",10397,"JAIN IRRIGATION SYSTEMS","JISLJALEQS","JISLJALEQS-EQ","EQ","INE175A01038",1,0.01,2,,,0,0,,3292207,24.3,36.44,2200,,10397,1,,,,
"NSE","CM","NSECM",5501,"YUKEN INDIA LIMITED","YUKEN","YUKEN-EQ","EQ","INE384C01016",1,0.05,2,,,0,0,,141191,566.6,849.9,2100,2300,,5501,1,,,
"NSE","CM","NSECM",8110,"AWL AGRI BUSINESS LIMITED","AWL","AWL-EQ","EQ","INE699H01024",1,0.01,2,,,0,0,,530267,150.53,225.79,,,8110,1,,,,
"NSE","CM","NSECM",2841,"LAXMI ORGANIC INDUS LTD","LXCHEM","LXCHEM-EQ","EQ","INE576O01020",1,0.01,2,,,0,0,,548600,145.83,218.73,2100,"Final Dividend - Rs. - 0.3000","21 Jul 2026",2841,1,,,
"NSE","CM","NSECM",21339,"STEEL EXCHANGE INDIA LTD","STEELXIND","STEELXIND-EQ","EQ","INE503B01021",1,0.01,2,,,0,0,,8642911,9.26,13.88,1201,,21339,1,,,,
"NSE","CM","NSECM",6913,"RAJSHREE POLYPACK LTD","RPPL","RPPL-EQ","EQ","INE760W01023",1,0.01,2,,,0,0,,2427777,17.18,25.76,,,6913,1,,,,
"NSE","CM","NSECM",759820,"PINE LABS LIMITED","PINELABS","PINELABS-EQ","EQ","INE15B701018",1,0.01,2,,,0,0,,685519,116.54,174.8,2100,,759820,1,,,,
"NSE","CM","NSECM",23512,"TARA CHAND INFRA SOLN LTD","TARACHAND","TARACHAND-EQ","EQ","INE555Z01020",1,0.01,2,,,0,0,,1818489,44,65.98,,,23512,1,,,,
"NSE","CM","NSECM",3453,"TECIL CHEMICALS","TECILCHEM","TECILCHEM-EQ","EQ","INE014B01011",1,0.01,2,,,0,0,,620111,7.97,11.95,100,201,1500,2200,2300,,3453,1
"NSE","CM","NSECM",17722,"DEN NETWORKS LTD","DEN","DEN-EQ","EQ","INE947J01015",1,0.01,2,,,0,0,,3681780,21.73,32.59,,,17722,1,,,,
"NSE","CM","NSECM",24533,"ICICIPRAMC - OILIETF","OILIETF","OILIETF-EQ","EQ","INF109KC18W3",1,0.01,2,,,0,0,,8782506,9.04,13.54,,,24533,1,,,,
"NSE","CM","NSECM",763546,"SBIAMC - SBIVALETF","SBIVALETF","SBIVALETF-EQ","EQ","INF200KB1AX1",1,0.01,2,,,0,0,,130741,11.88,17.8,,,763546,1,,,,
"NSE","CM","NSECM",10793,"SYRMA SGS TECHNOLOGY LTD","SYRMA","SYRMA-EQ","EQ","INE0DYJ01015",1,0.1,2,,,0,0,,77516,1030.7,1545.9,2100,3500,4100,,10793,1,,
"NSE","CM","NSECM",20314,"N R AGARWAL INDS LTD","NRAIL","NRAIL-EQ","EQ","INE740D01017",1,0.05,2,,,0,0,,196467,407.2,610.7,1600,2300,,20314,1,,,
"NSE","CM","NSECM",11817,"MANGALAM DRUG & CHEM LTD","MANGALAM","MANGALAM-EQ","EQ","INE584F01014",1,0.01,2,,,0,0,,517582,25.86,28.58,2200,4000,4200,4300,,11817,1,
"NSE","CM","NSECM",11223,"UCO BANK","UCOBANK","UCOBANK-EQ","EQ","INE691A01018",1,0.01,2,,,0,0,,3862183,20.71,31.05,,,11223,1,,,,
"NSE","CM","NSECM",4487,"ALKYL AMINES CHEM. LTD","ALKYLAMINE","ALKYLAMINE-EQ","EQ","INE150B01039",1,0.1,2,,,0,0,,55848,1431.6,2147.4,2100,,4487,1,,,,
"NSE","CM","NSECM",2085,"MAHARASHTRA SCOOTERS LTD","MAHSCOOTER","MAHSCOOTER-EQ","EQ","INE288A01013",1,1,2,,,0,0,,7884,10138,15206,,,2085,1,,,,
"NSE","CM","NSECM",18827,"TARAPUR TRANSFORMERS LTD","TARAPUR","TARAPUR-EQ","EQ","INE747K01017",1,0.01,2,,,0,0,,637649,17.26,19.06,100,2200,2300,,18827,1,,
"NSE","CM","NSECM",11293,"UNIPHOS ENTERPRISES LTD","UNIENTER","UNIENTER-EQ","EQ","INE037A01022",1,0.01,2,,,0,0,,1017593,78.62,117.92,2300,,11293,1,,,,
"NSE","CM","NSECM",11407,"XPRO INDIA LIMITED","XPROINDIA","XPROINDIA-EQ","EQ","INE445C01015",1,0.1,2,,,0,0,,72123,1109,1663.4,2100,,11407,1,,,,
"NSE","CM","NSECM",30121,"MIRAEAMC - EQUAL200","EQUAL200","EQUAL200-EQ","EQ","INF769K01OA1",1,0.01,2,,,0,0,,494293,10.92,16.38,,,30121,1,,,,
"NSE","CM","NSECM",1530,"INDIAN HUME PIPE CO. LTD.","INDIANHUME","INDIANHUME-EQ","EQ","INE323C01030",1,0.05,2,,,0,0,,258245,309.75,464.55,,,1530,1,,,,
"NSE","CM","NSECM",20878,"CREDO BRANDS MARKETING L","MUFTI","MUFTI-EQ","EQ","INE220Q01020",1,0.01,2,,,0,0,,1205931,66.34,99.5,4300,,20878,1,,,,
"NSE","CM","NSECM",13106,"NAHAR INDS ENT LTD","NAHARINDUS","NAHARINDUS-EQ","EQ","INE289A01011",1,0.01,2,,,0,0,,857327,93.32,139.96,2300,,13106,1,,,,
"NSE","CM","NSECM",24374,"SHRIRAM - LIQUIDSHRI","LIQUIDSHRI","LIQUIDSHRI-EQ","EQ","INF680P01422",1,0.01,2,,,0,0,,10983,1058.44,1169.84,,,24374,1,,,,
"NSE","CM","NSECM",13101,"VIMTA LABS LIMITED","VIMTALABS","VIMTALABS-EQ","EQ","INE579C01029",1,0.05,2,,,0,0,,175281,456.4,684.5,,,13101,1,,,,
"NSE","CM","NSECM",760224,"VIDYA WIRES LIMITED","VIDYAWIRES","VIDYAWIRES-EQ","EQ","INE14UN01029",1,0.01,2,,,0,0,,1129395,84.12,92.96,201,,760224,1,,,,
"NSE","CM","NSECM",9641,"KHANDWALA SECURITIES LTD","KHANDSE","KHANDSE-EQ","EQ","INE060B01014",1,0.01,2,,,0,0,,498798,14.27,21.39,201,2200,2300,,9641,1,,
"NSE","CM","NSECM",14418,"ASTRAL LIMITED","ASTRAL","ASTRAL-EQ","EQ","INE006I01046",1,0.1,2,,,0,0,,67967,1321.3,1614.9,2100,,14418,1,,,,
"NSE","CM","NSECM",3637,"JUBILANT PHARMOVA LTD","JUBLPHARMA","JUBLPHARMA-EQ","EQ","INE700A01033",1,0.05,2,,,0,0,,103531,772.3,1158.4,,"Final Dividend - Rs. - 5.0000","24 Jul 2026",3637,1,,,
"NSE","CM","NSECM",761675,"SAI PARENTERALS LIMITED","SAIPARENT","SAIPARENT-EQ","EQ","INE0H9F01037",1,0.05,2,,,0,0,,186700,428.5,642.7,2100,,761675,1,,,,
"NSE","CM","NSECM",22377,"MAX HEALTHCARE INS LTD","MAXHEALTH","MAXHEALTH-EQ","EQ","INE027H01010",1,0.1,2,,,0,0,,92457,972.4,1188.4,2100,,22377,1,,,,
"NSE","CM","NSECM",13072,"IIFL CAPITAL SERVICES LTD","IIFLCAPS","IIFLCAPS-EQ","EQ","INE489L01022",1,0.05,2,,,0,0,,293903,272.2,408.2,,,13072,1,,,,
"NSE","CM","NSECM",8585,"NLC INDIA LIMITED","NLCINDIA","NLCINDIA-EQ","EQ","INE589A01014",1,0.05,2,,,0,0,,341111,234.25,351.35,,,8585,1,,,,
"NSE","CM","NSECM",1328,"MARINE ELECTRICAL (I) LTD","MARINE","MARINE-EQ","EQ","INE01JE01028",1,0.05,2,,,0,0,,392403,203.85,305.75,2100,,1328,1,,,,
"NSE","CM","NSECM",22428,"MAX INDIA LIMITED","MAXIND","MAXIND-EQ","EQ","INE0CG601016",1,0.01,2,,,0,0,,549072,145.69,218.53,1500,2200,,22428,1,,,
"NSE","CM","NSECM",757885,"ANTHEM BIOSCIENCES LTD","ANTHEM","ANTHEM-EQ","EQ","INE0CZ201020",1,0.05,2,,,0,0,,129533,615.95,923.85,2100,,757885,1,,,,
"NSE","CM","NSECM",10285,"AYM SYNTEX LIMITED","AYMSYNTEX","AYMSYNTEX-EQ","EQ","INE193B01039",1,0.01,2,,,0,0,,426416,187.6,281.38,2100,,10285,1,,,,
"NSE","CM","NSECM",761386,"MARSONS LIMITED","MARSONS","MARSONS-EQ","EQ","INE415B01044",1,0.01,2,,,0,0,,909719,87.94,131.9,,,761386,1,,,,
"NSE","CM","NSECM",17635,"ZYDUS WELLNESS LIMITED","ZYDUSWELL","ZYDUSWELL-EQ","EQ","INE768C01028",1,0.05,2,,,0,0,,177532,450.45,675.65,2100,,17635,1,,,,
"NSE","CM","NSECM",1200,"MIRAEAMC - MAESGETF","ESG","ESG-EQ","EQ","INF769K01GS9",1,0.01,2,,,0,0,,789320,32.91,49.35,,,1200,1,,,,
"NSE","CM","NSECM",10159,"ORICON ENTERPRISES LTD","ORICONENT","ORICONENT-EQ","EQ","INE730A01022",1,0.01,2,,,0,0,,1817041,44.03,66.03,,,10159,1,,,,
"NSE","CM","NSECM",764198,"MIRAEAMC - MOMMIDCAP","MOMMIDCAP","MOMMIDCAP-EQ","EQ","INF769K01RC0",1,0.01,2,,,0,0,,187958,9.9,14.84,,,764198,1,,,,
"NSE","CM","NSECM",4160,"NORBEN TEA & EXPORTS LTD","NORBTEAEXP","NORBTEAEXP-EQ","EQ","INE369C01017",1,0.01,2,,,0,0,,508291,64.01,70.73,201,2200,2300,,4160,1,,
"NSE","CM","NSECM",9385,"PNC INFRATECH LTD.","PNCINFRA","PNCINFRA-EQ","EQ","INE195J01029",1,0.01,2,,,0,0,,419697,190.57,285.85,,,9385,1,,,,
"NSE","CM","NSECM",11872,"GRANULES INDIA LIMITED","GRANULES","GRANULES-EQ","EQ","INE101D01020",1,0.05,2,,,0,0,,119932,666.85,1000.25,,"Final Dividend - Rs. - 1.7500","30 Jul 2026",11872,1,,,
"NSE","CM","NSECM",17534,"MAHANAGAR GAS LTD.","MGL","MGL-EQ","EQ","INE002S01010",1,0.1,2,,,0,0,,92751,861.6,1292.4,,,17534,1,,,,
"NSE","CM","NSECM",760433,"KSH INTERNATIONAL LIMITED","KSHINTL","KSHINTL-EQ","EQ","INE987S01020",1,0.05,2,,,0,0,,112541,710.8,1066.1,201,2100,,760433,1,,,
"NSE","CM","NSECM",8413,"MIRAEAMC - MAM150ETF","MIDCAPETF","MIDCAPETF-EQ","EQ","INF769K01IC9",1,0.01,2,,,0,0,,4310116,18.56,27.84,,,8413,1,,,,
"NSE","CM","NSECM",27066,"SWIGGY LIMITED","SWIGGY","SWIGGY-EQ","EQ","INE00H001014",1,0.01,2,,,0,0,,397484,226.28,276.56,2200,,27066,1,,,,
"NSE","CM","NSECM",1073,"FOSECO INDIA LTD","FOSECOIND","FOSECOIND-EQ","EQ","INE519A01011",1,0.5,2,,,0,0,,19806,4038.5,6057.5,,,1073,1,,,,
"NSE","CM","NSECM",762762,"LAHOTI OVERSEAS LTD.","LAHOTIOV","LAHOTIOV-EQ","EQ","INE515C01023",1,0.01,2,,,0,0,,953907,35.16,52.74,2300,,762762,1,,,,
"NSE","CM","NSECM",701,"HEMISPHERE PROP IND LTD","HEMIPROP","HEMIPROP-EQ","EQ","INE0AJG01018",1,0.01,2,,,0,0,,749548,106.7,160.04,1500,2200,,701,1,,,
"NSE","CM","NSECM",14218,"CAMBRIDGE TECH ENTER LTD","CTE","CTE-EQ","EQ","INE627H01017",1,0.01,2,,,0,0,,641933,28.35,34.65,2100,2300,4300,,14218,1,,
"NSE","CM","NSECM",20329,"CAPRI GLOBAL CAPITAL LTD","CGCL","CGCL-EQ","EQ","INE180C01042",1,0.01,2,,,0,0,,419498,190.59,285.87,,,20329,1,,,,
"NSE","CM","NSECM",9847,"NIP IND ETF ETF NV20","NV20BEES","NV20BEES-EQ","EQ","INF204KB18I3",1,0.01,2,,,0,0,,336318,111.04,166.54,,,9847,1,,,,
"NSE","CM","NSECM",14480,"GOKUL AGRO RESOURCES LTD","GOKULAGRO","GOKULAGRO-EQ","EQ","INE314T01033",1,0.01,2,,,0,0,,476268,167.95,251.91,,,14480,1,,,,
"NSE","CM","NSECM",1782,"KANPUR PLASTIPACK LIMITED","KANPRPLA","KANPRPLA-EQ","EQ","INE694E01014",1,0.01,2,,,0,0,,451954,177,265.5,,"Final Dividend - Rs. - 1.2000","03 Aug 2026",1782,1,,,
"NSE","CM","NSECM",3363,"SUPREME INDUSTRIES LTD","SUPREMEIND","SUPREMEIND-EQ","EQ","INE195A01028",1,0.1,2,,,0,0,,28834,3113.1,3804.7,2100,,3363,1,,,,
"NSE","CM","NSECM",17999,"UNITED NILGIRI TEA LTD","UNITEDTEA","UNITEDTEA-EQ","EQ","INE458F01011",1,0.05,2,,,0,0,,163386,375.85,563.75,2300,,17999,1,,,,
"NSE","CM","NSECM",6066,"ADANI TOTAL GAS LIMITED","ATGL","ATGL-EQ","EQ","INE399L01023",1,0.05,2,,,0,0,,152872,522.3,783.4,2100,,6066,1,,,,
"NSE","CM","NSECM",13143,"ICICIPRAMC - ICICI10GS","GSEC10IETF","GSEC10IETF-EQ","EQ","INF109KC18O0",1,0.01,2,,,0,0,,379401,250.39,276.73,,,13143,1,,,,
"NSE","CM","NSECM",23056,"J.G.CHEMICALS LIMITED","JGCHEM","JGCHEM-EQ","EQ","INE0MB501011",1,0.05,2,,,0,0,,197849,404.3,606.4,,,23056,1,,,,
"NSE","CM","NSECM",761095,"SBIAMC - SBIMIDMOM","SBIMIDMOM","SBIMIDMOM-EQ","EQ","INF200KB1AJ0",1,0.01,2,,,0,0,,52417,49.24,73.84,,,761095,1,,,,
"NSE","CM","NSECM",22656,"SIGNPOST INDIA LIMITED","SIGNPOST","SIGNPOST-EQ","EQ","INE0KGZ01021",1,0.05,2,,,0,0,,323157,247.55,371.25,,,22656,1,,,,
"NSE","CM","NSECM",19211,"HINDUSTAN MEDIA VENT LTD","HMVL","HMVL-EQ","EQ","INE871K01015",1,0.01,2,,,0,0,,1070593,74.72,112.08,,,19211,1,,,,
"NSE","CM","NSECM",14912,"KPR MILL LTD.","KPRMILL","KPRMILL-EQ","EQ","INE930H01031",1,0.1,2,,,0,0,,93997,849.2,1273.8,,,14912,1,,,,
"NSE","CM","NSECM",759428,"GROWWAMC - GROWWRLTY","GROWWRLTY","GROWWRLTY-EQ","EQ","INF666M01MN2",1,0.01,2,,,0,0,,517018,7.93,11.89,,,759428,1,,,,
"NSE","CM","NSECM",10690,"BIRLASLAMC - NIFTYQLITY","NIFTYQLITY","NIFTYQLITY-EQ","EQ","INF209KB15K4",1,0.01,2,,,0,0,,412222,16.88,25.3,,,10690,1,,,,
"NSE","CM","NSECM",10227,"MANORAMA INDUSTRIES LTD","MANORAMA","MANORAMA-EQ","EQ","INE00VM01036",1,0.1,2,,,0,0,,63051,1268.4,1902.6,,,10227,1,,,,
"NSE","CM","NSECM",11647,"KOTHARI SUG & CHEM LTD.","KOTARISUG","KOTARISUG-EQ","EQ","INE419A01022",1,0.01,2,,,0,0,,2710455,19.56,29.34,,,11647,1,,,,
"NSE","CM","NSECM",2406,"NEULAND LAB LTD.","NEULANDLAB","NEULANDLAB-EQ","EQ","INE794A01010",1,1,2,,,0,0,,5387,14837,22255,2100,"Final Dividend - Rs. - 34.0000","24 Jul 2026",2406,1,,,
"NSE","CM","NSECM",592,"GRAPHITE INDIA LTD","GRAPHITE","GRAPHITE-EQ","EQ","INE371A01025",1,0.05,2,,,0,0,,148484,538.2,807.3,2100,,592,1,,,,
"NSE","CM","NSECM",27171,"RACL GEARTECH LIMITED","RACLGEAR","RACLGEAR-EQ","EQ","INE704B01017",1,0.1,2,,,0,0,,76008,1052.4,1578.6,,,27171,1,,,,
"NSE","CM","NSECM",15234,"AMBIKA COTTON MILL LTD.","AMBIKCO","AMBIKCO-EQ","EQ","INE540G01014",1,0.1,2,,,0,0,,58537,1366.6,2049.8,,,15234,1,,,,
"NSE","CM","NSECM",2598,"AMJ LAND HOLDINGS LIMITED","AMJLAND","AMJLAND-EQ","EQ","INE606A01024",1,0.01,2,,,0,0,,1340698,30.4,45.58,2300,,2598,1,,,,
"NSE","CM","NSECM",25584,"TRIVENI TURBINE LIMITED","TRITURBINE","TRITURBINE-EQ","EQ","INE152M01016",1,0.05,2,,,0,0,,163397,489.45,734.15,2100,,25584,1,,,,
"NSE","CM","NSECM",759522,"GROWWAMC - GROWWSC250","GROWWSC250","GROWWSC250-EQ","EQ","INF666M01MO0",1,0.01,2,,,0,0,,506451,8.15,12.21,,,759522,1,,,,
"NSE","CM","NSECM",11573,"FORCE MOTORS LIMITED","FORCEMOT","FORCEMOT-EQ","EQ","INE451A01017",1,1,2,,,0,0,,5668,15858,19382,,,11573,1,,,,
"NSE","CM","NSECM",3411,"TATA ELXSI LIMITED","TATAELXSI","TATAELXSI-EQ","EQ","INE670A01012",1,0.1,2,,,0,0,,28219,3184.2,3891.8,,,3411,1,,,,
"NSE","CM","NSECM",9436,"AXISCADES TECH LTD","AXISCADES","AXISCADES-EQ","EQ","INE555B01013",1,0.1,2,,,0,0,,62179,1527.6,1688.4,2100,4100,,9436,1,,,
"NSE","CM","NSECM",13175,"NITIN SPINNERS LIMITED","NITINSPIN","NITINSPIN-EQ","EQ","INE229H01012",1,0.05,2,,,0,0,,186818,428.2,642.2,,,13175,1,,,,
"NSE","CM","NSECM",3880,"SOMANY CERAMICS LIMITED","SOMANYCERA","SOMANYCERA-EQ","EQ","INE355A01028",1,0.05,2,,,0,0,,201289,397.4,596,,"Final Dividend - Rs. - 2.0000","05 Aug 2026",3880,1,,,
"NSE","CM","NSECM",4010,"PVP VENTURES LIMITED","PVP","PVP-EQ","EQ","INE362A01016",1,0.01,2,,,0,0,,3661535,21.85,32.77,1500,2200,,4010,1,,,
"NSE","CM","NSECM",762603,"BALMER LAWRIE INVSTS. L","BLIL","BLIL-EQ","EQ","INE525F01025",1,0.01,2,,,0,0,,1430834,55.91,83.85,,,762603,1,,,,
"NSE","CM","NSECM",23621,"JNK INDIA LIMITED","JNKINDIA","JNKINDIA-EQ","EQ","INE0OAF01028",1,0.05,2,,,0,0,,212344,376.75,565.05,201,,23621,1,,,,
"NSE","CM","NSECM",758904,"AONEAMC - AONEGOLD","AONEGOLD","AONEGOLD-EQ","EQ","INF1J2R01114",1,0.01,2,,,0,0,,2026111,10.74,16.1,,,758904,1,,,,
"NSE","CM","NSECM",1403,"HINDUSTAN OIL EXPLORATION","HINDOILEXP","HINDOILEXP-EQ","EQ","INE345A01011",1,0.01,2,,,0,0,,617019,129.64,194.44,,,1403,1,,,,
"NSE","CM","NSECM",4221,"VISAKA INDUSTRIES LIMITED","VISAKAIND","VISAKAIND-EQ","EQ","INE392A01021",1,0.01,2,,,0,0,,1252263,63.88,95.82,,,4221,1,,,,
"NSE","CM","NSECM",18118,"THANGAMAYIL JEWELLERY LTD","THANGAMAYL","THANGAMAYL-EQ","EQ","INE085J01014",1,0.5,2,,,0,0,,14452,6216,7597,2100,3200,3300,3900,"Final Dividend - Rs. - 18.0000","22 Jul 2026",18118,1
"NSE","CM","NSECM",212,"ASHOK LEYLAND LTD","ASHOKLEY","ASHOKLEY-EQ","EQ","INE208A01029",1,0.01,2,,,0,0,,657870,135.97,166.17,,,212,1,,,,
"NSE","CM","NSECM",758748,"MANGAL ELECTRICAL IND L","MEIL","MEIL-EQ","EQ","INE0PKD01011",1,0.05,2,,,0,0,,351288,227.75,341.55,4300,,758748,1,,,,
"NSE","CM","NSECM",14260,"PEARL GLOBAL IND LIMITED","PGIL","PGIL-EQ","EQ","INE940H01022",1,0.1,2,,,0,0,,50611,1579.6,2369.4,,,14260,1,,,,
"NSE","CM","NSECM",5186,"STYLAM INDUSTRIES LIMITED","STYLAMIND","STYLAMIND-EQ","EQ","INE239C01020",1,0.1,2,,,0,0,,29251,2733.5,4100.1,3300,3900,4300,,5186,1,,
"NSE","CM","NSECM",24851,"SUYOG TELEMATICS LIMITED","SUYOG","SUYOG-EQ","EQ","INE442P01014",1,0.05,2,,,0,0,,117580,680.4,1020.5,,,24851,1,,,,
"NSE","CM","NSECM",5265,"ALIVUS LIFE SCIENCES LTD","ALIVUS","ALIVUS-EQ","EQ","INE03Q201024",1,0.1,2,,,0,0,,90703,881,1321.4,,,5265,1,,,,
"NSE","CM","NSECM",14753,"031NSETEST","031NSETEST","031NSETEST-EQ","EQ","DUMMYSAN007",1,0.05,2,,,0,0,,0,180,220,,,14753,1,,,,
"NSE","CM","NSECM",759978,"DSPAMC - MSCIADD","MSCIADD","MSCIADD-EQ","EQ","INF740KA1WV7",1,0.01,2,,,0,0,,36945,23.38,35.06,,,759978,1,,,,
"NSE","CM","NSECM",11184,"IDFC FIRST BANK LIMITED","IDFCFIRSTB","IDFCFIRSTB-EQ","EQ","INE092T01019",1,0.01,2,,,0,0,,1231690,72.72,88.86,,,11184,1,,,,
"NSE","CM","NSECM",14602,"WEBSOL ENERGY SYSTEM LTD","WEBELSOLAR","WEBELSOLAR-EQ","EQ","INE855C01023",1,0.01,2,,,0,0,,1002048,94.79,104.75,201,,14602,1,,,,
"NSE","CM","NSECM",10457,"ARVIND SMARTSPACES LTD","ARVSMART","ARVSMART-EQ","EQ","INE034S01021",1,0.05,2,,,0,0,,164248,487.05,730.55,,,10457,1,,,,
"NSE","CM","NSECM",6973,"DMCC SPECIALITY CHEMICALS","DMCC","DMCC-EQ","EQ","INE505A01010",1,0.05,2,,,0,0,,366616,218.2,327.3,,,6973,1,,,,
"NSE","CM","NSECM",760328,"BANDHANAMC - SILVERBND","SILVERBND","SILVERBND-EQ","EQ","INF194KB1KI9",1,0.01,2,,,0,0,,17233,177.36,266.02,,,760328,1,,,,
"NSE","CM","NSECM",14304,"FIRSTSOURCE SOLU. LTD.","FSL","FSL-EQ","EQ","INE684F01012",1,0.01,2,,,0,0,,393798,202.87,304.29,,,14304,1,,,,
"NSE","CM","NSECM",761330,"ARTEMIS ELECTRICALS & P L","AEPL","AEPL-EQ","EQ","INE757T01025",1,0.01,2,,,0,0,,6684358,13.47,16.45,2300,,761330,1,,,,
"NSE","CM","NSECM",18743,"SIGNATUREGLOBAL INDIA LTD","SIGNATURE","SIGNATURE-EQ","EQ","INE903U01023",1,0.05,2,,,0,0,,130111,614.7,922,,,18743,1,,,,
"NSE","CM","NSECM",14937,"CIE AUTOMOTIVE INDIA LTD","CIEINDIA","CIEINDIA-EQ","EQ","INE536H01010",1,0.05,2,,,0,0,,241652,331,496.5,,,14937,1,,,,
"NSE","CM","NSECM",10733,"SPORTKING INDIA LIMITED","SPORTKING","SPORTKING-EQ","EQ","INE885H01029",1,0.01,2,,,0,0,,467841,171,256.48,3300,3500,4100,,10733,1,,
"NSE","CM","NSECM",19113,"UPDATER SERVICES LIMITED","UDS","UDS-EQ","EQ","INE851I01011",1,0.01,2,,,0,0,,496992,160.96,241.42,,,19113,1,,,,
"NSE","CM","NSECM",19289,"MOTILAL OSWAL M50 ETF","MOM50","MOM50-EQ","EQ","INF247L01536",1,0.01,2,,,0,0,,98906,199.74,299.6,,,19289,1,,,,
"NSE","CM","NSECM",11351,"PETRONET LNG LIMITED","PETRONET","PETRONET-EQ","EQ","INE347G01014",1,0.05,2,,,0,0,,362999,247.25,302.15,,,11351,1,,,,
"NSE","CM","NSECM",17859,"REDTAPE LIMITED","REDTAPE","REDTAPE-EQ","EQ","INE0LXT01019",1,0.01,2,,,0,0,,788302,101.42,152.12,,"Final Dividend - Rs. - 2.0000","31 Jul 2026",17859,1,,,
"NSE","CM","NSECM",104,"SHARE IND. SECURITIES LTD","SHAREINDIA","SHAREINDIA-EQ","EQ","INE932X01026",1,0.01,2,,,0,0,,521979,153.26,229.88,1201,"Interim Dividend - Rs. - 0.5000","30 Jul 2026",104,1,,,
"NSE","CM","NSECM",15404,"ATAM VALVES LIMITED","ATAM","ATAM-EQ","EQ","INE09KD01013",1,0.01,2,,,0,0,,374839,52.71,79.05,2300,,15404,1,,,,
"NSE","CM","NSECM",16045,"PRINCE PIPES FITTINGS LTD","PRINCEPIPE","PRINCEPIPE-EQ","EQ","INE689W01016",1,0.05,2,,,0,0,,382761,209,313.4,,,16045,1,,,,
"NSE","CM","NSECM",8080,"NIPPONAMC - NETFSILVER","SILVERBEES","SILVERBEES-EQ","EQ","INF204KC1402",1,0.01,2,,,0,0,,472652,169.08,253.6,,,8080,1,,,,
"NSE","CM","NSECM",758968,"ANLON HEALTHCARE LIMITED","AHCL","AHCL-EQ","EQ","INE0Y8W01025",1,0.01,2,,,0,0,,6662008,12.01,18.01,,,758968,1,,,,
"NSE","CM","NSECM",15555,"HEALTHCARE GLOB. ENT. LTD","HCG","HCG-EQ","EQ","INE075I01017",1,0.05,2,,,0,0,,149898,533.25,799.85,2100,,15555,1,,,,
"NSE","CM","NSECM",6848,"GREENLAM INDUSTRIES LTD.","GREENLAM","GREENLAM-EQ","EQ","INE544R01021",1,0.05,2,,,0,0,,390374,204.8,307.2,2100,,6848,1,,,,
"NSE","CM","NSECM",16696,"GHCL TEXTILES LIMITED","GHCLTEXTIL","GHCLTEXTIL-EQ","EQ","INE0PA801013",1,0.01,2,,,0,0,,863329,92.66,138.98,,,16696,1,,,,
"NSE","CM","NSECM",14019,"VEEDOL CORPORATION LTD","VEEDOL","VEEDOL-EQ","EQ","INE484C01030",1,0.1,2,,,0,0,,71472,1119.1,1678.5,,,14019,1,,,,
"NSE","CM","NSECM",18944,"KINGFA SCI & TEC IND LTD.","KINGFA","KINGFA-EQ","EQ","INE473D01015",1,0.5,2,,,0,0,,19174,4170,6254,,,18944,1,,,,
"NSE","CM","NSECM",759610,"CHOICEAMC - CHOICEGOLD","CHOICEGOLD","CHOICEGOLD-EQ","EQ","INF2KCX01012",1,0.01,2,,,0,0,,116077,114.05,171.07,,,759610,1,,,,
"NSE","CM","NSECM",25897,"MINDA CORPORATION LTD","MINDACORP","MINDACORP-EQ","EQ","INE842C01021",1,0.05,2,,,0,0,,147750,541.2,811.7,2100,"Final Dividend - Rs. - 0.8000","14 Aug 2026",25897,1,,,
"NSE","CM","NSECM",14924,"LORENZINI APPARELS LTD","LAL","LAL-EQ","EQ","INE740X01023",1,0.01,2,,,0,0,,5648484,6.71,10.05,2300,,14924,1,,,,
"NSE","CM","NSECM",2294,"MAHANAGAR TELEPHONE NIGAM","MTNL","MTNL-EQ","EQ","INE153A01019",1,0.01,2,,,0,0,,3688648,21.69,32.53,1500,2200,,2294,1,,,
"NSE","CM","NSECM",17603,"MAHINDRA EPC IRRIG LTD","MAHEPC","MAHEPC-EQ","EQ","INE215D01010",1,0.01,2,,,0,0,,913988,84.31,126.45,,,17603,1,,,,
"NSE","CM","NSECM",758595,"MIRAEAMC - INTERNET","INTERNET","INTERNET-EQ","EQ","INF769K01PB6",1,0.01,2,,,0,0,,787858,10.49,15.73,,,758595,1,,,,
"NSE","CM","NSECM",7254,"MEDPLUS HEALTH SERV LTD","MEDPLUS","MEDPLUS-EQ","EQ","INE804L01022",1,0.05,2,,,0,0,,138757,576.45,864.65,,,7254,1,,,,
"NSE","CM","NSECM",18102,"KOTAK NIFTY ETF","NIFTY1","NIFTY1-EQ","EQ","INF174K014P6",1,0.01,2,,,0,0,,377814,211.71,317.55,,,18102,1,,,,
"NSE","CM","NSECM",4204,"SAMVRDHNA MTHRSN INTL LTD","MOTHERSON","MOTHERSON-EQ","EQ","INE775A01035",1,0.01,2,,,0,0,,686037,131,160.1,,,4204,1,,,,
"NSE","CM","NSECM",8614,"INDO BORAX & CHEMICAL LTD","INDOBORAX","INDOBORAX-EQ","EQ","INE803D01021",1,0.05,2,,,0,0,,240321,332.9,499.3,1001,"Final Dividend - Rs. - 10.0000","21 Jul 2026",8614,1,,,
"NSE","CM","NSECM",7672,"IMAGICAAWORLD ENT LTD","IMAGICAA","IMAGICAA-EQ","EQ","INE172N01012",1,0.01,2,,,0,0,,2142916,37.33,55.99,2100,,7672,1,,,,
"NSE","CM","NSECM",19633,"MIRAEAMC - ITETF","ITETF","ITETF-EQ","EQ","INF769K01KV5",1,0.01,2,,,0,0,,1149232,24.2,36.28,,,19633,1,,,,
"NSE","CM","NSECM",24937,"MAHALAXMI FABRIC MILLS LT","MFML","MFML-EQ","EQ","INE0US801024",1,0.01,2,,,0,0,,347281,15,22.5,2200,2300,,24937,1,,,
"NSE","CM","NSECM",381,"SINTERCOM INDIA LIMITED","SINTERCOM","SINTERCOM-EQ","EQ","INE129Z01016",1,0.01,2,,,0,0,,900158,65.64,98.44,2100,2300,,381,1,,,
"NSE","CM","NSECM",15362,"V-GUARD IND LTD.","VGUARD","VGUARD-EQ","EQ","INE951I01027",1,0.05,2,,,0,0,,343832,232.65,348.95,,"Final Dividend - Rs. - 1.5000","31 Jul 2026",15362,1,,,
"NSE","CM","NSECM",5751,"SANSERA ENGINEERING LTD","SANSERA","SANSERA-EQ","EQ","INE953O01021",1,0.1,2,,,0,0,,31352,2547.8,3821.6,2100,3500,3600,4100,,5751,1,
"NSE","CM","NSECM",21119,"KALYANI INVEST CO LTD","KICL","KICL-EQ","EQ","INE029L01018",1,0.5,2,,,0,0,,18870,4238.5,6357.5,2100,,21119,1,,,,
"NSE","CM","NSECM",13517,"EMAMI LIMITED","EMAMILTD","EMAMILTD-EQ","EQ","INE548C01032",1,0.05,2,,,0,0,,244875,326.35,489.45,,,13517,1,,,,
"NSE","CM","NSECM",30089,"ORIENT CEMENT LTD.","ORIENTCEM","ORIENTCEM-EQ","EQ","INE876N01018",1,0.01,2,,,0,0,,747256,107.04,160.56,,,30089,1,,,,
"NSE","CM","NSECM",14677,"GUJ. APOLLO IND. LTD.","GUJAPOLLO","GUJAPOLLO-EQ","EQ","INE826C01016",1,0.05,2,,,0,0,,274457,291.5,437.2,2100,2300,,14677,1,,,
"NSE","CM","NSECM",347,"BANARAS BEADS LTD","BANARBEADS","BANARBEADS-EQ","EQ","INE655B01011",1,0.01,2,,,0,0,,215737,97.56,146.34,2300,,347,1,,,,
"NSE","CM","NSECM",14485,"THEMIS MEDICARE LTD.","THEMISMED","THEMISMED-EQ","EQ","INE083B01024",1,0.01,2,,,0,0,,910224,87.89,131.83,1001,2200,,14485,1,,,
"NSE","CM","NSECM",3857,"VARROC ENGINEERING LTD.","VARROC","VARROC-EQ","EQ","INE665L01035",1,0.05,2,,,0,0,,155535,514.2,771.3,,"Final Dividend - Rs. - 1.5000","07 Aug 2026",3857,1,,,
"NSE","CM","NSECM",25,"ADANI ENTERPRISES LIMITED","ADANIENT","ADANIENT-EQ","EQ","INE423A01024",1,0.1,2,,,0,0,,32521,2723.8,3329,,,25,1,,,,
"NSE","CM","NSECM",751607,"QMS MEDICAL ALLIED S LTD","QMSMEDI","QMSMEDI-EQ","EQ","INE0FMW01018",1,0.01,2,,,0,0,,632333,88.48,132.72,2300,,751607,1,,,,
"NSE","CM","NSECM",1315,"GALAXY SURFACTANTS LTD","GALAXYSURF","GALAXYSURF-EQ","EQ","INE600K01018",1,0.1,2,,,0,0,,51408,1556,2334,,"Final Dividend - Rs. - 22.0000","31 Jul 2026",1315,1,,,
"NSE","CM","NSECM",9558,"AKSHAR SPINTEX LIMITED","AKSHAR","AKSHAR-EQ","EQ","INE256Z01025",1,0.01,2,,,0,0,,25750218,0.34,0.5,2200,,9558,1,,,,
"NSE","CM","NSECM",759867,"CAPILLARY TECHNO INDIA L","CAPILLARY","CAPILLARY-EQ","EQ","INE0ILV01024",1,0.05,2,,,0,0,,209963,381,571.5,2100,,759867,1,,,,
"NSE","CM","NSECM",1162,"GTL LTD","GTL","GTL-EQ","EQ","INE043A01012",1,0.01,2,,,0,0,,5143603,6.46,7.88,,,1162,1,,,,
"NSE","CM","NSECM",760188,"SHREE RAM TWISTEX LIMITED","SRTL","SRTL-EQ","EQ","INE19GK01015",1,0.01,2,,,0,0,,1307181,32.23,48.33,,,760188,1,,,,
"NSE","CM","NSECM",13337,"GALLANTT ISPAT LIMITED","GALLANTT","GALLANTT-EQ","EQ","INE297H01019",1,0.05,2,,,0,0,,191817,495.15,547.25,3900,,13337,1,,,,
"NSE","CM","NSECM",760986,"MIRAEAMC - HEALTHCARE","HEALTHCARE","HEALTHCARE-EQ","EQ","INF769K01QA6",1,0.01,2,,,0,0,,211446,16.84,25.24,,,760986,1,,,,
"NSE","CM","NSECM",21750,"ZERODHAAMC - LIQUIDCASE","LIQUIDCASE","LIQUIDCASE-EQ","EQ","INF0R8F01034",1,0.01,2,,,0,0,,868324,109.38,120.88,,,21750,1,,,,
"NSE","CM","NSECM",2421,"NILKAMAL LIMITED","NILKAMAL","NILKAMAL-EQ","EQ","INE310A01015",1,0.1,2,,,0,0,,59659,1340.9,2011.3,2900,3200,,2421,1,,,
"NSE","CM","NSECM",14518,"BIRLASLAMC - ABSLLIQUID","ABSLLIQUID","ABSLLIQUID-EQ","EQ","INF209KB18T9",1,0.01,2,,,0,0,,13025,950,1050,,,14518,1,,,,
"NSE","CM","NSECM",18889,"KALYANI STEELS LIMITED","KSL","KSL-EQ","EQ","INE907A01026",1,0.05,2,,,0,0,,111969,714.4,1071.5,,"Dividend - Rs. - 10.0000","31 Jul 2026",18889,1,,,
"NSE","CM","NSECM",759605,"LENSKART SOLUTIONS LTD","LENSKART","LENSKART-EQ","EQ","INE956O01016",1,0.05,2,,,0,0,,179087,444.75,667.05,2100,,759605,1,,,,
"NSE","CM","NSECM",5650,"SHANTI OVERSEAS INDIA LTD","SHANTI","SHANTI-EQ","EQ","INE933X01016",1,0.01,2,,,0,0,,363165,5.66,8.48,100,2200,2300,,5650,1,,
"NSE","CM","NSECM",20531,"BAJEL PROJECTS LIMITED","BAJEL","BAJEL-EQ","EQ","INE0KQN01018",1,0.01,2,,,0,0,,558930,143.12,214.68,2100,"Final Dividend - Rs. - 0.6000","31 Jul 2026",20531,1,,,
"NSE","CM","NSECM",13430,"KELLTON TECH SOL LTD","KELLTONTEC","KELLTONTEC-EQ","EQ","INE164B01030",1,0.01,2,,,0,0,,7096860,11.28,16.9,4300,,13430,1,,,,
"NSE","CM","NSECM",3724,"VST INDUSTRIES LTD","VSTIND","VSTIND-EQ","EQ","INE710A01016",1,0.05,2,,,0,0,,434673,184.05,276.05,,,3724,1,,,,
"NSE","CM","NSECM",14772,"101NSETEST","101NSETEST","101NSETEST-EQ","EQ","DUMMYSAN014",1,0.05,2,,,0,0,,0,180,220,,,14772,1,,,,
"NSE","CM","NSECM",100,"AMARA RAJA ENERGY MOB LTD","ARE&M","ARE&M-EQ","EQ","INE885A01032",1,0.05,2,,,0,0,,115121,694.2,1041.2,,"Final Dividend - Rs. - 5.2000","27 Jul 2026",100,1,,,
"NSE","CM","NSECM",154,"APCOTEX INDUSTRIES LIMITE","APCOTEXIND","APCOTEXIND-EQ","EQ","INE116A01032",1,0.05,2,,,0,0,,178190,448.85,673.25,,,154,1,,,,
"NSE","CM","NSECM",21238,"AU SMALL FINANCE BANK LTD","AUBANK","AUBANK-EQ","EQ","INE949L01017",1,0.1,2,,,0,0,,99581,903.6,1104.4,,,21238,1,,,,
"NSE","CM","NSECM",4963,"ICICI BANK LTD.","ICICIBANK","ICICIBANK-EQ","EQ","INE090A01021",1,0.1,2,,,0,0,,64560,1289.7,1576.1,,"Dividend - Rs. - 12.0000","03 Aug 2026",4963,1,,,
"NSE","CM","NSECM",2951,"S&S POWER SWITCHGEARS LTD","S&SPOWER","S&SPOWER-EQ","EQ","INE902B01017",1,0.05,2,,,0,0,,287927,329.95,364.65,2300,,2951,1,,,,
"NSE","CM","NSECM",24966,"SURAJ LIMITED","SURAJLTD","SURAJLTD-EQ","EQ","INE713C01016",1,0.01,2,,,0,0,,451866,177.04,265.56,2300,,24966,1,,,,
"NSE","CM","NSECM",21957,"IND TERRAIN FASHIONS LTD","INDTERRAIN","INDTERRAIN-EQ","EQ","INE611L01021",1,0.01,2,,,0,0,,1656821,23.41,35.11,2200,2300,,21957,1,,,
"NSE","CM","NSECM",6489,"IRIS REGTECH SOLUTION LTD","IRIS","IRIS-EQ","EQ","INE864K01010",1,0.05,2,,,0,0,,408978,195.6,293.4,,,6489,1,,,,
"NSE","CM","NSECM",10473,"POWER MECH PROJECTS LTD.","POWERMECH","POWERMECH-EQ","EQ","INE211R01019",1,0.1,2,,,0,0,,38539,2074.9,3112.3,,,10473,1,,,,
"NSE","CM","NSECM",48,"HAPPIEST MINDS TECHNO LTD","HAPPSTMNDS","HAPPSTMNDS-EQ","EQ","INE419U01012",1,0.05,2,,,0,0,,268307,298.05,447.05,,,48,1,,,,
"NSE","CM","NSECM",16639,"KIRI INDUSTRIES LIMITED","KIRIINDUS","KIRIINDUS-EQ","EQ","INE415I01015",1,0.05,2,,,0,0,,246529,324.45,486.65,,,16639,1,,,,
"NSE","CM","NSECM",762904,"SHARAT INDUSTRIES LTD.","SHINDL","SHINDL-EQ","EQ","INE220Z01013",1,0.01,2,,,0,0,,632410,126.5,189.74,2300,,762904,1,,,,
"NSE","CM","NSECM",383,"BHARAT ELECTRONICS LTD","BEL","BEL-EQ","EQ","INE263A01024",1,0.05,2,,,0,0,,241221,364.5,445.5,,,383,1,,,,
"NSE","CM","NSECM",2397,"SANDHAR TECHNOLOGIES LTD","SANDHAR","SANDHAR-EQ","EQ","INE278H01035",1,0.05,2,,,0,0,,168352,475.2,712.7,,,2397,1,,,,
"NSE","CM","NSECM",762553,"ASIAN STAR CO. LTD.","ASTAR","ASTAR-EQ","EQ","INE194D01017",1,0.05,2,,,0,0,,164869,485.2,727.8,2300,,762553,1,,,,
"NSE","CM","NSECM",14116,"GANDHI SPL. TUBES LTD","GANDHITUBE","GANDHITUBE-EQ","EQ","INE524B01027",1,0.05,2,,,0,0,,115199,694.4,1041.6,,"Final Dividend - Rs. - 15.0000","05 Aug 2026",14116,1,,,
"NSE","CM","NSECM",11983,"SASKEN TECHNOLOGIES LTD","SASKEN","SASKEN-EQ","EQ","INE231F01020",1,0.1,2,,,0,0,,54913,1730,1912,201,"Final Dividend - Rs. - 13.0000","24 Jul 2026",11983,1,,,
"NSE","CM","NSECM",714,"SHALBY LIMITED","SHALBY","SHALBY-EQ","EQ","INE597J01018",1,0.01,2,,,0,0,,613062,130.48,195.72,2100,,714,1,,,,
"NSE","CM","NSECM",20092,"TASTY BITE EATABLES LTD","TASTYBITE","TASTYBITE-EQ","EQ","INE488B01017",1,0.5,2,,,0,0,,11109,7199.5,10798.5,2100,"Final Dividend - Rs. - 10.0000","06 Aug 2026",20092,1,,,
"NSE","CM","NSECM",759769,"ADVENT HOTELS INTERNATI L","ADVENTHTL","ADVENTHTL-EQ","EQ","INE28GN01010",1,0.01,2,,,0,0,,702659,113.85,170.77,4300,,759769,1,,,,
"NSE","CM","NSECM",13771,"VARVEE GLOBAL LIMITED","VGL","VGL-EQ","EQ","INE273D01027",1,0.01,2,,,0,0,,1633973,48.96,73.44,,,13771,1,,,,
"NSE","CM","NSECM",12913,"SARVESHWAR FOODS LIMITED","SARVESHWAR","SARVESHWAR-EQ","EQ","INE324X01026",1,0.01,2,,,0,0,,28985096,3.11,3.79,4200,4300,,12913,1,,,
"NSE","CM","NSECM",12015,"AEROFLEX ENTERPRISES LTD","AEROENTER","AEROENTER-EQ","EQ","INE065D01027",1,0.01,2,,,0,0,,785487,101.84,152.76,201,,12015,1,,,,
"NSE","CM","NSECM",17572,"MIRAEAMC - LIQUID","LIQUID","LIQUID-EQ","EQ","INF769K01KS1",1,0.01,2,,,0,0,,99996,950,1050,,,17572,1,,,,
"NSE","CM","NSECM",10599,"GUJARAT ENERGY LIMITED","GUJENERGY","GUJENERGY-EQ","EQ","INE844O01030",1,0.05,2,,,0,0,,375961,212.4,318.5,,,10599,1,,,,
"NSE","CM","NSECM",23806,"BIRLASLAMC-ABSLPSE","ABSLPSE","ABSLPSE-EQ","EQ","INF209KB19Z4",1,0.01,2,,,0,0,,654032,8.28,12.42,,,23806,1,,,,
"NSE","CM","NSECM",7603,"CMS INFO SYSTEMS LIMITED","CMSINFO","CMSINFO-EQ","EQ","INE925R01014",1,0.05,2,,,0,0,,365000,219.15,328.65,,,7603,1,,,,
"NSE","CM","NSECM",11809,"IIFL FINANCE LIMITED","IIFL","IIFL-EQ","EQ","INE530B01024",1,0.05,2,,,0,0,,179486,445.25,667.85,,,11809,1,,,,
"NSE","CM","NSECM",762432,"OM POWER TRANSMISSION LTD","OMPOWER","OMPOWER-EQ","EQ","INE25E901019",1,0.01,2,,,0,0,,590999,135.36,203.04,,,762432,1,,,,
"NSE","CM","NSECM",3292,"DEEP INDUSTRIES LIMITED","DEEPINDS","DEEPINDS-EQ","EQ","INE0FHS01024",1,0.05,2,,,0,0,,208446,383.7,575.5,,,3292,1,,,,
"NSE","CM","NSECM",25468,"PAISALO DIGITAL LIMITED","PAISALO","PAISALO-EQ","EQ","INE420C01059",1,0.01,2,,,0,0,,1424310,56.14,84.2,3300,3500,3900,,25468,1,,
"NSE","CM","NSECM",10939,"NIP IND ETF JUNIOR BEES","JUNIORBEES","JUNIORBEES-EQ","EQ","INF732E01045",1,0.01,2,,,0,0,,128851,620.47,930.69,,,10939,1,,,,
"NSE","CM","NSECM",757955,"PASHUPATI COTSPIN LIMITED","PASHUPATI","PASHUPATI-EQ","EQ","INE124Y01028",1,0.01,2,,,0,0,,1148127,69.68,104.5,2100,2300,,757955,1,,,
"NSE","CM","NSECM",25597,"MANBA FINANCE LIMITED","MANBA","MANBA-EQ","EQ","INE939X01013",1,0.01,2,,,0,0,,723496,110.57,165.85,,,25597,1,,,,
"NSE","CM","NSECM",11626,"WELSPUN ENTERPRISES LTD.","WELENT","WELENT-EQ","EQ","INE625G01013",1,0.05,2,,,0,0,,166926,479.05,718.55,,,11626,1,,,,
"NSE","CM","NSECM",761506,"HSBCAMC - HSBCGOLD","HSBCGOLD","HSBCGOLD-EQ","EQ","INF336L01RX2",1,0.01,2,,,0,0,,800052,100,149.98,,,761506,1,,,,
"NSE","CM","NSECM",20372,"FLAIR WRITING INDUST LTD","FLAIR","FLAIR-EQ","EQ","INE00Y201027",1,0.05,2,,,0,0,,395969,227.25,277.75,,,20372,1,,,,
"NSE","CM","NSECM",18226,"MAN INFRA LTD","MANINFRA","MANINFRA-EQ","EQ","INE949H01023",1,0.01,2,,,0,0,,1034192,77.35,116.01,,,18226,1,,,,
"NSE","CM","NSECM",17181,"MIRAEAMC - MANXT50","NEXT50","NEXT50-EQ","EQ","INF769K01FN2",1,0.01,2,,,0,0,,135043,592.39,888.57,,,17181,1,,,,
"NSE","CM","NSECM",16996,"TEAMO PRODUCTIONS HQ LTD","TPHQ","TPHQ-EQ","EQ","INE065J01024",1,0.01,2,,,0,0,,35846379,0.32,0.48,2100,,16996,1,,,,
"NSE","CM","NSECM",19578,"THE UGAR SUGAR WORKS LTD","UGARSUGAR","UGARSUGAR-EQ","EQ","INE071E01023",1,0.01,2,,,0,0,,2517523,31.78,47.66,,"Final Dividend - Rs. - 0.1000","29 Jul 2026",19578,1,,,
"NSE","CM","NSECM",7413,"MAN COAT METAL & IND LTD","MANAKCOAT","MANAKCOAT-EQ","EQ","INE830Q01018",1,0.01,2,,,0,0,,793436,100.82,151.22,,"Final Dividend - Rs. - 0.0500","27 Aug 2026",7413,1,,,
"NSE","CM","NSECM",342,"COMPUTER AGE MNGT SER LTD","CAMS","CAMS-EQ","EQ","INE596I01020",1,0.05,2,,,0,0,,131182,685.35,837.55,,"Interim Dividend","12 Aug 2026",342,1,,,
"NSE","CM","NSECM",2431,"RAILTEL CORP OF IND LTD","RAILTEL","RAILTEL-EQ","EQ","INE0DD101019",1,0.05,2,,,0,0,,351105,227.8,341.7,,,2431,1,,,,
"NSE","CM","NSECM",11821,"WELSPUN CORP LIMITED","WELCORP","WELCORP-EQ","EQ","INE191B01025",1,0.1,2,,,0,0,,62517,1277.6,1916.2,3500,4100,,11821,1,,,
"NSE","CM","NSECM",1808,"KAJARIA CERAMICS LTD","KAJARIACER","KAJARIACER-EQ","EQ","INE217B01036",1,0.1,2,,,0,0,,82183,972,1457.8,,,1808,1,,,,
"NSE","CM","NSECM",324,"ANGEL ONE LIMITED","ANGELONE","ANGELONE-EQ","EQ","INE732I01021",1,0.05,2,,,0,0,,324238,277.2,338.7,,"Interim Dividend - Rs. - 1.0000","21 Jul 2026",324,1,,,
"NSE","CM","NSECM",13270,"JK CEMENT LIMITED","JKCEMENT","JKCEMENT-EQ","EQ","INE823G01014",1,0.5,2,,,0,0,,17693,4519.5,6778.5,,,13270,1,,,,
"NSE","CM","NSECM",3761,"RITES LIMITED","RITES","RITES-EQ","EQ","INE320J01015",1,0.01,2,,,0,0,,467626,170.96,256.44,,,3761,1,,,,
"NSE","CM","NSECM",14329,"SMS PHARMACEUTICALS LTD.","SMSPHARMA","SMSPHARMA-EQ","EQ","INE812G01025",1,0.05,2,,,0,0,,262318,304.9,457.3,,,14329,1,,,,
"NSE","CM","NSECM",11435,"SPANDANA SPHOORTY FIN LTD","SPANDANA","SPANDANA-EQ","EQ","INE572J01011",1,0.05,2,,,0,0,,382337,209.2,313.8,2200,,11435,1,,,,
"NSE","CM","NSECM",18039,"ADVANCED ENZYME TECH LTD","ADVENZYMES","ADVENZYMES-EQ","EQ","INE837H01020",1,0.05,2,,,0,0,,315099,253.9,380.8,,"Dividend - Rs. - 1.3500","24 Jul 2026",18039,1,,,
"NSE","CM","NSECM",13192,"ENTERTAIN NET. IND. LTD.","ENIL","ENIL-EQ","EQ","INE265F01028",1,0.01,2,,,0,0,,946685,84.51,126.75,2200,2300,,13192,1,,,
"NSE","CM","NSECM",22595,"HDFCAMC HDFCPSUBK","HDFCPSUBK","HDFCPSUBK-EQ","EQ","INF179KC1HW4",1,0.01,2,,,0,0,,305495,67.2,100.8,,,22595,1,,,,
"NSE","CM","NSECM",896,"KHAITAN CHEM & FERT LTD","KHAICHEM","KHAICHEM-EQ","EQ","INE745B01028",1,0.01,2,,,0,0,,2085460,38.36,57.54,4200,4300,,896,1,,,
"NSE","CM","NSECM",22722,"LICNAMC - LICNMID100","LICNMID100","LICNMID100-EQ","EQ","INF767K01RN1",1,0.01,2,,,0,0,,1611338,49.65,74.47,,,22722,1,,,,
"NSE","CM","NSECM",3579,"UNICHEM LABORATORIES LTD","UNICHEMLAB","UNICHEMLAB-EQ","EQ","INE351A01035",1,0.05,2,,,0,0,,186081,483.65,591.05,3900,4100,,3579,1,,,
"NSE","CM","NSECM",762573,"BEEKAY STEEL INDS. LTD.","BEEKAY","BEEKAY-EQ","EQ","INE213D01015",1,0.05,2,,,0,0,,249747,320.35,480.45,2300,,762573,1,,,,
"NSE","CM","NSECM",29731,"GUJARAT THEMIS BIOSYN LTD","GUJTHEM","GUJTHEM-EQ","EQ","INE942C01045",1,0.05,2,,,0,0,,277315,288.4,432.6,2100,,29731,1,,,,
"NSE","CM","NSECM",9480,"LIFE INSURA CORP OF INDIA","LICI","LICI-EQ","EQ","INE0J1Y01017",1,0.05,2,,,0,0,,227698,379.2,463.4,,,9480,1,,,,
"NSE","CM","NSECM",19292,"TERA SOFTWARE LIMITED","TERASOFT","TERASOFT-EQ","EQ","INE482B01010",1,0.05,2,,,0,0,,253990,374.05,413.35,,,19292,1,,,,
"NSE","CM","NSECM",760325,"BANDHANAMC - GOLDBND","GOLDBND","GOLDBND-EQ","EQ","INF194KB1KJ7",1,0.01,2,,,0,0,,23245,114.78,172.16,,,760325,1,,,,
"NSE","CM","NSECM",10276,"KAYA LIMITED","KAYA","KAYA-EQ","EQ","INE587G01015",1,0.01,2,,,0,0,,353809,226.11,339.15,1500,2200,,10276,1,,,
"NSE","CM","NSECM",21091,"STAR CEMENT LIMITED","STARCEMENT","STARCEMENT-EQ","EQ","INE460H01021",1,0.01,2,,,0,0,,487902,163.91,245.85,,,21091,1,,,,
"NSE","CM","NSECM",5359,"KRSNAA DIAGNOSTICS LTD","KRSNAA","KRSNAA-EQ","EQ","INE08LI01020",1,0.05,2,,,0,0,,183537,435.85,653.75,,,5359,1,,,,
"NSE","CM","NSECM",19631,"PRICOL LIMITED","PRICOLLTD","PRICOLLTD-EQ","EQ","INE726V01018",1,0.05,2,,,0,0,,159054,503,754.4,,,19631,1,,,,
"NSE","CM","NSECM",13577,"VOLTAMP TRANSFORMERS LTD","VOLTAMP","VOLTAMP-EQ","EQ","INE540H01012",1,1,2,,,0,0,,10885,7344,11016,,"Final Dividend - Rs. - 100.0000","24 Jul 2026",13577,1,,,
"NSE","CM","NSECM",764203,"CAPTAIN POLYPLAST LIMITED","CPL","CPL-EQ","EQ","INE536P01021",1,0.01,2,,,0,0,,1431832,55.88,83.8,2300,,764203,1,,,,
"NSE","CM","NSECM",6141,"PANSARI DEVELOPERS LTD","PANSARI","PANSARI-EQ","EQ","INE697V01011",1,0.05,2,,,0,0,,281520,284.2,426.2,,,6141,1,,,,
"NSE","CM","NSECM",14299,"POWER FIN CORP LTD.","PFC","PFC-EQ","EQ","INE134E01011",1,0.05,2,,,0,0,,240906,370.75,453.05,,"Final Dividend - Rs. - 3.9500","31 Jul 2026",14299,1,,,
"NSE","CM","NSECM",23181,"MOTILALAMC - MOSMALL250","MOSMALL250","MOSMALL250-EQ","EQ","INF247L01CH6",1,0.01,2,,,0,0,,4506058,14.18,21.26,,,23181,1,,,,
"NSE","CM","NSECM",17029,"PATANJALI FOODS LIMITED","PATANJALI","PATANJALI-EQ","EQ","INE619A01035",1,0.05,2,,,0,0,,292700,306.9,375,,,17029,1,,,,
"NSE","CM","NSECM",29135,"INDUS TOWERS LIMITED","INDUSTOWER","INDUSTOWER-EQ","EQ","INE121J01017",1,0.05,2,,,0,0,,253262,355.15,434.05,,,29135,1,,,,
"NSE","CM","NSECM",1922,"KOTAK MAHINDRA BANK LTD","KOTAKBANK","KOTAKBANK-EQ","EQ","INE237A01036",1,0.05,2,,,0,0,,258608,346.3,423.2,,,1922,1,,,,
"NSE","CM","NSECM",762919,"SONAL MERCANTILE LTD.","SONAL","SONAL-EQ","EQ","INE321M01017",1,0.01,2,,,0,0,,481948,90.08,99.56,2300,,762919,1,,,,
"NSE","CM","NSECM",14014,"LUMAX AUTO TECH LTD","LUMAXTECH","LUMAXTECH-EQ","EQ","INE872H01027",1,0.1,2,,,0,0,,68156,1172.7,1758.9,,"Final Dividend - Rs. - 5.5000","06 Aug 2026",14014,1,,,
"NSE","CM","NSECM",12489,"STRLNG & WIL REN ENE LTD","SWSOLAR","SWSOLAR-EQ","EQ","INE00M201021",1,0.01,2,,,0,0,,480840,166.35,249.51,700,2200,,12489,1,,,
"NSE","CM","NSECM",12863,"V1NSETEST","V1NSETEST","V1NSETEST-EQ","EQ","DUMMYSAN004",1,0.05,2,,,0,0,,0,316,474,,,12863,1,,,,
"NSE","CM","NSECM",12032,"FIVE-STAR BUS FIN LTD","FIVESTAR","FIVESTAR-EQ","EQ","INE128S01021",1,0.05,2,,,0,0,,186552,428.2,642.2,,"Final Dividend - Rs. - 2.0000","31 Jul 2026",12032,1,,,
"NSE","CM","NSECM",9581,"METROPOLIS HEALTHCARE LTD","METROPOLIS","METROPOLIS-EQ","EQ","INE112L01020",1,0.05,2,,,0,0,,175190,456.2,684.3,2100,,9581,1,,,,
"NSE","CM","NSECM",2739,"PRISM JOHNSON LIMITED","PRSMJOHNSN","PRSMJOHNSN-EQ","EQ","INE010A01011",1,0.01,2,,,0,0,,925671,86.42,129.62,2100,,2739,1,,,,
"NSE","CM","NSECM",9422,"SILVER TOUCH TECHNO LTD","SILVERTUC","SILVERTUC-EQ","EQ","INE625X01026",1,0.01,2,,,0,0,,499630,190.14,210.14,2100,3600,4100,4200,,9422,1,
"NSE","CM","NSECM",3172,"RELCAPAMC - NETFGILT5Y","GILT5YBEES","GILT5YBEES-EQ","EQ","INF204KC1030",1,0.01,2,,,0,0,,1303263,62.55,69.13,,,3172,1,,,,
"NSE","CM","NSECM",21749,"CAPACITE INFRAPROJECT LTD","CAPACITE","CAPACITE-EQ","EQ","INE264T01014",1,0.05,2,,,0,0,,469974,170.2,255.3,,,21749,1,,,,
"NSE","CM","NSECM",6792,"SBC EXPORTS LIMITED","SBC","SBC-EQ","EQ","INE04AK01028",1,0.01,2,,,0,0,,2376663,33.66,50.48,201,2100,,6792,1,,,
"NSE","CM","NSECM",15409,"NESCO LTD.","NESCO","NESCO-EQ","EQ","INE317F01035",1,0.1,2,,,0,0,,94697,844.8,1267,,,15409,1,,,,
"NSE","CM","NSECM",9539,"SAKAR HEALTHCARE LIMITED","SAKAR","SAKAR-EQ","EQ","INE732S01012",1,0.05,2,,,0,0,,124642,722,882.4,2100,3500,3600,3900,,9539,1,
"NSE","CM","NSECM",17641,"SUNTECK REALTY LIMITED","SUNTECK","SUNTECK-EQ","EQ","INE805D01034",1,0.05,2,,,0,0,,326428,245,367.5,,,17641,1,,,,
"NSE","CM","NSECM",24814,"BRAINBEES SOLUTIONS LTD","FIRSTCRY","FIRSTCRY-EQ","EQ","INE02RE01045",1,0.01,2,,,0,0,,479778,166.64,249.96,1500,2200,,24814,1,,,
"NSE","CM","NSECM",6656,"PB FINTECH LIMITED","POLICYBZR","POLICYBZR-EQ","EQ","INE417T01026",1,0.1,2,,,0,0,,64776,1383.5,1690.9,2100,,6656,1,,,,
"NSE","CM","NSECM",20825,"HSG & URBAN DEV CORPN LTD","HUDCO","HUDCO-EQ","EQ","INE031A01017",1,0.01,2,,,0,0,,510483,156.44,234.64,,,20825,1,,,,
"NSE","CM","NSECM",2562,"HUHTAMAKI INDIA LIMITED","HUHTAMAKI","HUHTAMAKI-EQ","EQ","INE275B01026",1,0.01,2,,,0,0,,313792,254.95,382.41,501,,2562,1,,,,
"NSE","CM","NSECM",24445,"AGI INFRA LIMITED","AGIIL","AGIIL-EQ","EQ","INE976R01033",1,0.05,2,,,0,0,,320742,249.4,374.1,,,24445,1,,,,
"NSE","CM","NSECM",21174,"CENTRAL DEPO SER (I) LTD","CDSL","CDSL-EQ","EQ","INE736A01011",1,0.1,2,,,0,0,,74820,1199.8,1466.4,2100,,21174,1,,,,
"NSE","CM","NSECM",11999,"FCS SOFTWARE SOLN. LTD.","FCSSOFT","FCSSOFT-EQ","EQ","INE512B01022",1,0.01,2,,,0,0,,55902385,1.48,1.62,2100,4300,,11999,1,,,
"NSE","CM","NSECM",20778,"JAMNA AUTO IND LTD","JAMNAAUTO","JAMNAAUTO-EQ","EQ","INE039C01032",1,0.01,2,,,0,0,,753596,106.14,159.2,,,20778,1,,,,
"NSE","CM","NSECM",9552,"RAIL VIKAS NIGAM LIMITED","RVNL","RVNL-EQ","EQ","INE415G01027",1,0.01,2,,,0,0,,444108,202.08,246.98,2100,,9552,1,,,,
"NSE","CM","NSECM",19223,"TCI EXPRESS LIMITED","TCIEXP","TCIEXP-EQ","EQ","INE586V01016",1,0.05,2,,,0,0,,178186,448.95,673.35,,,19223,1,,,,
"NSE","CM","NSECM",2868,"HI-TECH PIPES LIMITED","HITECH","HITECH-EQ","EQ","INE106T01025",1,0.01,2,,,0,0,,1179242,67.84,101.74,,,2868,1,,,,
"NSE","CM","NSECM",760001,"MOTILALAMC - MOSERVICE","MOSERVICE","MOSERVICE-EQ","EQ","INF247L01GJ3",1,0.01,2,,,0,0,,61311,24.58,36.86,,,760001,1,,,,
"NSE","CM","NSECM",3672,"SOLARA ACTIVE PHA SCI LTD","SOLARA","SOLARA-EQ","EQ","INE624Z01016",1,0.05,2,,,0,0,,203251,393.6,590.3,2200,,3672,1,,,,
"NSE","CM","NSECM",25328,"ALEMBIC PHARMA LTD","APLLTD","APLLTD-EQ","EQ","INE901L01018",1,0.05,2,,,0,0,,125209,638.1,957.1,,"Final Dividend - Rs. - 12.0000","29 Jul 2026",25328,1,,,
"NSE","CM","NSECM",9810,"AETHER INDUSTRIES LIMITED","AETHER","AETHER-EQ","EQ","INE0BWX01014",1,0.1,2,,,0,0,,69938,1142,1713,2100,,9810,1,,,,
"NSE","CM","NSECM",24403,"ASHIANA HOUSING LTD","ASHIANA","ASHIANA-EQ","EQ","INE365D01021",1,0.05,2,,,0,0,,258548,309.4,464,,,24403,1,,,,
"NSE","CM","NSECM",19679,"ICICI PRUDENTIAL GOLD ETF","GOLDIETF","GOLDIETF-EQ","EQ","INF109KC1NT3",1,0.01,2,,,0,0,,812067,98.37,147.55,,,19679,1,,,,
"NSE","CM","NSECM",24847,"BIRLASLAMC - GSEC10ABSL","GSEC10ABSL","GSEC10ABSL-EQ","EQ","INF209KC1142",1,0.01,2,,,0,0,,93262,89.84,134.74,,,24847,1,,,,
"NSE","CM","NSECM",14058,"SANGHVI MOVERS LTD","SANGHVIMOV","SANGHVIMOV-EQ","EQ","INE989A01032",1,0.05,2,,,0,0,,219382,364.6,546.8,3300,4100,,14058,1,,,
"NSE","CM","NSECM",12716,"TEAMLEASE SERVICES LTD.","TEAMLEASE","TEAMLEASE-EQ","EQ","INE985S01024",1,0.1,2,,,0,0,,76113,1051,1576.4,,,12716,1,,,,
"NSE","CM","NSECM",13920,"PLASTIBLENDS INDIA LTD","PLASTIBLEN","PLASTIBLEN-EQ","EQ","INE083C01022",1,0.01,2,,,0,0,,529502,151.08,226.62,,,13920,1,,,,
"NSE","CM","NSECM",2124,"MASTEK LTD","MASTEK","MASTEK-EQ","EQ","INE759A01021",1,0.1,2,,,0,0,,59117,1352.8,2029,,,2124,1,,,,
"NSE","CM","NSECM",11840,"NARAYANA HRUDAYALAYA LTD.","NH","NH-EQ","EQ","INE410P01011",1,0.1,2,,,0,0,,50884,1569.2,2353.8,,,11840,1,,,,
"NSE","CM","NSECM",14764,"071NSETEST","071NSETEST","071NSETEST-EQ","EQ","DUMMYSAN011",1,0.05,2,,,0,0,,0,180,220,,,14764,1,,,,
"NSE","CM","NSECM",4745,"BANK OF INDIA","BANKINDIA","BANKINDIA-EQ","EQ","INE084A01016",1,0.01,2,,,0,0,,701109,128.36,156.88,,,4745,1,,,,
"NSE","CM","NSECM",25073,"RAYMOND LIFESTYLE LIMITED","RAYMONDLSL","RAYMONDLSL-EQ","EQ","INE02ID01020",1,0.05,2,,,0,0,,139818,572,857.9,2100,,25073,1,,,,
"NSE","CM","NSECM",206,"ASHIMA LTD","ASHIMASYN","ASHIMASYN-EQ","EQ","INE440A01010",1,0.01,2,,,0,0,,5934561,13.48,20.22,501,2200,,206,1,,,
"NSE","CM","NSECM",368,"BASF INDIA LTD","BASF","BASF-EQ","EQ","INE373A01013",1,0.1,2,,,0,0,,27225,2936.2,4404.2,,"Final Dividend - Rs. - 25.0000","30 Jul 2026",368,1,,,
"NSE","CM","NSECM",21794,"DAVANGERE SUGAR COMPANY L","DAVANGERE","DAVANGERE-EQ","EQ","INE179G01029",1,0.01,2,,,0,0,,29239020,2.74,4.1,2100,,21794,1,,,,
"NSE","CM","NSECM",495,"BLUE DART EXPRESS LTD","BLUEDART","BLUEDART-EQ","EQ","INE233B01017",1,0.1,2,,,0,0,,20357,3929.2,5893.8,,,495,1,,,,
"NSE","CM","NSECM",757520,"BLUSPRING ENTERPRISES LTD","BLUSPRING","BLUSPRING-EQ","EQ","INE0U4101014",1,0.01,2,,,0,0,,922199,97.58,119.26,201,2200,,757520,1,,,
"NSE","CM","NSECM",13745,"GTL INFRA.LTD","GTLINFRA","GTLINFRA-EQ","EQ","INE221H01019",1,0.01,2,,,0,0,,81965506,0.98,1.46,,,13745,1,,,,
"NSE","CM","NSECM",17187,"CYIENT DLM LIMITED","CYIENTDLM","CYIENTDLM-EQ","EQ","INE055S01018",1,0.05,2,,,0,0,,149124,536.4,804.5,501,2100,,17187,1,,,
"NSE","CM","NSECM",15649,"ATAL REALTECH LIMITED","ATALREAL","ATALREAL-EQ","EQ","INE0ALR01029",1,0.01,2,,,0,0,,3180539,25.16,37.72,2100,,15649,1,,,,
"NSE","CM","NSECM",19543,"HDFC GOLD ETF","HDFCGOLD","HDFCGOLD-EQ","EQ","INF179KC1981",1,0.01,2,,,0,0,,813598,98.12,147.18,,,19543,1,,,,
"NSE","CM","NSECM",12686,"MADHYA BHARAT AGRO P. LTD","MBAPL","MBAPL-EQ","EQ","INE900L01028",1,0.05,2,,,0,0,,674288,118.6,177.9,3200,3500,,12686,1,,,
"NSE","CM","NSECM",11699,"PATEL ENGINEERING LTD.","PATELENG","PATELENG-EQ","EQ","INE244B01030",1,0.01,2,,,0,0,,3568733,22.42,33.62,1001,,11699,1,,,,
"NSE","CM","NSECM",756843,"ADITYA BIRLA LIFES BRAN L","ABLBL","ABLBL-EQ","EQ","INE14LE01019",1,0.01,2,,,0,0,,1063073,75.21,112.81,2100,"Dividend - Rs. - 0.5000","07 Aug 2026",756843,1,,,
"NSE","CM","NSECM",757772,"HDB FINANCIAL SERVICES L","HDBFS","HDBFS-EQ","EQ","INE756I01012",1,0.05,2,,,0,0,,144479,553.2,829.8,,,757772,1,,,,
"NSE","CM","NSECM",3138,"HONDA I POWER PRODUCT LTD","HONDAPOWER","HONDAPOWER-EQ","EQ","INE634A01018",1,0.1,2,,,0,0,,47864,1671.4,2507,,"Final Dividend - Rs. - 23.0000","19 Aug 2026",3138,1,,,
"NSE","CM","NSECM",14745,"ADVANI HOT.& RES.(I) LTD","ADVANIHOTR","ADVANIHOTR-EQ","EQ","INE199C01026",1,0.01,2,,,0,0,,1956090,40.9,61.34,,,14745,1,,,,
"NSE","CM","NSECM",17486,"EXPLEO SOLUTIONS LIMITED","EXPLEOSOL","EXPLEOSOL-EQ","EQ","INE201K01015",1,0.05,2,,,0,0,,124746,641.25,961.85,,,17486,1,,,,
"NSE","CM","NSECM",1232,"GRASIM INDUSTRIES LTD","GRASIM","GRASIM-EQ","EQ","INE047A01021",1,0.1,2,,,0,0,,31983,2780.5,3398.3,,"Dividend - Rs. - 10.0000","07 Aug 2026",1232,1,,,
"NSE","CM","NSECM",685,"CHOLAMANDALAM IN & FIN CO","CHOLAFIN","CHOLAFIN-EQ","EQ","INE121A01024",1,0.1,2,,,0,0,,57968,1552,1896.8,,"Final Dividend - Rs. - 0.7000","21 Jul 2026",685,1,,,
"NSE","CM","NSECM",30290,"SBIAMC - SBIBPB","SBIBPB","SBIBPB-EQ","EQ","INF200KB1712",1,0.01,2,,,0,0,,2078506,38.49,57.73,,,30290,1,,,,
"NSE","CM","NSECM",29124,"PC JEWELLER LTD","PCJEWELLER","PCJEWELLER-EQ","EQ","INE785M01021",1,0.01,2,,,0,0,,10770370,7.43,11.13,,,29124,1,,,,
"NSE","CM","NSECM",20134,"RAMKY INFRA LTD","RAMKY","RAMKY-EQ","EQ","INE874I01013",1,0.05,2,,,0,0,,269455,296.9,445.3,,,20134,1,,,,
"NSE","CM","NSECM",15355,"REC LIMITED","RECLTD","RECLTD-EQ","EQ","INE020B01018",1,0.05,2,,,0,0,,276487,325.45,397.75,,"Final Dividend - Rs. - 1.5500","14 Aug 2026",15355,1,,,
"NSE","CM","NSECM",3045,"STATE BANK OF INDIA","SBIN","SBIN-EQ","EQ","INE062A01020",1,0.1,2,,,0,0,,92305,913.5,1116.5,,,3045,1,,,,
"NSE","CM","NSECM",14255,"REDINGTON LIMITED","REDINGTON","REDINGTON-EQ","EQ","INE891D01026",1,0.05,2,,,0,0,,385413,207.25,310.85,,,14255,1,,,,
"NSE","CM","NSECM",761420,"SINGER INDIA LIMITED","SINGERIND","SINGERIND-EQ","EQ","INE638A01035",1,0.01,2,,,0,0,,1519265,52.66,78.98,,"Final Dividend - Rs. - 0.4000","31 Jul 2026",761420,1,,,
"NSE","CM","NSECM",23127,"SHIPPING CORP OF ILA LTD","SCILAL","SCILAL-EQ","EQ","INE0PB301013",1,0.01,2,,,0,0,,2419359,33.07,49.59,2100,,23127,1,,,,
"NSE","CM","NSECM",7506,"WOCKHARDT LIMITED","WOCKPHARMA","WOCKPHARMA-EQ","EQ","INE049B01025",1,0.1,2,,,0,0,,53946,1479.4,2219,201,2100,,7506,1,,,
"NSE","CM","NSECM",25235,"XTGLOBAL INFOTECH LIMITED","XTGLOBAL","XTGLOBAL-EQ","EQ","INE547B01028",1,0.01,2,,,0,0,,3572652,22.4,33.58,,,25235,1,,,,
"NSE","CM","NSECM",19237,"MOTILALAMC - MONIFTY500","MONIFTY500","MONIFTY500-EQ","EQ","INF247L01BU1",1,0.01,2,,,0,0,,4130008,18.8,28.18,,,19237,1,,,,
"NSE","CM","NSECM",13091,"EVEREST KANTO CYLINDERLTD","EKC","EKC-EQ","EQ","INE184H01027",1,0.01,2,,,0,0,,919428,87.01,130.51,,,13091,1,,,,
"NSE","CM","NSECM",13844,"MM FORGINGS LTD","MMFL","MMFL-EQ","EQ","INE227C01017",1,0.05,2,,,0,0,,181199,441.5,662.2,,,13844,1,,,,
"NSE","CM","NSECM",13751,"INFO EDGE (I) LTD","NAUKRI","NAUKRI-EQ","EQ","INE663F01032",1,0.05,2,,,0,0,,85590,1048.95,1282.05,,"Final Dividend - Rs. - 3.6000","24 Jul 2026",13751,1,,,
"NSE","CM","NSECM",15156,"KALYANI FORGE LIMITED","KALYANIFRG","KALYANIFRG-EQ","EQ","INE314G01014",1,0.05,2,,,0,0,,118961,481.55,722.25,2300,,15156,1,,,,
"NSE","CM","NSECM",25977,"AFCONS INFRASTRUCTURE LTD","AFCONS","AFCONS-EQ","EQ","INE101I01011",1,0.05,2,,,0,0,,349394,228.8,343.1,,"Final Dividend - Rs. - 2.0000","23 Jul 2026",25977,1,,,
"NSE","CM","NSECM",18967,"KAPSTON SERVICES LIMITED","KAPSTON","KAPSTON-EQ","EQ","INE542Z01028",1,0.05,2,,,0,0,,217041,368.6,552.8,3600,4200,4300,,18967,1,,
"NSE","CM","NSECM",18119,"SRG HOUSING FINANCE L","SRGHFL","SRGHFL-EQ","EQ","INE559N01010",1,0.05,2,,,0,0,,323092,247.6,371.4,2300,,18119,1,,,,
"NSE","CM","NSECM",2106,"MANGALAM CEMENT LTD","MANGLMCEM","MANGLMCEM-EQ","EQ","INE347A01017",1,0.05,2,,,0,0,,101601,787.25,1180.85,,"Final Dividend - Rs. - 1.5000","14 Aug 2026",2106,1,,,
"NSE","CM","NSECM",18011,"WHIRLPOOL OF INDIA LTD","WHIRLPOOL","WHIRLPOOL-EQ","EQ","INE716A01013",1,0.05,2,,,0,0,,129535,617.2,925.7,,,18011,1,,,,
"NSE","CM","NSECM",22344,"ICICIPRAMC - ICICIALPLV","ALPL30IETF","ALPL30IETF-EQ","EQ","INF109KC17V7",1,0.01,2,,,0,0,,3581240,22.34,33.5,,,22344,1,,,,
"NSE","CM","NSECM",17728,"ASTEC LIFESCIENCES LTD","ASTEC","ASTEC-EQ","EQ","INE563J01010",1,0.05,2,,,0,0,,151700,527.3,790.9,1500,2200,,17728,1,,,
"NSE","CM","NSECM",3482,"CHAMAN LAL SETIA EXP LTD","CLSEL","CLSEL-EQ","EQ","INE419D01026",1,0.05,2,,,0,0,,357377,223.85,335.75,,,3482,1,,,,
"NSE","CM","NSECM",30065,"MOTILALAMC - MOCAPITAL","MOCAPITAL","MOCAPITAL-EQ","EQ","INF247L01EV3",1,0.01,2,,,0,0,,1446973,42.28,63.42,,,30065,1,,,,
"NSE","CM","NSECM",8024,"CINEVISTA LIMITED","CINEVISTA","CINEVISTA-EQ","EQ","INE039B01026",1,0.01,2,,,0,0,,1878171,12.24,18.34,2300,,8024,1,,,,
"NSE","CM","NSECM",27008,"HEXA TRADEX LIMITED","HEXATRADEX","HEXATRADEX-EQ","EQ","INE750M01017",1,0.01,2,,,0,0,,644980,139.54,170.54,2200,2300,,27008,1,,,
"NSE","CM","NSECM",3509,"TAMILNADU PETROPRODUCTS L","TNPETRO","TNPETRO-EQ","EQ","INE148A01019",1,0.01,2,,,0,0,,1052575,76,114,,,3509,1,,,,
"NSE","CM","NSECM",13182,"ROYAL ORCHID HOTELS LTD","ROHLTD","ROHLTD-EQ","EQ","INE283H01019",1,0.05,2,,,0,0,,321587,248.8,373.1,,,13182,1,,,,
"NSE","CM","NSECM",18060,"CONCORD BIOTECH LIMITED","CONCORDBIO","CONCORDBIO-EQ","EQ","INE338H01029",1,0.1,2,,,0,0,,80030,998.8,1498.2,2100,"Final Dividend - Rs. - 7.5500","24 Jul 2026",18060,1,,,
"NSE","CM","NSECM",6156,"ART NIRMAN LIMITED","ARTNIRMAN","ARTNIRMAN-EQ","EQ","INE738V01013",1,0.01,2,,,0,0,,816060,36.18,44.2,2100,2300,,6156,1,,,
"NSE","CM","NSECM",763663,"MERCURY EV-TECH LIMITED","MERCURYEV","MERCURYEV-EQ","EQ","INE763M01028",1,0.01,2,,,0,0,,2848075,33.36,36.86,,,763663,1,,,,
"NSE","CM","NSECM",21840,"PRATAAP SNACKS LIMITED","DIAMONDYD","DIAMONDYD-EQ","EQ","INE393P01035",1,0.1,2,,,0,0,,89974,889.2,1333.6,2100,,21840,1,,,,
"NSE","CM","NSECM",24809,"UNICOMMERCE ESOLUTIONS L","UNIECOM","UNIECOM-EQ","EQ","INE00U401027",1,0.01,2,,,0,0,,1185037,67.51,101.25,,,24809,1,,,,
"NSE","CM","NSECM",4378,"ICICI PRUD SENSEX ETF","SENSEXIETF","SENSEXIETF-EQ","EQ","INF346A01034",1,0.01,2,,,0,0,,113631,702,1053,,,4378,1,,,,
"NSE","CM","NSECM",6006,"COASTAL CORPORATION LTD","COASTCORP","COASTCORP-EQ","EQ","INE377E01024",1,0.01,2,,,0,0,,2002752,39.95,59.91,,,6006,1,,,,
"NSE","CM","NSECM",8828,"GUJARAT AMBUJA EXPORTS LT","GAEL","GAEL-EQ","EQ","INE036B01030",1,0.01,2,,,0,0,,659108,121.32,181.96,,,8828,1,,,,
"NSE","CM","NSECM",11411,"RAMKRISHNA FORGINGS LTD","RKFORGE","RKFORGE-EQ","EQ","INE399G01023",1,0.05,2,,,0,0,,172196,464.6,696.8,2100,,11411,1,,,,
"NSE","CM","NSECM",1838,"KARUR VYSYA BANK LTD","KARURVYSYA","KARURVYSYA-EQ","EQ","INE036D01028",1,0.05,2,,,0,0,,294779,271.15,406.65,,"Dividend - Rs. - 2.6000","24 Jul 2026",1838,1,,,
"NSE","CM","NSECM",1521,"INDIA GLYCOLS LTD","INDIAGLYCO","INDIAGLYCO-EQ","EQ","INE560A01023",1,0.05,2,,,0,0,,86329,926.25,1389.35,,,1521,1,,,,
"NSE","CM","NSECM",2031,"MAHINDRA & MAHINDRA LTD","M&M","M&M-EQ","EQ","INE101A01026",1,0.1,2,,,0,0,,31087,2845.3,3477.5,,,2031,1,,,,
"NSE","CM","NSECM",6673,"FOODS & INNS LIMITED","FOODSIN","FOODSIN-EQ","EQ","INE976E01023",1,0.01,2,,,0,0,,1816522,44.04,66.06,4300,,6673,1,,,,
"NSE","CM","NSECM",5938,"MONTE CARLO FASHIONS LTD.","MONTECARLO","MONTECARLO-EQ","EQ","INE950M01013",1,0.05,2,,,0,0,,186172,429.7,644.5,,,5938,1,,,,
"NSE","CM","NSECM",14203,"HUBTOWN LIMITED","HUBTOWN","HUBTOWN-EQ","EQ","INE703H01016",1,0.01,2,,,0,0,,512840,155.99,233.97,,,14203,1,,,,
"NSE","CM","NSECM",7177,"RATEGAIN TRAVEL TECHN LTD","RATEGAIN","RATEGAIN-EQ","EQ","INE0CLI01024",1,0.05,2,,,0,0,,110963,720.35,1080.45,2100,3300,4100,,7177,1,,
"NSE","CM","NSECM",1633,"IPCA LABORATORIES LTD","IPCALAB","IPCALAB-EQ","EQ","INE571A01038",1,0.1,2,,,0,0,,56575,1410.2,2115.2,,"Dividend - Rs. - 6.0000","07 Aug 2026",1633,1,,,
"NSE","CM","NSECM",11045,"SATIA INDUSTRIES LIMITED","SATIA","SATIA-EQ","EQ","INE170E01023",1,0.01,2,,,0,0,,1654198,48.36,72.54,,,11045,1,,,,
"NSE","CM","NSECM",25758,"GROWWAMC - GROWWDEFNC","GROWWDEFNC","GROWWDEFNC-EQ","EQ","INF666M01IO8",1,0.01,2,,,0,0,,1067115,74.97,112.45,,,25758,1,,,,
"NSE","CM","NSECM",11571,"PIRAMAL PHARMA LIMITED","PPLPHARMA","PPLPHARMA-EQ","EQ","INE0DK501011",1,0.01,2,,,0,0,,551177,145.02,217.52,2200,,11571,1,,,,
"NSE","CM","NSECM",756150,"360ONEAMC - SILVER360","SILVER360","SILVER360-EQ","EQ","INF579M01BC3",1,0.01,2,,,0,0,,67561,173.94,260.9,,,756150,1,,,,
"NSE","CM","NSECM",23855,"MIRAEAMC - MIDSMALL","MIDSMALL","MIDSMALL-EQ","EQ","INF769K01LJ8",1,0.01,2,,,0,0,,1995550,40.09,60.13,,,23855,1,,,,
"NSE","CM","NSECM",18208,"ORIENT PRESS LIMITED","ORIENTLTD","ORIENTLTD-EQ","EQ","INE609C01024",1,0.01,2,,,0,0,,326998,71.44,107.14,2200,2300,2900,3200,,18208,1,
"NSE","CM","NSECM",11309,"BALAXI PHARMA LTD","BALAXI","BALAXI-EQ","EQ","INE618N01022",1,0.01,2,,,0,0,,1805284,22.03,26.91,2100,2300,4200,4300,,11309,1,
"NSE","CM","NSECM",13162,"CELEBRITY FASHIONS LTD","CELEBRITY","CELEBRITY-EQ","EQ","INE185H01016",1,0.01,2,,,0,0,,2110729,5.64,8.44,100,201,1500,2200,2300,,13162,1
"NSE","CM","NSECM",2513,"BCL INDUSTRIES LIMITED","BCLIND","BCLIND-EQ","EQ","INE412G01024",1,0.01,2,,,0,0,,2797852,28.6,42.88,,,2513,1,,,,
"NSE","CM","NSECM",16253,"EDELAMC - EBBETF0430","EBBETF0430","EBBETF0430-EQ","EQ","INF754K01KO2",1,0.01,2,,,0,0,,62119,1284.88,1927.3,,,16253,1,,,,
"NSE","CM","NSECM",2606,"LEMON TREE HOTELS LTD","LEMONTREE","LEMONTREE-EQ","EQ","INE970X01018",1,0.01,2,,,0,0,,914251,87.49,131.23,,,2606,1,,,,
"NSE","CM","NSECM",19955,"INDOSOLAR LIMITED","WAAREEINDO","WAAREEINDO-EQ","EQ","INE866K01023",1,0.05,2,,,0,0,,283528,335.05,370.25,4300,,19955,1,,,,
"NSE","CM","NSECM",21383,"PALASH SECURITIES LTD","PALASHSECU","PALASHSECU-EQ","EQ","INE471W01019",1,0.01,2,,,0,0,,327100,70.65,105.97,2300,,21383,1,,,,
"NSE","CM","NSECM",4184,"SANGAM (INDIA) LTD","SANGAMIND","SANGAMIND-EQ","EQ","INE495C01010",1,0.05,2,,,0,0,,162345,492.7,739,,,4184,1,,,,
"NSE","CM","NSECM",11364,"VAIBHAV GLOBAL LIMITED","VAIBHAVGBL","VAIBHAVGBL-EQ","EQ","INE884A01027",1,0.01,2,,,0,0,,396790,201.56,302.32,,,11364,1,,,,
"NSE","CM","NSECM",11403,"POONAWALLA FINCORP LTD","POONAWALLA","POONAWALLA-EQ","EQ","INE511C01022",1,0.05,2,,,0,0,,217477,367.8,551.6,2100,,11403,1,,,,
"NSE","CM","NSECM",4934,"INDIA PESTICIDES LIMITED","IPL","IPL-EQ","EQ","INE0D6701023",1,0.01,2,,,0,0,,666680,119.99,179.97,,"Dividend - Rs. - 0.7500","24 Aug 2026",4934,1,,,
"NSE","CM","NSECM",10099,"GODREJ CONSUMER PRODUCTS","GODREJCP","GODREJCP-EQ","EQ","INE102D01028",1,0.1,2,,,0,0,,94137,953.6,1165.4,2100,"Interim Dividend","13 Aug 2026",10099,1,,,
"NSE","CM","NSECM",762812,"NEELAMALAI AGRO INDS. L","NEAGI","NEAGI-EQ","EQ","INE605D01012",1,0.1,2,,,0,0,,20340,2883.4,3186.8,2300,"Final Dividend - Rs. - 20.0000","12 Aug 2026",762812,1,,,
"NSE","CM","NSECM",760007,"EXCELSOFT TECHNOLOGIES L","EXCELSOFT","EXCELSOFT-EQ","EQ","INE606N01019",1,0.01,2,,,0,0,,1344412,59.51,89.25,2100,,760007,1,,,,
"NSE","CM","NSECM",23590,"GLOSTER LIMITED","GLOSTERLTD","GLOSTERLTD-EQ","EQ","INE350Z01018",1,0.05,2,,,0,0,,146266,546.95,820.35,,,23590,1,,,,
"NSE","CM","NSECM",762227,"ADVIT JEWELS LIMITED","RAMBHAJO","RAMBHAJO-EQ","EQ","INE1SJO01012",1,0.01,2,,,0,0,,515269,155.26,232.88,,,762227,1,,,,
"NSE","CM","NSECM",762588,"BIMETAL BEARINGS LTD.","BIMETAL","BIMETAL-EQ","EQ","INE469A01019",1,0.05,2,,,0,0,,125076,533.95,800.85,2300,,762588,1,,,,
"NSE","CM","NSECM",15266,"JKUMAR INFR.LTD.","JKIL","JKIL-EQ","EQ","INE576I01022",1,0.05,2,,,0,0,,205884,388.55,582.75,,,15266,1,,,,
"NSE","CM","NSECM",15342,"SHALIM PAINTS LTD","SHALPAINTS","SHALPAINTS-EQ","EQ","INE849C01026",1,0.01,2,,,0,0,,1451299,62.01,75.79,202,1500,1600,2200,,15342,1,
"NSE","CM","NSECM",20905,"AZAD ENGINEERING LIMITED","AZAD","AZAD-EQ","EQ","INE02IJ01035",1,0.1,2,,,0,0,,40943,1951.2,2926.8,2100,3500,,20905,1,,,
"NSE","CM","NSECM",22521,"UTIAMC-GILT5BETA","GILT5BETA","GILT5BETA-EQ","EQ","INF789F1AZE6",1,0.01,2,,,0,0,,128952,62.73,69.33,,,22521,1,,,,
"NSE","CM","NSECM",5054,"G R INFRAPROJECTS LIMITED","GRINFRA","GRINFRA-EQ","EQ","INE201P01022",1,0.05,2,,,0,0,,114950,695.9,1043.8,,,5054,1,,,,
"NSE","CM","NSECM",4306,"SHRIRAM FINANCE LIMITED","SHRIRAMFIN","SHRIRAMFIN-EQ","EQ","INE721A01047",1,0.1,2,,,0,0,,98817,904.6,1105.6,,,4306,1,,,,
"NSE","CM","NSECM",17130,"PARAG MILK FOODS LTD.","PARAGMILK","PARAGMILK-EQ","EQ","INE883N01014",1,0.01,2,,,0,0,,466764,171.36,257.04,,,17130,1,,,,
"NSE","CM","NSECM",6127,"DIGJAM LTD","DIGJAMLMTD","DIGJAMLMTD-EQ","EQ","INE731U01028",1,0.01,2,,,0,0,,653998,32.32,48.48,100,2300,,6127,1,,,
"NSE","CM","NSECM",17651,"POKARNA LIMITED","POKARNA","POKARNA-EQ","EQ","INE637C01025",1,0.1,2,,,0,0,,107923,741.2,1111.8,,,17651,1,,,,
"NSE","CM","NSECM",13821,"RUCHIRA PAPERS LIMITED","RUCHIRA","RUCHIRA-EQ","EQ","INE803H01014",1,0.01,2,,,0,0,,939220,85.18,127.76,,,13821,1,,,,
"NSE","CM","NSECM",764116,"KUSUMGAR LIMITED","KUSUMGAR","KUSUMGAR-EQ","EQ","INE0ISX01025",1,0.05,2,,,0,0,,166200,541.25,661.45,,,764116,1,,,,
"NSE","CM","NSECM",17738,"YATHARTH HOSP & TRA C S L","YATHARTH","YATHARTH-EQ","EQ","INE0JO301016",1,0.05,2,,,0,0,,119189,671.05,1006.55,,,17738,1,,,,
"NSE","CM","NSECM",18608,"ZAGGLE PREPA OCEAN SER L","ZAGGLE","ZAGGLE-EQ","EQ","INE07K301024",1,0.01,2,,,0,0,,500049,159.98,239.96,,,18608,1,,,,
"NSE","CM","NSECM",763540,"EDELAMC - ENEXT50","ENEXT50","ENEXT50-EQ","EQ","INF754K01XF3",1,0.01,2,,,0,0,,36931,57.17,85.75,,,763540,1,,,,
"NSE","CM","NSECM",17685,"GPT INFRAPROJECTS LTD","GPTINFRA","GPTINFRA-EQ","EQ","INE390G01014",1,0.01,2,,,0,0,,859025,93.13,139.69,1001,,17685,1,,,,
"NSE","CM","NSECM",759995,"EDELAMC - ESENSEX","ESENSEX","ESENSEX-EQ","EQ","INF754K01VY8",1,0.01,2,,,0,0,,62097,61.46,92.18,,,759995,1,,,,
"NSE","CM","NSECM",18347,"UTIAMC-MIDCAPBETA","MIDCAPBETA","MIDCAPBETA-EQ","EQ","INF789F1AYX9",1,0.01,2,,,0,0,,18535,183.48,275.2,,,18347,1,,,,
"NSE","CM","NSECM",25134,"GALA PRECISION ENG LTD","GALAPREC","GALAPREC-EQ","EQ","INE0RE001014",1,0.1,2,,,0,0,,87227,917.1,1375.5,3300,,25134,1,,,,
"NSE","CM","NSECM",11355,"PTC INDIA LIMITED","PTC","PTC-EQ","EQ","INE877F01012",1,0.01,2,,,0,0,,608000,131.52,197.28,,,11355,1,,,,
"NSE","CM","NSECM",763753,"CSM TECHNOLOGIES LIMITED","CSM","CSM-EQ","EQ","INE0ZK601013",1,0.01,2,,,0,0,,1003789,79.7,119.54,,,763753,1,,,,
"NSE","CM","NSECM",8075,"DALMIA BHARAT LIMITED","DALBHARAT","DALBHARAT-EQ","EQ","INE00R701025",1,0.1,2,,,0,0,,55143,1629.8,1991.8,2000,,8075,1,,,,
"NSE","CM","NSECM",762949,"THAKKERS DEVELOPERS LTD.","THAKDEV","THAKDEV-EQ","EQ","INE403F01017",1,0.01,2,,,0,0,,294298,147.92,163.48,2300,,762949,1,,,,
"NSE","CM","NSECM",9902,"AXITA COTTON LIMITED","AXITA","AXITA-EQ","EQ","INE02EZ01022",1,0.01,2,,,0,0,,12515202,5.89,8.83,2100,,9902,1,,,,
"NSE","CM","NSECM",15034,"BAJAJ ELECT.LTD","BAJAJELEC","BAJAJELEC-EQ","EQ","INE193E01025",1,0.05,2,,,0,0,,303943,263.15,394.65,2200,,15034,1,,,,
"NSE","CM","NSECM",4040,"EIMCO ELECON (INDIA) LTD","EIMCOELECO","EIMCOELECO-EQ","EQ","INE158B01016",1,0.1,2,,,0,0,,55888,1431.4,2147,,,4040,1,,,,
"NSE","CM","NSECM",25157,"REVATHI EQUIPMENT INDIA L","RVTH","RVTH-EQ","EQ","INE0DAB01012",1,0.05,2,,,0,0,,100288,548.05,822.05,2300,4300,,25157,1,,,
"NSE","CM","NSECM",13035,"SAFARI IND (INDIA) LTD","SAFARI","SAFARI-EQ","EQ","INE429E01023",1,0.1,2,,,0,0,,64967,1231.2,1846.6,,,13035,1,,,,
"NSE","CM","NSECM",3127,"UNITED FOODBRANDS LIMITED","UFBL","UFBL-EQ","EQ","INE382M01027",1,0.05,2,,,0,0,,148175,641.15,708.55,201,2200,,3127,1,,,
"NSE","CM","NSECM",757336,"AEGIS VOPAK TERMINALS LTD","AEGISVOPAK","AEGISVOPAK-EQ","EQ","INE0INX01018",1,0.01,2,,,0,0,,341260,263.38,321.9,2100,3200,3300,,757336,1,,
"NSE","CM","NSECM",12124,"DOLAT ALGOTECH LIMITED","DOLATALGO","DOLATALGO-EQ","EQ","INE966A01022",1,0.01,2,,,0,0,,1454286,55.01,82.51,,,12124,1,,,,
"NSE","CM","NSECM",762732,"KAMA HOLDINGS LTD.","KAMAHOLD","KAMAHOLD-EQ","EQ","INE411F01010",1,0.1,2,,,0,0,,39534,2022.4,3033.4,2300,,762732,1,,,,
"NSE","CM","NSECM",18026,"SBFC FINANCE LIMITED","SBFC","SBFC-EQ","EQ","INE423Y01016",1,0.01,2,,,0,0,,1084052,73.75,110.61,,,18026,1,,,,
"NSE","CM","NSECM",1923,"WEALTH FRST PORT. MG. LTD","WEALTH","WEALTH-EQ","EQ","INE658T01017",1,0.05,2,,,0,0,,106346,752.2,1128.3,2300,,1923,1,,,,
"NSE","CM","NSECM",18644,"DIAMINES & CHEMICALS LTD","DIAMINESQ","DIAMINESQ-EQ","EQ","INE591D01014",1,0.01,2,,,0,0,,328744,197.52,296.28,201,2200,2300,,18644,1,,
"NSE","CM","NSECM",764195,"KOTAKMAMC - PVTBANK","PVTBANK","PVTBANK-EQ","EQ","INF174KA1A94",1,0.01,2,,,0,0,,243900,21.85,32.77,,,764195,1,,,,
"NSE","CM","NSECM",24145,"JHS SVENDGAARD RETAIL V L","RETAIL","RETAIL-EQ","EQ","INE03DD01011",1,0.01,2,,,0,0,,268289,13.32,19.98,2200,2300,4300,,24145,1,,
"NSE","CM","NSECM",14567,"BF UTILITIES LIMITED","BFUTILITIE","BFUTILITIE-EQ","EQ","INE243D01012",1,0.05,2,,,0,0,,172290,464.35,696.45,,,14567,1,,,,
"NSE","CM","NSECM",4717,"GAIL (INDIA) LTD","GAIL","GAIL-EQ","EQ","INE129A01019",1,0.01,2,,,0,0,,585182,153.02,187.02,,,4717,1,,,,
"NSE","CM","NSECM",757096,"AONEAMC - AONENIFTY","AONENIFTY","AONENIFTY-EQ","EQ","INF1J2R01064",1,0.01,2,,,0,0,,732524,7.88,11.82,,,757096,1,,,,
"NSE","CM","NSECM",981,"EPL LIMITED","EPL","EPL-EQ","EQ","INE255A01020",1,0.01,2,,,0,0,,428929,186.45,279.67,,,981,1,,,,
"NSE","CM","NSECM",3103,"SHREE CEMENT LIMITED","SHREECEM","SHREECEM-EQ","EQ","INE070A01015",1,5,2,,,0,0,,3715,24070,29410,2100,,3103,1,,,,
"NSE","CM","NSECM",10238,"CONFIDENCE PETRO IND LTD.","CONFIPET","CONFIPET-EQ","EQ","INE552D01024",1,0.01,2,,,0,0,,1277133,70.47,86.13,3500,4100,4300,,10238,1,,
"NSE","CM","NSECM",1235,"GREAVES COTTON LTD.","GREAVESCOT","GREAVESCOT-EQ","EQ","INE224A01026",1,0.01,2,,,0,0,,405800,197.06,295.58,2100,3300,3900,4100,"Final Dividend - Rs. - 2.0000","28 Jul 2026",1235,1
"NSE","CM","NSECM",18139,"DOLPHIN OFF ENT (IND) L","DOLPHIN","DOLPHIN-EQ","EQ","INE920A01037",1,0.05,2,,,0,0,,265269,301.6,452.3,,,18139,1,,,,
"NSE","CM","NSECM",1041,"FINOLEX INDUSTRIES LTD","FINPIPE","FINPIPE-EQ","EQ","INE183A01024",1,0.01,2,,,0,0,,610548,130.94,196.4,,,1041,1,,,,
"NSE","CM","NSECM",29598,"REPCO HOME FINANCE LTD","REPCOHOME","REPCOHOME-EQ","EQ","INE612J01015",1,0.05,2,,,0,0,,257439,310.75,466.05,,,29598,1,,,,
"NSE","CM","NSECM",11241,"HDFCAMC - HDFCGROWTH","HDFCGROWTH","HDFCGROWTH-EQ","EQ","INF179KC1DJ0",1,0.01,2,,,0,0,,60948,93.12,139.66,,,11241,1,,,,
"NSE","CM","NSECM",763800,"AASTHA SPINTEX LIMITED","AASTHA","AASTHA-EQ","EQ","INE2FMX01012",1,0.01,2,,,0,0,,974437,82.1,123.14,,,763800,1,,,,
"NSE","CM","NSECM",422,"BHARAT FORGE LTD","BHARATFORG","BHARATFORG-EQ","EQ","INE465A01025",1,0.1,2,,,0,0,,46373,1936.5,2366.7,2100,,422,1,,,,
"NSE","CM","NSECM",3275,"TEMBO GLOBAL IND LTD","TEMBO","TEMBO-EQ","EQ","INE869Y01010",1,0.05,2,,,0,0,,188529,424.35,636.45,,,3275,1,,,,
"NSE","CM","NSECM",11782,"EVEREADY INDS. IND.  LTD.","EVEREADY","EVEREADY-EQ","EQ","INE128A01029",1,0.05,2,,,0,0,,280063,285.6,428.4,,"Final Dividend - Rs. - 2.5000","04 Aug 2026",11782,1,,,
"NSE","CM","NSECM",6018,"ADIT BIRL SUN LIF AMC LTD","ABSLAMC","ABSLAMC-EQ","EQ","INE404A01024",1,0.1,2,,,0,0,,98318,813.6,1220.4,,"Final Dividend - Rs. - 25.5000","22 Jul 2026",6018,1,,,
"NSE","CM","NSECM",760234,"AEQUS LIMITED","AEQUS","AEQUS-EQ","EQ","INE947N01017",1,0.01,2,,,0,0,,435931,183.39,275.07,201,2200,,760234,1,,,
"NSE","CM","NSECM",22239,"EDELAMC - EBBETF0431","EBBETF0431","EBBETF0431-EQ","EQ","INF754K01LE1",1,0.01,2,,,0,0,,69543,1149.27,1723.89,,,22239,1,,,,
"NSE","CM","NSECM",8962,"HARDWYN INDIA LIMITED","HARDWYN","HARDWYN-EQ","EQ","INE626Z01029",1,0.01,2,,,0,0,,6320824,14.24,17.4,2100,3700,3900,4100,"Bonus issue 2:5","28 Jul 2026",8962,1
"NSE","CM","NSECM",14766,"V2 RETAIL LIMITED","V2RETAIL","V2RETAIL-EQ","EQ","INE945H01021",1,0.01,2,,,0,0,,455795,175.44,263.14,,,14766,1,,,,
"NSE","CM","NSECM",16821,"VINYL CHEMICALS (I) LTD.","VINYLINDIA","VINYLINDIA-EQ","EQ","INE250B01029",1,0.05,2,,,0,0,,412107,194.15,291.15,,,16821,1,,,,
"NSE","CM","NSECM",756827,"GROWWAMC - GROWWSLVR","GROWWSLVR","GROWWSLVR-EQ","EQ","INF666M01OF4",1,0.01,2,,,0,0,,4614639,17.34,26,,,756827,1,,,,
"NSE","CM","NSECM",4064,"CUBEX TUBINGS LTD","CUBEXTUB","CUBEXTUB-EQ","EQ","INE144D01012",1,0.01,2,,,0,0,,468229,61.6,92.38,,,4064,1,,,,
"NSE","CM","NSECM",21614,"ADITYA BIRLA CAPITAL LTD.","ABCAPITAL","ABCAPITAL-EQ","EQ","INE674K01013",1,0.05,2,,,0,0,,251696,354.5,433.2,,,21614,1,,,,
"NSE","CM","NSECM",5926,"INTELLECT DESIGN ARENA","INTELLECT","INTELLECT-EQ","EQ","INE306R01017",1,0.05,2,,,0,0,,136509,585.8,878.6,,"Special Dividend - Rs. - 3.0000","24 Jul 2026",5926,1,,,
"NSE","CM","NSECM",12108,"HDFCAMC - HDFCPVTBAN","HDFCPVTBAN","HDFCPVTBAN-EQ","EQ","INF179KC1HZ7",1,0.01,2,,,0,0,,3598138,22.24,33.34,,,12108,1,,,,
"NSE","CM","NSECM",1675,"ITI LTD","ITI","ITI-EQ","EQ","INE248A01017",1,0.05,2,,,0,0,,362994,220.15,330.15,2100,,1675,1,,,,
"NSE","CM","NSECM",18755,"SAI SILKS (KALAMANDIR) L","KALAMANDIR","KALAMANDIR-EQ","EQ","INE438K01021",1,0.01,2,,,0,0,,1130767,70.75,106.11,4300,"Final Dividend - Rs. - 1.5000","03 Aug 2026",18755,1,,,
"NSE","CM","NSECM",24777,"OLA ELECTRIC MOBILITY LTD","OLAELEC","OLAELEC-EQ","EQ","INE0LXG01040",1,0.01,2,,,0,0,,2693732,29.67,44.49,201,1500,2200,,24777,1,,
"NSE","CM","NSECM",4130,"REGENCY CERAMICS LTD.","REGENCERAM","REGENCERAM-EQ","EQ","INE277C01012",1,0.01,2,,,0,0,,864638,27.16,40.72,100,201,2200,2300,,4130,1,
"NSE","CM","NSECM",9667,"MEDICO REMEDIES LIMITED","MEDICO","MEDICO-EQ","EQ","INE630Y01024",1,0.01,2,,,0,0,,2632251,30.4,45.58,,,9667,1,,,,
"NSE","CM","NSECM",2433,"NIRLON LTD","NIRLON","NIRLON-EQ","EQ","INE910A01012",1,0.05,2,,,0,0,,161130,496.5,744.7,,,2433,1,,,,
"NSE","CM","NSECM",20616,"SUPERHOUSE LIMITED","SUPERHOUSE","SUPERHOUSE-EQ","EQ","INE712B01010",1,0.01,2,,,0,0,,360516,123.98,185.96,2100,,20616,1,,,,
"NSE","CM","NSECM",13121,"KERNEX MICROSYS(I) LTD","KERNEX","KERNEX-EQ","EQ","INE202H01019",1,0.1,2,,,0,0,,45331,1764.2,2646.2,201,,13121,1,,,,
"NSE","CM","NSECM",759368,"DSPAMC - FLEXIADD","FLEXIADD","FLEXIADD-EQ","EQ","INF740KA1WU9",1,0.01,2,,,0,0,,489341,7.92,11.86,,,759368,1,,,,
"NSE","CM","NSECM",6951,"LINC LIMITED","LINC","LINC-EQ","EQ","INE802B01027",1,0.01,2,,,0,0,,973955,82.14,123.2,,,6951,1,,,,
"NSE","CM","NSECM",28125,"INVENTURUS KNOWLEDGE SO L","IKS","IKS-EQ","EQ","INE115Q01022",1,0.1,2,,,0,0,,56789,1407.9,2111.7,,,28125,1,,,,
"NSE","CM","NSECM",18822,"ENDURANCE TECHNO. LTD.","ENDURANCE","ENDURANCE-EQ","EQ","INE913H01037",1,0.1,2,,,0,0,,37837,2107.2,3160.8,,"Final Dividend - Rs. - 11.5000","31 Jul 2026",18822,1,,,
"NSE","CM","NSECM",27107,"SPECIALITY REST LTD","SPECIALITY","SPECIALITY-EQ","EQ","INE247M01014",1,0.01,2,,,0,0,,726042,110.19,165.27,,,27107,1,,,,
"NSE","CM","NSECM",15303,"BANG OVERSEAS LTD.","BANG","BANG-EQ","EQ","INE863I01016",1,0.01,2,,,0,0,,443410,22.48,33.72,,,15303,1,,,,
"NSE","CM","NSECM",27084,"KNOWLEDGE MARINE & EN W L","KMEW","KMEW-EQ","EQ","INE0CJD01029",1,0.1,2,,,0,0,,41138,1944.3,2916.3,201,2100,,27084,1,,,
"NSE","CM","NSECM",2004,"AHLADA ENGINEERS LIMITED","AHLADA","AHLADA-EQ","EQ","INE00PV01013",1,0.01,2,,,0,0,,422515,30.41,45.61,2100,2300,,2004,1,,,
"NSE","CM","NSECM",16669,"BAJAJ AUTO LIMITED","BAJAJ-AUTO","BAJAJ-AUTO-EQ","EQ","INE917I01010",1,0.5,2,,,0,0,,8942,10017,12243,,,16669,1,,,,
"NSE","CM","NSECM",10693,"BIRLASLAMC - MOMENTUM","MOMENTUM","MOMENTUM-EQ","EQ","INF209KB14K7",1,0.01,2,,,0,0,,423159,24.48,36.7,,,10693,1,,,,
"NSE","CM","NSECM",3766,"WHEELS INDIA LTD","WHEELS","WHEELS-EQ","EQ","INE715A01015",1,0.1,2,,,0,0,,69339,1153.4,1730,3500,3900,4100,,3766,1,,
"NSE","CM","NSECM",31138,"COMPUCOM SOFTWARE LTD","COMPUSOFT","COMPUSOFT-EQ","EQ","INE453B01029",1,0.01,2,,,0,0,,2587392,10.67,15.99,2300,,31138,1,,,,
"NSE","CM","NSECM",13414,"R SYS INTERNATIONAL LTD","RSYSTEMS","RSYSTEMS-EQ","EQ","INE411H01032",1,0.01,2,,,0,0,,407237,196.41,294.61,,,13414,1,,,,
"NSE","CM","NSECM",11956,"GLOBAL HEALTH LIMITED","MEDANTA","MEDANTA-EQ","EQ","INE474Q01031",1,0.1,2,,,0,0,,72862,1096.8,1645.2,2100,,11956,1,,,,
"NSE","CM","NSECM",6353,"MIRAEAMC - MAN50ETF","NIFTYETF","NIFTYETF-EQ","EQ","INF769K01EG9",1,0.01,2,,,0,0,,385402,207.5,311.24,,,6353,1,,,,
"NSE","CM","NSECM",7852,"INOX WIND LIMITED","INOXWIND","INOXWIND-EQ","EQ","INE066P01011",1,0.01,2,,,0,0,,1297905,69.28,84.66,,,7852,1,,,,
"NSE","CM","NSECM",15141,"COLGATE PALMOLIVE LTD.","COLPAL","COLPAL-EQ","EQ","INE259A01022",1,0.1,2,,,0,0,,47868,1877.5,2294.7,,,15141,1,,,,
"NSE","CM","NSECM",12000,"FAZE THREE LIMITED","FAZE3Q","FAZE3Q-EQ","EQ","INE963C01033",1,0.05,2,,,0,0,,182829,519.65,574.25,,,12000,1,,,,
"NSE","CM","NSECM",2909,"RICO AUTO INDUSTRIES LTD","RICOAUTO","RICOAUTO-EQ","EQ","INE209B01025",1,0.01,2,,,0,0,,719038,111.26,166.88,,,2909,1,,,,
"NSE","CM","NSECM",29452,"DR AGARWALS HEALTH CARE L","AGARWALEYE","AGARWALEYE-EQ","EQ","INE943P01029",1,0.05,2,,,0,0,,208573,383.15,574.65,2100,,29452,1,,,,
"NSE","CM","NSECM",2289,"HLE GLASCOAT LIMITED","HLEGLAS","HLEGLAS-EQ","EQ","INE461D01028",1,0.05,2,,,0,0,,238645,335.2,502.7,2100,4300,,2289,1,,,
"NSE","CM","NSECM",3329,"ISGEC HEAVY ENG LTD","ISGEC","ISGEC-EQ","EQ","INE858B01029",1,0.05,2,,,0,0,,116837,684.5,1026.7,,,3329,1,,,,
"NSE","CM","NSECM",11813,"SHOPPERS STOP LIMITED","SHOPERSTOP","SHOPERSTOP-EQ","EQ","INE498B01024",1,0.05,2,,,0,0,,264628,302.2,453.3,2200,,11813,1,,,,
"NSE","CM","NSECM",21334,"JYOTI CNC AUTOMATION LTD","JYOTICNC","JYOTICNC-EQ","EQ","INE980O01024",1,0.05,2,,,0,0,,125763,636.05,954.05,2100,,21334,1,,,,
"NSE","CM","NSECM",12847,"KRISHANA PHOSCHEM LIMITED","KRISHANA","KRISHANA-EQ","EQ","INE506W01020",1,0.05,2,,,0,0,,617038,129.65,194.45,,,12847,1,,,,
"NSE","CM","NSECM",758460,"JSW CEMENT LIMITED","JSWCEMENT","JSWCEMENT-EQ","EQ","INE718I01012",1,0.01,2,,,0,0,,756666,105.7,158.54,2200,,758460,1,,,,
"NSE","CM","NSECM",11253,"WELSPUN LIVING LIMITED","WELSPUNLIV","WELSPUNLIV-EQ","EQ","INE192B01031",1,0.01,2,,,0,0,,616734,129.6,194.4,2100,,11253,1,,,,
"NSE","CM","NSECM",3987,"GREENPLY INDUSTRIES LTD","GREENPLY","GREENPLY-EQ","EQ","INE461C01038",1,0.05,2,,,0,0,,335360,238.55,357.75,,"Final Dividend - Rs. - 0.5000","04 Aug 2026",3987,1,,,
"NSE","CM","NSECM",759847,"SHILCHAR TECHNOLOGIES LTD","SHILCTECH","SHILCTECH-EQ","EQ","INE024F01011",1,0.1,2,,,0,0,,23428,3414.2,5121.2,2100,"Final Dividend - Rs. - 12.5000","31 Jul 2026",759847,1,,,
"NSE","CM","NSECM",4907,"ENGINEERS INDIA LTD","ENGINERSIN","ENGINERSIN-EQ","EQ","INE510A01028",1,0.01,2,,,0,0,,444012,180.17,270.25,,,4907,1,,,,
"NSE","CM","NSECM",25162,"EUREKA FORBES LIMITED","EUREKAFORB","EUREKAFORB-EQ","EQ","INE0KCE01017",1,0.05,2,,,0,0,,231328,345.75,518.55,2100,,25162,1,,,,
"NSE","CM","NSECM",15380,"MANKIND PHARMA LIMITED","MANKIND","MANKIND-EQ","EQ","INE634S01028",1,0.1,2,,,0,0,,39646,2256.5,2757.9,2100,,15380,1,,,,
"NSE","CM","NSECM",14139,"SURATWWALA BUS GROUP LTD","SBGLP","SBGLP-EQ","EQ","INE05ST01028",1,0.01,2,,,0,0,,4094881,19.54,29.3,2300,4100,,14139,1,,,
"NSE","CM","NSECM",758700,"ARFIN INDIA LIMITED","ARFIN","ARFIN-EQ","EQ","INE784R01023",1,0.01,2,,,0,0,,1086909,73.6,110.38,201,2100,,758700,1,,,
"NSE","CM","NSECM",8866,"CHOICE INTERNATIONAL LTD","CHOICEIN","CHOICEIN-EQ","EQ","INE102B01014",1,0.05,2,,,0,0,,125422,637.75,956.55,2100,,8866,1,,,,
"NSE","CM","NSECM",2442,"NOCIL LIMITED","NOCIL","NOCIL-EQ","EQ","INE163A01018",1,0.01,2,,,0,0,,624505,128.09,192.13,,"Final Dividend - Rs. - 1.5000","24 Jul 2026",2442,1,,,
"NSE","CM","NSECM",3339,"SUNDARAM FINANCE LTD","SUNDARMFIN","SUNDARMFIN-EQ","EQ","INE660A01013",1,0.1,2,,,0,0,,22441,3558.3,5337.3,,,3339,1,,,,
"NSE","CM","NSECM",16123,"BHARAT WIRE ROPES LTD.","BHARATWIRE","BHARATWIRE-EQ","EQ","INE316L01019",1,0.01,2,,,0,0,,517264,154.65,231.97,,,16123,1,,,,
"NSE","CM","NSECM",1424,"HINDUSTAN ZINC LIMITED","HINDZINC","HINDZINC-EQ","EQ","INE267A01025",1,0.05,2,,,0,0,,185913,478.8,585.1,1600,,1424,1,,,,
"NSE","CM","NSECM",19235,"INDIAN METALS & FERRO","IMFA","IMFA-EQ","EQ","INE919H01018",1,0.1,2,,,0,0,,74617,1072.1,1608.1,,"Final Dividend - Rs. - 7.5000","31 Jul 2026",19235,1,,,
"NSE","CM","NSECM",7851,"RAMCO SYSTEMS LTD.","RAMCOSYS","RAMCOSYS-EQ","EQ","INE246B01019",1,0.05,2,,,0,0,,140638,639.9,782,201,2100,,7851,1,,,
"NSE","CM","NSECM",29256,"DENTA WATER N INFRA SOL L","DENTA","DENTA-EQ","EQ","INE0R4L01018",1,0.05,2,,,0,0,,297036,269.35,403.95,,,29256,1,,,,
"NSE","CM","NSECM",5948,"THE SOUTH INDIAN BANK LTD","SOUTHBANK","SOUTHBANK-EQ","EQ","INE683A01023",1,0.01,2,,,0,0,,2149064,37.22,55.82,,"Final Dividend - Rs. - 0.4500","13 Aug 2026",5948,1,,,
"NSE","CM","NSECM",1581,"TARC LIMITED","TARC","TARC-EQ","EQ","INE0EK901012",1,0.01,2,,,0,0,,760462,105.16,157.74,2100,,1581,1,,,,
"NSE","CM","NSECM",27037,"TRIB BHIMJI ZAVERI LTD","TBZ","TBZ-EQ","EQ","INE760L01018",1,0.01,2,,,0,0,,386235,207.12,310.66,3200,3300,3900,,27037,1,,
"NSE","CM","NSECM",11496,"AMBICA AGAR & AROMAINDLTD","AMBICAAGAR","AMBICAAGAR-EQ","EQ","INE792B01012",1,0.01,2,,,0,0,,561699,19.72,29.56,2300,,11496,1,,,,
"NSE","CM","NSECM",17475,"ICICI PRUDENTIAL NV20 ETF","NV20IETF","NV20IETF-EQ","EQ","INF109KC11V0",1,0.01,2,,,0,0,,4299330,10.82,16.22,,,17475,1,,,,
"NSE","CM","NSECM",29171,"LAXMI DENTAL LIMITED","LAXMIDENTL","LAXMIDENTL-EQ","EQ","INE0WO601020",1,0.01,2,,,0,0,,462010,173.16,259.72,4200,4300,,29171,1,,,
"NSE","CM","NSECM",28960,"UNIMECH AEROSPACE N MFG L","UNIMECH","UNIMECH-EQ","EQ","INE0U3I01011",1,0.1,2,,,0,0,,80810,1113.7,1361.1,2100,,28960,1,,,,
"NSE","CM","NSECM",15254,"CEAT LIMITED","CEATLTD","CEATLTD-EQ","EQ","INE482A01020",1,0.1,2,,,0,0,,30012,2662.9,3994.3,,"Final Dividend - Rs. - 35.0000","31 Jul 2026",15254,1,,,
"NSE","CM","NSECM",8806,"SONAM LIMITED","SONAMLTD","SONAMLTD-EQ","EQ","INE00LM01029",1,0.01,2,,,0,0,,1309045,42.41,63.61,2300,,8806,1,,,,
"NSE","CM","NSECM",24067,"LE TRAVENUES TECHNOLOGY L","IXIGO","IXIGO-EQ","EQ","INE0HV901016",1,0.01,2,,,0,0,,541316,147.68,221.52,2100,,24067,1,,,,
"NSE","CM","NSECM",19025,"KIRLOSKAR INDUSTRIES LTD","KIRLOSIND","KIRLOSIND-EQ","EQ","INE250A01039",1,0.1,2,,,0,0,,26398,3030.2,4545.2,,"Final Dividend - Rs. - 13.0000","11 Aug 2026",19025,1,,,
"NSE","CM","NSECM",760356,"DSPAMC - MIDCAPADD","MIDCAPADD","MIDCAPADD-EQ","EQ","INF740KA1WW5",1,0.01,2,,,0,0,,78520,18.2,27.28,,,760356,1,,,,
"NSE","CM","NSECM",29678,"INDEF MANUFACTURING LTD","BAJAJINDEF","BAJAJINDEF-EQ","EQ","INE0O9T01021",1,0.05,2,,,0,0,,434302,184.2,276.3,,"Final Dividend - Rs. - 2.0000","05 Aug 2026",29678,1,,,
"NSE","CM","NSECM",11195,"INTERGLOBE AVIATION LTD","INDIGO","INDIGO-EQ","EQ","INE646L01027",1,0.5,2,,,0,0,,19718,4486.5,5483.5,2200,,11195,1,,,,
"NSE","CM","NSECM",2183,"TSF INVESTMENTS LIMITED","TSFINV","TSFINV-EQ","EQ","INE202Z01029",1,0.05,2,,,0,0,,230987,346.25,519.35,2100,,2183,1,,,,
"NSE","CM","NSECM",11640,"BOHRA INDUSTRIES LIMITED","BOHRAIND","BOHRAIND-EQ","EQ","INE802W01023",1,0.01,2,,,0,0,,692328,11.99,13.25,1500,2200,2300,4300,,11640,1,
"NSE","CM","NSECM",25088,"ASAHI SONGWON COLOR LTD","ASAHISONG","ASAHISONG-EQ","EQ","INE228I01012",1,0.05,2,,,0,0,,300338,266.4,399.5,3200,4300,,25088,1,,,
"NSE","CM","NSECM",762628,"COMFORT INTECH LTD.","COMFINTE","COMFINTE-EQ","EQ","INE819A01049",1,0.01,2,,,0,0,,10461974,4.36,6.52,3900,,762628,1,,,,
"NSE","CM","NSECM",20072,"NIP IND ETF INFRA BEES","INFRABEES","INFRABEES-EQ","EQ","INF732E01268",1,0.01,2,,,0,0,,63263,766.56,1149.82,,,20072,1,,,,
"NSE","CM","NSECM",11262,"INDRAPRASTHA GAS LTD","IGL","IGL-EQ","EQ","INE203G01027",1,0.01,2,,,0,0,,669199,119.47,179.19,,,11262,1,,,,
"NSE","CM","NSECM",763294,"ONEMI TECHNOLOGY SOL LTD","KISSHT","KISSHT-EQ","EQ","INE12F801023",1,0.05,2,,,0,0,,293833,272.15,408.15,3300,3900,,763294,1,,,
"NSE","CM","NSECM",20621,"PENNAR INDUSTRIES LTD","PENIND","PENIND-EQ","EQ","INE932A01024",1,0.01,2,,,0,0,,614004,130.28,195.4,,,20621,1,,,,
"NSE","CM","NSECM",762593,"BIRLA PRECISION TECH L","BIRLAPREC","BIRLAPREC-EQ","EQ","INE372E01025",1,0.01,2,,,0,0,,2236274,27.36,41.02,,,762593,1,,,,
"NSE","CM","NSECM",15044,"DELTA CORP LIMITED","DELTACORP","DELTACORP-EQ","EQ","INE124G01033",1,0.01,2,,,0,0,,1587346,50.4,75.58,,,15044,1,,,,
"NSE","CM","NSECM",3186,"SKF INDIA LTD","SKFINDIA","SKFINDIA-EQ","EQ","INE640A01023",1,0.1,2,,,0,0,,67333,1187.9,1781.7,4200,4300,,3186,1,,,
"NSE","CM","NSECM",20242,"OBEROI REALTY LIMITED","OBEROIRLTY","OBEROIRLTY-EQ","EQ","INE093I01010",1,0.1,2,,,0,0,,54902,1639.1,2003.3,1600,"Interim Dividend - Rs. - 2.0000","23 Jul 2026",20242,1,,,
"NSE","CM","NSECM",25203,"SHREE TIRUPATI BALAJEE L","BALAJEE","BALAJEE-EQ","EQ","INE0S2G01011",1,0.01,2,,,0,0,,2667365,21.66,32.48,4300,,25203,1,,,,
"NSE","CM","NSECM",1756,"JINDAL POLY FILMS LIMITED","JINDALPOLY","JINDALPOLY-EQ","EQ","INE197D01010",1,0.05,2,,,0,0,,156885,605.5,669.2,2200,4100,4300,,1756,1,,
"NSE","CM","NSECM",14445,"NAHAR POLY FILMS LIMITED","NAHARPOLY","NAHARPOLY-EQ","EQ","INE308A01027",1,0.05,2,,,0,0,,365229,219.05,328.55,,,14445,1,,,,
"NSE","CM","NSECM",6579,"FINO PAYMENTS BANK LTD","FINOPB","FINOPB-EQ","EQ","INE02NC01014",1,0.01,2,,,0,0,,598505,133.65,200.47,4100,4200,4300,,6579,1,,
"NSE","CM","NSECM",757953,"EURO PANEL PRODUCTS LTD","EUROBOND","EUROBOND-EQ","EQ","INE505V01016",1,0.01,2,,,0,0,,618770,129.29,193.93,2300,,757953,1,,,,
"NSE","CM","NSECM",20261,"INDIAN RENEWABLE ENERGY","IREDA","IREDA-EQ","EQ","INE202E01016",1,0.01,2,,,0,0,,828722,108.44,132.52,,,20261,1,,,,
"NSE","CM","NSECM",1814,"KALPATARU PROJECT INT LTD","KPIL","KPIL-EQ","EQ","INE220B01022",1,0.1,2,,,0,0,,76846,1040,1559.8,,,1814,1,,,,
"NSE","CM","NSECM",19015,"MANOJ VAIBHAV GEM N JEW L","MVGJL","MVGJL-EQ","EQ","INE0KNT01012",1,0.01,2,,,0,0,,642000,124.61,186.91,,,19015,1,,,,
"NSE","CM","NSECM",3466,"TOURISM FINANCE CORP. OF","TFCILTD","TFCILTD-EQ","EQ","INE305A01023",1,0.01,2,,,0,0,,1145867,69.82,104.72,,,3466,1,,,,
"NSE","CM","NSECM",4127,"SAMBHAAV MEDIA LTD","SAMBHAAV","SAMBHAAV-EQ","EQ","INE699B01027",1,0.01,2,,,0,0,,6249323,5.5,6.72,2100,2300,,4127,1,,,
"NSE","CM","NSECM",759728,"EMMVEE PHOTOVOLTAIC PWR L","EMMVEE","EMMVEE-EQ","EQ","INE1C6T01020",1,0.05,2,,,0,0,,301861,297.9,364.1,2100,4100,,759728,1,,,
"NSE","CM","NSECM",762787,"MENON PISTONS LTD.","MENNPIS","MENNPIS-EQ","EQ","INE650G01029",1,0.01,2,,,0,0,,1351855,59.18,88.76,,"Final Dividend - Rs. - 1.0000","28 Jul 2026",762787,1,,,
"NSE","CM","NSECM",2643,"PFIZER LTD","PFIZER","PFIZER-EQ","EQ","INE182A01018",1,0.1,2,,,0,0,,21591,3698.9,5548.3,,,2643,1,,,,
"NSE","CM","NSECM",9617,"SUPREME PETROCHEM LIMITED","SPLPETRO","SPLPETRO-EQ","EQ","INE663A01033",1,0.05,2,,,0,0,,134824,593.3,889.9,,,9617,1,,,,
"NSE","CM","NSECM",9305,"STARTECK FINANCE LIMITED","STARTECK","STARTECK-EQ","EQ","INE992I01013",1,0.05,2,,,0,0,,324066,213,319.4,2300,,9305,1,,,,
"NSE","CM","NSECM",27297,"RATTANINDIA ENT LIMITED","RTNINDIA","RTNINDIA-EQ","EQ","INE834M01019",1,0.01,2,,,0,0,,3164014,25.28,37.92,2200,4300,,27297,1,,,
"NSE","CM","NSECM",15157,"ROBUST HOTELS LIMITED","RHL","RHL-EQ","EQ","INE508K01013",1,0.01,2,,,0,0,,565437,133.88,200.8,2300,,15157,1,,,,
"NSE","CM","NSECM",13890,"HIND RECTIFIER LIMITED","HIRECT","HIRECT-EQ","EQ","INE835D01023",1,0.1,2,,,0,0,,76786,1041.6,1562.2,2100,2900,3500,3900,"Final Dividend - Rs. - 1.4000","04 Aug 2026",13890,1
"NSE","CM","NSECM",12578,"ICICIPRAMC-ICICIFIN","FINIETF","FINIETF-EQ","EQ","INF109KC17L8",1,0.01,2,,,0,0,,2183186,25.68,38.52,,,12578,1,,,,
"NSE","CM","NSECM",763572,"GROWWAMC - PVTBKGROWW","PVTBKGROWW","PVTBKGROWW-EQ","EQ","INF666M01OT5",1,0.01,2,,,0,0,,82472,21.89,32.83,,,763572,1,,,,
"NSE","CM","NSECM",14784,"161NSETEST","161NSETEST","161NSETEST-EQ","EQ","DUMMYSAN020",1,0.05,2,,,0,0,,0,180,220,,,14784,1,,,,
"NSE","CM","NSECM",5614,"GANESH BENZOPLAST LIMITED","GANESHBE","GANESHBE-EQ","EQ","INE388A01029",1,0.01,2,,,0,0,,897563,89.13,133.69,,,5614,1,,,,
"NSE","CM","NSECM",759302,"ZERODHAAMC - NIFTYCASE","NIFTYCASE","NIFTYCASE-EQ","EQ","INF0R8F01166",1,0.01,2,,,0,0,,2098966,7.66,11.48,,,759302,1,,,,
"NSE","CM","NSECM",1338,"SOM DIST & BREW LTD","SDBL","SDBL-EQ","EQ","INE480C01038",1,0.01,2,,,0,0,,1371742,58.32,87.46,2100,4300,,1338,1,,,
"NSE","CM","NSECM",8954,"TATA TELESERV(MAHARASTRA)","TTML","TTML-EQ","EQ","INE517B01013",1,0.01,2,,,0,0,,2537495,31.51,47.25,2100,,8954,1,,,,
"NSE","CM","NSECM",25312,"P N GADGIL JEWELLERS LTD","PNGJL","PNGJL-EQ","EQ","INE953R01016",1,0.05,2,,,0,0,,154435,582.3,711.7,,,25312,1,,,,
"NSE","CM","NSECM",762954,"TIMEX GROUP INDIA LTD.","TIMEX","TIMEX-EQ","EQ","INE064A01026",1,0.05,2,,,0,0,,172724,463.1,694.6,3300,3500,3900,,762954,1,,
"NSE","CM","NSECM",19111,"N.B.I. IND. FIN. CO. LTD","NBIFIN","NBIFIN-EQ","EQ","INE365I01020",1,0.1,2,,,0,0,,45113,1773.2,2659.8,2100,2300,,19111,1,,,
"NSE","CM","NSECM",22832,"MIRAEAMC - SMALLCAP","SMALLCAP","SMALLCAP-EQ","EQ","INF769K01LC3",1,0.01,2,,,0,0,,2140705,37.37,56.05,,,22832,1,,,,
"NSE","CM","NSECM",1044,"AXISAMC-BNKETFAXIS","BNKETFAXIS","BNKETFAXIS-EQ","EQ","INF846K01X63",1,0.01,2,,,0,0,,171362,466.84,700.24,,,1044,1,,,,
"NSE","CM","NSECM",14687,"GOA CARBON LIMITED","GOACARBON","GOACARBON-EQ","EQ","INE426D01013",1,0.05,2,,,0,0,,266203,300.55,450.75,201,2200,,14687,1,,,
"NSE","CM","NSECM",14547,"NDL VENTURES LIMITED","NDLVENTURE","NDLVENTURE-EQ","EQ","INE353A01023",1,0.01,2,,,0,0,,799598,100.05,150.07,2100,2300,,14547,1,,,
"NSE","CM","NSECM",18921,"VARUN BEVERAGES LIMITED","VBL","VBL-EQ","EQ","INE200M01039",1,0.05,2,,,0,0,,216465,411.5,502.9,,,18921,1,,,,
"NSE","CM","NSECM",759048,"GK ENERGY LIMITED","GKENERGY","GKENERGY-EQ","EQ","INE1AG301022",1,0.01,2,,,0,0,,734400,122.53,149.75,4300,,759048,1,,,,
"NSE","CM","NSECM",17778,"ALLCARGO TERMINALS LTD","ATL","ATL-EQ","EQ","INE0NN701020",1,0.01,2,,,0,0,,4383832,18.25,27.37,,,17778,1,,,,
"NSE","CM","NSECM",23507,"UJAAS ENERGY LIMITED","UEL","UEL-EQ","EQ","INE899L01030",1,0.01,2,,,0,0,,833160,95.99,143.97,2100,2300,4300,,23507,1,,
"NSE","CM","NSECM",13126,"REPRO INDIA LIMITED","REPRO","REPRO-EQ","EQ","INE461B01014",1,0.05,2,,,0,0,,268888,297.55,446.25,2200,2300,,13126,1,,,
"NSE","CM","NSECM",438,"BHEL","BHEL","BHEL-EQ","EQ","INE257A01026",1,0.05,2,,,0,0,,236779,375.6,459,2100,,438,1,,,,
"NSE","CM","NSECM",21705,"MEDI ASSIST HEALTH SER L","MEDIASSIST","MEDIASSIST-EQ","EQ","INE456Z01021",1,0.05,2,,,0,0,,294025,272.05,408.05,,,21705,1,,,,
"NSE","CM","NSECM",11763,"JAIPRAKASH POWER VEN. LTD","JPPOWER","JPPOWER-EQ","EQ","INE351F01018",1,0.01,2,,,0,0,,5893973,13.56,20.34,,,11763,1,,,,
"NSE","CM","NSECM",21478,"UTIAMC-NEXT50BETA","NEXT50BETA","NEXT50BETA-EQ","EQ","INF789F1AUW9",1,0.01,2,,,0,0,,1290651,61.98,92.96,,,21478,1,,,,
"NSE","CM","NSECM",6302,"APOLLO SINDOORI HOTEL LTD","APOLSINHOT","APOLSINHOT-EQ","EQ","INE451F01024",1,0.1,2,,,0,0,,85032,938.4,1407.6,2300,,6302,1,,,,
"NSE","CM","NSECM",1594,"INFOSYS LIMITED","INFY","INFY-EQ","EQ","INE009A01021",1,0.1,2,,,0,0,,93315,936.9,1144.9,,,1594,1,,,,
"NSE","CM","NSECM",13885,"ARIHANT FOUN & HOU LTD","ARIHANT","ARIHANT-EQ","EQ","INE413D01011",1,0.05,2,,,0,0,,97871,817.4,1226,2300,2600,2900,,13885,1,,
"NSE","CM","NSECM",31017,"THOMAS SCOTT (INDIA) LTD","THOMASCOTT","THOMASCOTT-EQ","EQ","INE480M01011",1,0.05,2,,,0,0,,325666,245.65,368.45,,,31017,1,,,,
"NSE","CM","NSECM",31181,"MULTI COMMODITY EXCHANGE","MCX","MCX-EQ","EQ","INE745G01043",1,0.1,2,,,0,0,,36462,2457,3003,,,31181,1,,,,
"NSE","CM","NSECM",25082,"TREE HOUSE EDU LTD","TREEHOUSE","TREEHOUSE-EQ","EQ","INE040M01013",1,0.01,2,,,0,0,,1383559,5.72,6.98,2200,2300,,25082,1,,,
"NSE","CM","NSECM",3787,"WIPRO LTD","WIPRO","WIPRO-EQ","EQ","INE075A01022",1,0.01,2,,,0,0,,567190,157.61,192.63,,"Interim Dividend - Rs. - 2.0000","27 Jul 2026",3787,1,,,
"NSE","CM","NSECM",13644,"DSPAMC - DSPBANK","BANKADD","BANKADD-EQ","EQ","INF740KA1RX3",1,0.01,2,,,0,0,,1725866,46.36,69.52,,,13644,1,,,,
"NSE","CM","NSECM",3563,"ADANI GREEN ENERGY LTD","ADANIGREEN","ADANIGREEN-EQ","EQ","INE364U01010",1,0.1,2,,,0,0,,70827,1255.6,1534.6,2100,3500,4100,,3563,1,,
"NSE","CM","NSECM",22488,"UTIAMC-ITBETA","ITBETA","ITBETA-EQ","EQ","INF789F1AZD8",1,0.01,2,,,0,0,,6779,240.16,360.24,,,22488,1,,,,
"NSE","CM","NSECM",759210,"TRUALT BIOENERGY LIMITED","TRUALT","TRUALT-EQ","EQ","INE0MWH01014",1,0.05,2,,,0,0,,233074,343.2,514.7,,,759210,1,,,,
"NSE","CM","NSECM",759041,"IVALUE INFOSOLUTIONS LTD","IVALUE","IVALUE-EQ","EQ","INE056801025",1,0.05,2,,,0,0,,347557,230.2,345.2,,,759041,1,,,,
"NSE","CM","NSECM",16705,"GOKUL REFOILS & SOLV LTD","GOKUL","GOKUL-EQ","EQ","INE020J01029",1,0.01,2,,,0,0,,2545754,31.43,47.13,,,16705,1,,,,
"NSE","CM","NSECM",1512,"THE INDIAN HOTELS CO. LTD","INDHOTEL","INDHOTEL-EQ","EQ","INE053A01029",1,0.05,2,,,0,0,,136648,654.75,800.15,,,1512,1,,,,
"NSE","CM","NSECM",761680,"POWERICA LIMITED","POWERICA","POWERICA-EQ","EQ","INE921L01032",1,0.05,2,,,0,0,,175906,539.85,596.65,,,761680,1,,,,
"NSE","CM","NSECM",3531,"TRANSPEK INDUSTRY LTD","TRANSPEK","TRANSPEK-EQ","EQ","INE687A01016",1,0.05,2,,,0,0,,93903,851.95,1277.85,,,3531,1,,,,
"NSE","CM","NSECM",759814,"MIRAEAMC - SMALL250","SMALL250","SMALL250-EQ","EQ","INF769K01PQ4",1,0.01,2,,,0,0,,1410698,14.16,21.22,,,759814,1,,,,
"NSE","CM","NSECM",18049,"MINDTECK (INDIA) LIMITED","MINDTECK","MINDTECK-EQ","EQ","INE110B01017",1,0.01,2,,,0,0,,512704,156.04,234.04,,"Dividend - Rs. - 1.0000","06 Aug 2026",18049,1,,,
"NSE","CM","NSECM",14889,"ASIAN GRANITO IND. LTD.","ASIANTILES","ASIANTILES-EQ","EQ","INE022I01019",1,0.01,2,,,0,0,,1870134,42.78,64.16,2100,3900,,14889,1,,,
"NSE","CM","NSECM",757142,"MIRAEAMC - EQUAL50","EQUAL50","EQUAL50-EQ","EQ","INF769K01OO2",1,0.01,2,,,0,0,,179931,263.45,395.17,,,757142,1,,,,
"NSE","CM","NSECM",10619,"HDFCAMC - HDFCNEXT50","HDFCNEXT50","HDFCNEXT50-EQ","EQ","INF179KC1HS2",1,0.01,2,,,0,0,,1312016,58.68,88,,,10619,1,,,,
"NSE","CM","NSECM",11829,"STEEL STRIPS WHEELS LTD.","SSWL","SSWL-EQ","EQ","INE802C01033",1,0.01,2,,,0,0,,346739,230.65,345.97,,,11829,1,,,,
"NSE","CM","NSECM",14154,"UNO MINDA LIMITED","UNOMINDA","UNOMINDA-EQ","EQ","INE405E01023",1,0.1,2,,,0,0,,88365,1014.3,1239.7,2100,,14154,1,,,,
"NSE","CM","NSECM",14762,"061NSETEST","061NSETEST","061NSETEST-EQ","EQ","DUMMYSAN010",1,0.05,2,,,0,0,,0,180,220,,,14762,1,,,,
"NSE","CM","NSECM",17971,"SBI CARDS & PAY SER LTD","SBICARD","SBICARD-EQ","EQ","INE018E01016",1,0.05,2,,,0,0,,160820,556.9,680.6,,,17971,1,,,,
"NSE","CM","NSECM",761741,"SBIAMC - SBINMID150","SBINMID150","SBINMID150-EQ","EQ","INF200KB1AK8",1,0.01,2,,,0,0,,169876,18.2,27.28,,,761741,1,,,,
"NSE","CM","NSECM",757814,"GROWWAMC - GROWWNET","GROWWNET","GROWWNET-EQ","EQ","INF666M01LI4",1,0.01,2,,,0,0,,1174564,7.77,11.65,,,757814,1,,,,
"NSE","CM","NSECM",12533,"AAA TECHNOLOGIES LIMITED","AAATECH","AAATECH-EQ","EQ","INE0D0U01013",1,0.01,2,,,0,0,,419435,71.73,107.59,2100,2300,,12533,1,,,
"NSE","CM","NSECM",29758,"KOTAKMAMC - MSCIINDIA","MSCIINDIA","MSCIINDIA-EQ","EQ","INF174KA1VD2",1,0.01,2,,,0,0,,3387399,23.62,35.42,,,29758,1,,,,
"NSE","CM","NSECM",11543,"COFORGE LIMITED","COFORGE","COFORGE-EQ","EQ","INE591G01025",1,0.1,2,,,0,0,,67263,1336.3,1633.1,,,11543,1,,,,
"NSE","CM","NSECM",14584,"ICICIPRAMC - PSUBANKICI","PSUBNKIETF","PSUBNKIETF-EQ","EQ","INF109KC10S8",1,0.01,2,,,0,0,,550222,67.39,101.07,,,14584,1,,,,
"NSE","CM","NSECM",760039,"SUDEEP PHARMA LIMITED","SUDEEPPHRM","SUDEEPPHRM-EQ","EQ","INE0QPI01025",1,0.05,2,,,0,0,,121079,742.65,907.65,2100,"Final Dividend - Rs. - 1.5000","23 Jul 2026",760039,1,,,
"NSE","CM","NSECM",5162,"TATVA CHIN PHARM CHEM LTD","TATVA","TATVA-EQ","EQ","INE0GK401011",1,0.1,2,,,0,0,,58034,1378,2066.8,501,2100,,5162,1,,,
"NSE","CM","NSECM",8479,"TVS MOTOR COMPANY  LTD","TVSMOTOR","TVSMOTOR-EQ","EQ","INE494B01023",1,0.1,2,,,0,0,,25653,3483.2,4257.2,2100,,8479,1,,,,
"NSE","CM","NSECM",8153,"MEGASTAR FOODS LIMITED","MEGASTAR","MEGASTAR-EQ","EQ","INE00EM01016",1,0.05,2,,,0,0,,293420,272.65,408.95,201,,8153,1,,,,
"NSE","CM","NSECM",17808,"ICICIPRAMC - ICICIQTY30","QUAL30IETF","QUAL30IETF-EQ","EQ","INF109KC18V5",1,0.01,2,,,0,0,,2194004,16.71,25.05,,,17808,1,,,,
"NSE","CM","NSECM",14236,"HDFCAMC - HDFCMID150","HDFCMID150","HDFCMID150-EQ","EQ","INF179KC1HT0",1,0.01,2,,,0,0,,2770924,18.39,27.57,,,14236,1,,,,
"NSE","CM","NSECM",18520,"CUPID LIMITED","CUPID","CUPID-EQ","EQ","INE509F01029",1,0.01,2,,,0,0,,467940,170.75,256.11,201,2100,,18520,1,,,
"NSE","CM","NSECM",3813,"ARIHANT CAPITAL MKTS LTD","ARIHANTCAP","ARIHANTCAP-EQ","EQ","INE420B01036",1,0.01,2,,,0,0,,1225141,65.3,97.94,,,3813,1,,,,
"NSE","CM","NSECM",25672,"DIFFUSION ENGINEERS LTD","DIFFNKG","DIFFNKG-EQ","EQ","INE184O01015",1,0.05,2,,,0,0,,252925,316.3,474.4,4100,"Final Dividend - Rs. - 1.5000","26 Aug 2026",25672,1,,,
"NSE","CM","NSECM",2645,"DRC SYSTEMS INDIA LIMITED","DRCSYSTEMS","DRCSYSTEMS-EQ","EQ","INE03RS01027",1,0.01,2,,,0,0,,4711458,10.73,16.09,,,2645,1,,,,
"NSE","CM","NSECM",15391,"RACE ECO CHAIN LIMITED","RACE","RACE-EQ","EQ","INE084Q01012",1,0.01,2,,,0,0,,564309,98.33,120.17,2300,4200,4300,,15391,1,,
"NSE","CM","NSECM",13794,"BAID FINSERV LIMITED","BAIDFIN","BAIDFIN-EQ","EQ","INE020D01022",1,0.01,2,,,0,0,,5064840,7.89,11.83,2300,,13794,1,,,,
"NSE","CM","NSECM",9939,"ONE POINT ONE SOL LTD","ONEPOINT","ONEPOINT-EQ","EQ","INE840Y01029",1,0.01,2,,,0,0,,1852388,43.19,64.77,,,9939,1,,,,
"NSE","CM","NSECM",18365,"PERSISTENT SYSTEMS LTD","PERSISTENT","PERSISTENT-EQ","EQ","INE262H01021",1,0.1,2,,,0,0,,19244,4664.3,5700.7,,"Final Dividend - Rs. - 18.0000","27 Jul 2026",18365,1,,,
"NSE","CM","NSECM",22463,"EPACK DURABLE LIMITED","EPACK","EPACK-EQ","EQ","INE0G5901015",1,0.01,2,,,0,0,,426291,187.66,281.48,2100,,22463,1,,,,
"NSE","CM","NSECM",17547,"AMRUTAJAN HEALTH LTD","AMRUTANJAN","AMRUTANJAN-EQ","EQ","INE098F01031",1,0.05,2,,,0,0,,196446,407.2,610.8,,,17547,1,,,,
"NSE","CM","NSECM",474,"3M INDIA LIMITED","3MINDIA","3MINDIA-EQ","EQ","INE470A01017",1,5,2,,,0,0,,2815,28400,42600,2100,,474,1,,,,
"NSE","CM","NSECM",1270,"AMBUJA CEMENTS LTD","AMBUJACEM","AMBUJACEM-EQ","EQ","INE079A01024",1,0.05,2,,,0,0,,233571,382.65,467.65,,,1270,1,,,,
"NSE","CM","NSECM",2048,"INDIGO PAINTS LIMITED","INDIGOPNTS","INDIGOPNTS-EQ","EQ","INE09VQ01012",1,0.1,2,,,0,0,,95302,839.2,1258.6,,,2048,1,,,,
"NSE","CM","NSECM",17376,"LANDSMILL GREEN LIMITED","LANDSMILL","LANDSMILL-EQ","EQ","INE688J01023",1,0.01,2,,,0,0,,46129727,0.6,0.9,2100,,17376,1,,,,
"NSE","CM","NSECM",6062,"LICNAMC - LICNMFET","LICNETFGSC","LICNETFGSC-EQ","EQ","INF767K01MV5",1,0.01,2,,,0,0,,3404734,27.91,30.83,,,6062,1,,,,
"NSE","CM","NSECM",4491,"BOSCH HOME COMFRT IND LTD","BOSCH-HCIL","BOSCH-HCIL-EQ","EQ","INE782A01015",1,0.1,2,,,0,0,,75018,1199.6,1466,2200,,4491,1,,,,
"NSE","CM","NSECM",5585,"VIJAYA DIAGNOSTIC CEN LTD","VIJAYA","VIJAYA-EQ","EQ","INE043W01024",1,0.1,2,,,0,0,,76039,1051.2,1576.6,2100,,5585,1,,,,
"NSE","CM","NSECM",21247,"DIGIDRIVE DISTRIBUTORS L","DIGIDRIVE","DIGIDRIVE-EQ","EQ","INE0PSC01024",1,0.01,2,,,0,0,,1260973,14.36,21.54,2300,,21247,1,,,,
"NSE","CM","NSECM",13260,"KEC INTL. LIMITED","KEC","KEC-EQ","EQ","INE389H01022",1,0.05,2,,,0,0,,212692,375.95,563.85,,"Final Dividend - Rs. - 5.5000","07 Aug 2026",13260,1,,,
"NSE","CM","NSECM",4898,"FDC LIMITED","FDC","FDC-EQ","EQ","INE258B01022",1,0.05,2,,,0,0,,242097,330.4,495.5,,,4898,1,,,,
"NSE","CM","NSECM",2188,"GENERIC ENG CONS PROJ LTD","GENCON","GENCON-EQ","EQ","INE854S01022",1,0.01,2,,,0,0,,1863448,32.42,48.62,2300,,2188,1,,,,
"NSE","CM","NSECM",16822,"IKIO TECHNOLOGIES LIMITED","IKIO","IKIO-EQ","EQ","INE0LOJ01019",1,0.01,2,,,0,0,,488181,163.86,245.78,501,,16822,1,,,,
"NSE","CM","NSECM",29624,"AJAX ENGINEERING LIMITED","AJAXENGG","AJAXENGG-EQ","EQ","INE274Y01021",1,0.05,2,,,0,0,,176071,510.85,624.35,,,29624,1,,,,
"NSE","CM","NSECM",1127,"GHCL LIMITED","GHCL","GHCL-EQ","EQ","INE539A01019",1,0.05,2,,,0,0,,229220,349,523.4,,,1127,1,,,,
"NSE","CM","NSECM",10580,"TRANSPORT CORPN OF INDIA","TCI","TCI-EQ","EQ","INE688A01022",1,0.05,2,,,0,0,,108898,734.2,1101.3,,,10580,1,,,,
"NSE","CM","NSECM",3799,"WEST COAST PAPER MILLS LT","WSTCSTPAPR","WSTCSTPAPR-EQ","EQ","INE976A01021",1,0.05,2,,,0,0,,180642,442.85,664.25,,"Final Dividend - Rs. - 3.0000","10 Aug 2026",3799,1,,,
"NSE","CM","NSECM",5610,"ASTRAZENECA PHARMA IND LT","ASTRAZEN","ASTRAZEN-EQ","EQ","INE203A01020",1,0.5,2,,,0,0,,12473,6404.5,9606.5,2100,"Final Dividend - Rs. - 36.0000","31 Jul 2026",5610,1,,,
"NSE","CM","NSECM",4870,"IND SWIFT LABORATORIES LT","INDSWFTLAB","INDSWFTLAB-EQ","EQ","INE915B01019",1,0.01,2,,,0,0,,439565,182,272.98,501,,4870,1,,,,
"NSE","CM","NSECM",4693,"SHYAM METALICS AND ENGY L","SHYAMMETL","SHYAMMETL-EQ","EQ","INE810G01011",1,0.05,2,,,0,0,,97136,822,1232.9,,"Final Dividend - Rs. - 2.7000","07 Aug 2026",4693,1,,,
"NSE","CM","NSECM",756802,"OSWAL PUMPS LIMITED","OSWALPUMPS","OSWALPUMPS-EQ","EQ","INE0BYP01024",1,0.05,2,,,0,0,,278398,323.25,395.05,4200,4300,,756802,1,,,
"NSE","CM","NSECM",25222,"SANOFI CONS HEALTHC IND L","SANOFICONR","SANOFICONR-EQ","EQ","INE0UOS01011",1,0.1,2,,,0,0,,21371,3739.8,5609.6,,,25222,1,,,,
"NSE","CM","NSECM",11915,"YES BANK LIMITED","YESBANK","YESBANK-EQ","EQ","INE528G01035",1,0.01,2,,,0,0,,4331251,20.66,25.24,,,11915,1,,,,
"NSE","CM","NSECM",17675,"ALOK INDUSTRIES LIMITED","ALOKINDS","ALOKINDS-EQ","EQ","INE270A01029",1,0.01,2,,,0,0,,8282019,9.66,14.48,1500,2200,,17675,1,,,
"NSE","CM","NSECM",10512,"KOTAKMAMC - KOTAKCONS","CONS","CONS-EQ","EQ","INF174KA1ZF8",1,0.01,2,,,0,0,,961472,9.7,14.54,,,10512,1,,,,
"NSE","CM","NSECM",14230,"HDFCAMC - HDFCBSE500","HDFCBSE500","HDFCBSE500-EQ","EQ","INF179KC1EZ4",1,0.01,2,,,0,0,,489301,29.52,44.26,,,14230,1,,,,
"NSE","CM","NSECM",762563,"BAJAJ STEEL INDS. LTD.","BAJAJST","BAJAJST-EQ","EQ","INE704G01024",1,0.05,2,,,0,0,,252698,316.6,474.8,,,762563,1,,,,
"NSE","CM","NSECM",12024,"ARCHEAN CHEMICAL IND LTD","ACI","ACI-EQ","EQ","INE128X01021",1,0.05,2,,,0,0,,180124,443.9,665.8,2100,,12024,1,,,,
"NSE","CM","NSECM",4749,"CONTAINER CORP OF IND LTD","CONCOR","CONCOR-EQ","EQ","INE111A01025",1,0.05,2,,,0,0,,208682,429.8,525.3,,"Interim Dividend - Rs. - 1.6000","04 Aug 2026",4749,1,,,
"NSE","CM","NSECM",23650,"MUTHOOT FINANCE LIMITED","MUTHOOTFIN","MUTHOOTFIN-EQ","EQ","INE414G01012",1,0.1,2,,,0,0,,33320,2688.1,3285.3,,,23650,1,,,,
"NSE","CM","NSECM",3965,"REMSONS INDUSTRIES LTD","REMSONSIND","REMSONSIND-EQ","EQ","INE474C01023",1,0.01,2,,,0,0,,1140535,62.65,93.97,,,3965,1,,,,
"NSE","CM","NSECM",6782,"INDO-NATIONAL LIMITED","NIPPOBATRY","NIPPOBATRY-EQ","EQ","INE567A01028",1,0.05,2,,,0,0,,245248,261.05,391.55,201,2200,2300,,6782,1,,
"NSE","CM","NSECM",6218,"SIKKO INDUSTRIES LIMITED","SIKKO","SIKKO-EQ","EQ","INE112X01025",1,0.01,2,,,0,0,,14283358,3.76,5.64,,,6218,1,,,,
"NSE","CM","NSECM",18760,"YATRA ONLINE LIMITED","YATRA","YATRA-EQ","EQ","INE0JR601024",1,0.01,2,,,0,0,,928629,86.14,129.2,,,18760,1,,,,
"NSE","CM","NSECM",14777,"121NSETEST","121NSETEST","121NSETEST-EQ","EQ","DUMMYSAN016",1,0.05,2,,,0,0,,0,180,220,,,14777,1,,,,
"NSE","CM","NSECM",15420,"ANDHRA CEMENTS LIMITED","ACL","ACL-EQ","EQ","INE666E01020",1,0.01,2,,,0,0,,2124935,42.36,51.76,2200,4300,,15420,1,,,
"NSE","CM","NSECM",4668,"BANK OF BARODA","BANKBARODA","BANKBARODA-EQ","EQ","INE028A01039",1,0.05,2,,,0,0,,403365,221.85,271.05,,,4668,1,,,,
"NSE","CM","NSECM",761469,"SHADOWFAX TECHNOLOGIES L","SHADOWFAX","SHADOWFAX-EQ","EQ","INE12UN01015",1,0.01,2,,,0,0,,466228,171.59,257.37,201,2100,,761469,1,,,
"NSE","CM","NSECM",8506,"NIP IND ETF MIDCAP 150","MID150BEES","MID150BEES-EQ","EQ","INF204KB1V68",1,0.01,2,,,0,0,,426084,187.73,281.59,,,8506,1,,,,
"NSE","CM","NSECM",761916,"VIRTUOSO OPTOELECTRONIC L","VOEPL","VOEPL-EQ","EQ","INE0I0T01010",1,0.05,2,,,0,0,,206563,387.25,580.85,,,761916,1,,,,
"NSE","CM","NSECM",4920,"HINDCON CHEMICALS LIMITED","HINDCON","HINDCON-EQ","EQ","INE642Y01029",1,0.01,2,,,0,0,,1673932,19.49,21.53,2300,,4920,1,,,,
"NSE","CM","NSECM",7929,"ZYDUS LIFESCIENCES LTD","ZYDUSLIFE","ZYDUSLIFE-EQ","EQ","INE010B01027",1,0.1,2,,,0,0,,89553,997.9,1219.5,,"Final Dividend - Rs. - 1.0000","24 Jul 2026",7929,1,,,
"NSE","CM","NSECM",2319,"NCC LIMITED","NCC","NCC-EQ","EQ","INE868B01028",1,0.01,2,,,0,0,,728928,109.68,164.5,,"Dividend - Rs. - 2.2000","14 Aug 2026",2319,1,,,
"NSE","CM","NSECM",760599,"DSPAMC - NEXT50ADD","NEXT50ADD","NEXT50ADD-EQ","EQ","INF740KA1XU7",1,0.01,2,,,0,0,,39958,57.68,86.52,,,760599,1,,,,
"NSE","CM","NSECM",15229,"LICNAMC - LICNFNHGP","LICNFNHGP","LICNFNHGP-EQ","EQ","INF767K01PC8",1,0.01,2,,,0,0,,366210,218.45,327.67,,,15229,1,,,,
"NSE","CM","NSECM",17613,"DSPAMC - DSPSENXETF","SENSEXADD","SENSEXADD-EQ","EQ","INF740KA1SZ6",1,0.01,2,,,0,0,,16597,62.97,94.45,,,17613,1,,,,
"NSE","CM","NSECM",29025,"INDO FARM EQUIPMENT LTD","INDOFARM","INDOFARM-EQ","EQ","INE622H01018",1,0.01,2,,,0,0,,656768,121.8,182.7,,,29025,1,,,,
"NSE","CM","NSECM",11860,"JK PAPER LIMITED","JKPAPER","JKPAPER-EQ","EQ","INE789E01012",1,0.05,2,,,0,0,,248949,321.2,481.7,,,11860,1,,,,
"NSE","CM","NSECM",24715,"AKUMS DRUGS AND PHARMA L","AKUMS","AKUMS-EQ","EQ","INE09XN01023",1,0.05,2,,,0,0,,145431,618.6,756,,,24715,1,,,,
"NSE","CM","NSECM",13491,"JK LAKSHMI CEMENT LTD","JKLAKSHMI","JKLAKSHMI-EQ","EQ","INE786A01032",1,0.05,2,,,0,0,,174670,458,687,,,13491,1,,,,
"NSE","CM","NSECM",13580,"RADIANT CASH MGMT SER LTD","RADIANTCMS","RADIANTCMS-EQ","EQ","INE855R01021",1,0.01,2,,,0,0,,2707818,29.55,44.31,,,13580,1,,,,
"NSE","CM","NSECM",10588,"SHRE PUSH CHEM & FERT LTD","SHREEPUSHK","SHREEPUSHK-EQ","EQ","INE712K01011",1,0.05,2,,,0,0,,258474,309.5,464.2,,,10588,1,,,,
"NSE","CM","NSECM",15356,"DSPAMC - DSPGOLD","GOLDADD","GOLDADD-EQ","EQ","INF740KA1SW3",1,0.01,2,,,0,0,,716797,111.6,167.38,,,15356,1,,,,
"NSE","CM","NSECM",18284,"NIP IND ETF HANGSENG BEES","HNGSNGBEES","HNGSNGBEES-EQ","EQ","INF204KB19I1",1,0.01,2,,,0,0,,217279,368.19,552.27,,,18284,1,,,,
"NSE","CM","NSECM",14858,"KOTAK GOLD ETF","GOLD1","GOLD1-EQ","EQ","INF174KA1HJ8",1,0.01,2,,,0,0,,834327,95.86,143.78,,,14858,1,,,,
"NSE","CM","NSECM",10557,"NAVKAR CORPORATION LTD.","NAVKARCORP","NAVKARCORP-EQ","EQ","INE278M01019",1,0.01,2,,,0,0,,978825,81.72,122.58,,,10557,1,,,,
"NSE","CM","NSECM",27097,"NIVA BUPA HEALTH INS CO L","NIVABUPA","NIVABUPA-EQ","EQ","INE995S01015",1,0.01,2,,,0,0,,1152999,69.32,103.96,2100,,27097,1,,,,
"NSE","CM","NSECM",2866,"RASHTRIYA CHEMICALS & FER","RCF","RCF-EQ","EQ","INE027A01015",1,0.01,2,,,0,0,,804911,99.38,149.06,,,2866,1,,,,
"NSE","CM","NSECM",12092,"KAYNES TECHNOLOGY IND LTD","KAYNES","KAYNES-EQ","EQ","INE918Z01012",1,0.1,2,,,0,0,,31438,2858.6,3493.8,2100,4300,,12092,1,,,
"NSE","CM","NSECM",29872,"GROWWAMC - GROWWN200","GROWWN200","GROWWN200-EQ","EQ","INF666M01JV1",1,0.01,2,,,0,0,,496103,8.96,13.44,,,29872,1,,,,
"NSE","CM","NSECM",12009,"IND MOTOR PART & ACC LTD","IMPAL","IMPAL-EQ","EQ","INE547E01014",1,0.1,2,,,0,0,,92925,860.9,1291.3,,,12009,1,,,,
"NSE","CM","NSECM",4136,"BIOFIL CHEM & PHARMA LTD","BIOFILCHEM","BIOFILCHEM-EQ","EQ","INE829A01014",1,0.01,2,,,0,0,,532152,25.66,38.48,2300,,4136,1,,,,
"NSE","CM","NSECM",30392,"ICICI PRUD NIFTY 100 ETF","NIF100IETF","NIF100IETF-EQ","EQ","INF109KC16V9",1,0.01,2,,,0,0,,1865768,22.25,33.37,,,30392,1,,,,
"NSE","CM","NSECM",17105,"SUMITOMO CHEM INDIA LTD","SUMICHEM","SUMICHEM-EQ","EQ","INE258G01013",1,0.05,2,,,0,0,,191670,416.4,624.5,,,17105,1,,,,
"NSE","CM","NSECM",11580,"WESTLIFE FOODWORLD LTD","WESTLIFE","WESTLIFE-EQ","EQ","INE274F01020",1,0.05,2,,,0,0,,217685,367.35,550.95,2100,"Interim Dividend","07 Aug 2026",11580,1,,,
"NSE","CM","NSECM",1476,"IDBI BANK LIMITED","IDBI","IDBI-EQ","EQ","INE008A01015",1,0.01,2,,,0,0,,1172010,67.95,101.91,,,1476,1,,,,
"NSE","CM","NSECM",10676,"KOTAKMAMC - KOTAKMNC","MNC","MNC-EQ","EQ","INF174KA1JF2",1,0.01,2,,,0,0,,461247,26.7,40.04,,,10676,1,,,,
"NSE","CM","NSECM",3736,"WALCHANDNAGAR INDUSTRIES","WALCHANNAG","WALCHANNAG-EQ","EQ","INE711A01022",1,0.05,2,,,0,0,,421705,189.7,284.5,201,2200,,3736,1,,,
"NSE","CM","NSECM",5957,"BIRLASLAMC - BSLSENETFG","BSLSENETFG","BSLSENETFG-EQ","EQ","INF209KB10E8",1,0.01,2,,,0,0,,1139205,61.56,92.34,,,5957,1,,,,
"NSE","CM","NSECM",6606,"DSPAMC - DSPNEWETF","EQUAL50ADD","EQUAL50ADD-EQ","EQ","INF740KA1QK2",1,0.01,2,,,0,0,,293831,272.26,408.38,,,6606,1,,,,
"NSE","CM","NSECM",3918,"NATCO PHARMA LTD.","NATCOPHARM","NATCOPHARM-EQ","EQ","INE987B01026",1,0.05,2,,,0,0,,108360,737.2,1105.7,,,3918,1,,,,
"NSE","CM","NSECM",31415,"NBCC (INDIA) LIMITED","NBCC","NBCC-EQ","EQ","INE095N01031",1,0.01,2,,,0,0,,1063798,84.46,103.22,,,31415,1,,,,
"NSE","CM","NSECM",25403,"WESTERN CARRIERS (IND) L","WCIL","WCIL-EQ","EQ","INE0CJF01024",1,0.01,2,,,0,0,,1111310,71.99,107.97,,,25403,1,,,,
"NSE","CM","NSECM",760242,"PNGS REVA DIAMOND JEWEL L","PNGSREVA","PNGSREVA-EQ","EQ","INE1RDG01013",1,0.05,2,,,0,0,,246327,324.8,487.1,,,760242,1,,,,
"NSE","CM","NSECM",759130,"A B COTSPIN INDIA LIMITED","ABCOTS","ABCOTS-EQ","EQ","INE08PH01015",1,0.01,2,,,0,0,,499034,160.31,240.45,2300,4100,4300,,759130,1,,
"NSE","CM","NSECM",5373,"DEVYANI INTERNATIONAL LTD","DEVYANI","DEVYANI-EQ","EQ","INE872J01023",1,0.01,2,,,0,0,,890181,89.84,134.76,2200,,5373,1,,,,
"NSE","CM","NSECM",14758,"051NSETEST","051NSETEST","051NSETEST-EQ","EQ","DUMMYSAN009",1,0.05,2,,,0,0,,0,180,220,,,14758,1,,,,
"NSE","CM","NSECM",10940,"DIVI S LABORATORIES LTD","DIVISLAB","DIVISLAB-EQ","EQ","INE361B01024",1,0.5,2,,,0,0,,13537,6524,7973,2100,"Final Dividend - Rs. - 30.0000","24 Jul 2026",10940,1,,,
"NSE","CM","NSECM",8968,"HARIOM PIPE INDUSTRIES L","HARIOMPIPE","HARIOMPIPE-EQ","EQ","INE00EV01017",1,0.05,2,,,0,0,,255200,313.45,470.15,,,8968,1,,,,
"NSE","CM","NSECM",11987,"INDO COUNT INDUSTRIES LTD","ICIL","ICIL-EQ","EQ","INE483B01026",1,0.05,2,,,0,0,,247764,322.8,484.1,2100,3300,3500,3900,,11987,1,
"NSE","CM","NSECM",11427,"NDTV LTD","NDTV","NDTV-EQ","EQ","INE155G01029",1,0.01,2,,,0,0,,1304365,61.33,91.99,1500,2200,,11427,1,,,
"NSE","CM","NSECM",758853,"SG FINSERVE LIMITED","SGFIN","SGFIN-EQ","EQ","INE618R01015",1,0.05,2,,,0,0,,143649,556.85,835.25,3500,4100,,758853,1,,,
"NSE","CM","NSECM",9756,"EMUDHRA LIMITED","EMUDHRA","EMUDHRA-EQ","EQ","INE01QM01018",1,0.05,2,,,0,0,,219367,364.6,546.9,,,9756,1,,,,
"NSE","CM","NSECM",12188,"INOX GREEN ENERGY SER LTD","INOXGREEN","INOXGREEN-EQ","EQ","INE510W01014",1,0.01,2,,,0,0,,521135,153.5,230.24,2100,"Spin Off ","01 Aug 2026",12188,1,,,
"NSE","CM","NSECM",1802,"JYOTI STRUCTURES LTD","JYOTISTRUC","JYOTISTRUC-EQ","EQ","INE197A01024",1,0.01,2,,,0,0,,9114786,8.78,13.16,,,1802,1,,,,
"NSE","CM","NSECM",8596,"MOTHERSON SUMI WRNG IND L","MSUMI","MSUMI-EQ","EQ","INE0FS801015",1,0.01,2,,,0,0,,2486872,32.09,48.13,,,8596,1,,,,
"NSE","CM","NSECM",17438,"OIL INDIA LTD","OIL","OIL-EQ","EQ","INE274J01014",1,0.05,2,,,0,0,,221217,404.8,494.7,,,17438,1,,,,
"NSE","CM","NSECM",25737,"SHANKAR LAL RAMPAL LTD","SRD","SRD-EQ","EQ","INE01NE01012",1,0.01,2,,,0,0,,2091712,30.34,45.5,2300,,25737,1,,,,
"NSE","CM","NSECM",759466,"EDELAMC - ELIQUID","ELIQUID","ELIQUID-EQ","EQ","INF754K01VW2",1,0.01,2,,,0,0,,19599,988.47,1092.51,,,759466,1,,,,
"NSE","CM","NSECM",10726,"INDIAMART INTERMESH LTD","INDIAMART","INDIAMART-EQ","EQ","INE933S01016",1,0.1,2,,,0,0,,56774,1408,2111.8,,,10726,1,,,,
"NSE","CM","NSECM",18652,"ICICI PRU LIFE INS CO LTD","ICICIPRULI","ICICIPRULI-EQ","EQ","INE726G01019",1,0.05,2,,,0,0,,198747,450.5,550.6,,,18652,1,,,,
"NSE","CM","NSECM",7457,"SRI HAVISHA HOSP & INFR L","HAVISHA","HAVISHA-EQ","EQ","INE293B01029",1,0.01,2,,,0,0,,5020619,1.11,1.35,2200,2300,,7457,1,,,
"NSE","CM","NSECM",2481,"ONWARD TECHNOLOGIES LTD","ONWARDTEC","ONWARDTEC-EQ","EQ","INE229A01017",1,0.05,2,,,0,0,,344038,232.55,348.75,,,2481,1,,,,
"NSE","CM","NSECM",583,"CAN FIN HOMES LTD","CANFINHOME","CANFINHOME-EQ","EQ","INE477A01020",1,0.05,2,,,0,0,,122767,651.15,976.65,,,583,1,,,,
"NSE","CM","NSECM",25503,"INDO US BIOTECH LTD","INDOUS","INDOUS-EQ","EQ","INE250Z01010",1,0.01,2,,,0,0,,655699,67.99,101.97,2300,,25503,1,,,,
