Exchange,Segment,ExchSeg,Token,FullName,Symbol,TradingSymbol,Series,ISIN,LotSize,TickSize,PricePrecision,OptionType,Underlying,UnderlyingToken,StrikePrice,Expiry,FreezeQty,Lower Band,Upper Band,SurCodes,Events,ExchangeID,Multiplier,SettlementType
NSE,CM,NSECM,757614,ARISINFRA SOLUTIONS LTD,ARIS,ARIS-EQ,EQ,INE0H9P01028,1,0.01,2,,,0,0.00,,812542,98.45,147.67,,,757614,1,
NSE,CM,NSECM,762583,BILCARE LTD.,BI,BI-EQ,EQ,INE986A01012,1,0.01,2,,,0,0.00,,769928,47.42,71.12,2300,,762583,1,
NSE,CM,NSECM,9342,PRITISH NANDY COMMUNICATI,PNC,PNC-EQ,EQ,INE392B01011,1,0.01,2,,,0,0.00,,473069,17.42,21.28,2200;2300;4300,,9342,1,
NSE,CM,NSECM,8944,RITCO LOGISTICS LIMITED,RITCO,RITCO-EQ,EQ,INE01EG01016,1,0.05,2,,,0,0.00,,336459,237.80,356.60,,,8944,1,
NSE,CM,NSECM,1660,ITC LTD,ITC,ITC-EQ,EQ,INE154A01025,1,0.05,2,,,0,0.00,,350824,255.15,311.75,,,1660,1,
NSE,CM,NSECM,763530,DSPAMC - FMCGADD,FMCGADD,FMCGADD-EQ,EQ,INF740KA1ZA4,1,0.01,2,,,0,0.00,,38783,39.35,59.01,,,763530,1,
NSE,CM,NSECM,2493,ORIENT HOTELS LTD,ORIENTHOT,ORIENTHOT-EQ,EQ,INE750A01020,1,0.01,2,,,0,0.00,,741542,107.88,161.80,,Final Dividend - Rs. - 0.6500;23 Jul 2026,2493,1,
NSE,CM,NSECM,21770,ICICI LOMBARD GIC LIMITED,ICICIGI,ICICIGI-EQ,EQ,INE765G01017,1,0.10,2,,,0,0.00,,59899,1495.70,1827.90,,,21770,1,
NSE,CM,NSECM,19878,ESAF SMALL FINANCE BANK L,ESAFSFB,ESAFSFB-EQ,EQ,INE818W01011,1,0.01,2,,,0,0.00,,2584401,30.96,46.42,2200;3300,,19878,1,
NSE,CM,NSECM,7979,MIRAEAMC - MAMFGETF,MAKEINDIA,MAKEINDIA-EQ,EQ,INF769K01IB1,1,0.01,2,,,0,0.00,,508328,129.56,194.34,,,7979,1,
NSE,CM,NSECM,23804,ADITYBIRLA SL GOLD ETF-GR,BSLGOLDETF,BSLGOLDETF-EQ,EQ,INF209KB18D3,1,0.01,2,,,0,0.00,,791898,101.02,151.52,,,23804,1,
NSE,CM,NSECM,1134,APOLLO MICRO SYSTEMS LTD,APOLLO,APOLLO-EQ,EQ,INE713T01028,1,0.05,2,,,0,0.00,,253328,315.45,473.15,201;2100,,1134,1,
NSE,CM,NSECM,9553,PRUDENT CORP ADV SER LTD,PRUDENT,PRUDENT-EQ,EQ,INE00F201020,1,0.10,2,,,0,0.00,,34946,2287.20,3430.60,2100,,9553,1,
NSE,CM,NSECM,9408,RAINBOW CHILDRENS MED LTD,RAINBOW,RAINBOW-EQ,EQ,INE961O01016,1,0.10,2,,,0,0.00,,68551,1166.30,1749.30,2100,Final Dividend - Rs. - 3.5000;21 Jul 2026,9408,1,
NSE,CM,NSECM,1720,JAYSHREE TEA & INDUSTRIES,JAYSREETEA,JAYSREETEA-EQ,EQ,INE364A01020,1,0.01,2,,,0,0.00,,944292,64.55,96.81,2200,,1720,1,
NSE,CM,NSECM,21726,MATRIMONY.COM LIMITED,MATRIMONY,MATRIMONY-EQ,EQ,INE866R01028,1,0.05,2,,,0,0.00,,234704,340.85,511.25,,Final Dividend - Rs. - 5.0000;05 Aug 2026,21726,1,
NSE,CM,NSECM,18543,DIAMOND POWER INFRA LTD,DIACABS,DIACABS-EQ,EQ,INE989C01038,1,0.01,2,,,0,0.00,,338314,280.40,309.90,2100;2600;2700;3900,,18543,1,
NSE,CM,NSECM,2614,HERANBA INDUSTRIES LTD,HERANBA,HERANBA-EQ,EQ,INE694N01015,1,0.01,2,,,0,0.00,,571551,139.97,209.95,2200;4300,,2614,1,
NSE,CM,NSECM,236,ASIAN PAINTS LIMITED,ASIANPAINT,ASIANPAINT-EQ,EQ,INE021A01026,1,0.10,2,,,0,0.00,,37407,2374.20,2901.60,2100,,236,1,
NSE,CM,NSECM,759012,GANESH CONSUMER PRODUCT L,GANESHCP,GANESHCP-EQ,EQ,INE652V01016,1,0.01,2,,,0,0.00,,581905,137.48,206.20,,,759012,1,
NSE,CM,NSECM,762568,BATLIBOI LTD.,BATLIBOI,BATLIBOI-EQ,EQ,INE177C01022,1,0.01,2,,,0,0.00,,1177416,67.95,101.91,,Final Dividend - Rs. - 0.6000;31 Jul 2026,762568,1,
NSE,CM,NSECM,30155,AXISAMC-VALUEAXIS,VALUEAXIS,VALUEAXIS-EQ,EQ,INF846KA1119,1,0.01,2,,,0,0.00,,338408,26.05,39.07,,,30155,1,
NSE,CM,NSECM,25851,ICICIPRAMC - VAL30IETF,VAL30IETF,VAL30IETF-EQ,EQ,INF109KC16X5,1,0.01,2,,,0,0.00,,1037464,12.24,18.34,,,25851,1,
NSE,CM,NSECM,17419,MIRAEAMC - BANKETF,BANKETF,BANKETF-EQ,EQ,INF769K01KR3,1,0.01,2,,,0,0.00,,173423,461.29,691.93,,,17419,1,
NSE,CM,NSECM,12842,G1NSETEST,G1NSETEST,G1NSETEST-EQ,EQ,DUMMYSAN002,1,0.05,2,,,0,0.00,,0,156.00,234.00,,,12842,1,
NSE,CM,NSECM,18220,KIRLOSKAR ELECTRIC CO LTD,KECL,KECL-EQ,EQ,INE134B01017,1,0.01,2,,,0,0.00,,800952,112.37,137.33,2100,,18220,1,
NSE,CM,NSECM,30455,SPECTRUM ELECTRIC IND LTD,SPECTRUM,SPECTRUM-EQ,EQ,INE01EO01010,1,0.10,2,,,0,0.00,,43824,1825.30,2737.90,201;2100,,30455,1,
NSE,CM,NSECM,762767,MADHAV INFRA PROJECTS L,MADHAVIPL,MADHAVIPL-EQ,EQ,INE631R01026,1,0.01,2,,,0,0.00,,8815316,6.28,9.42,,,762767,1,
NSE,CM,NSECM,762548,ASHIKA GLOBAL SEC LTD,ASHIKAG,ASHIKAG-EQ,EQ,INE094B01013,1,0.05,2,,,0,0.00,,250458,319.40,479.10,,,762548,1,
NSE,CM,NSECM,10723,ICICIPRAMC - ICICIINFRA,INFRAIETF,INFRAIETF-EQ,EQ,INF109KC16E5,1,0.01,2,,,0,0.00,,1048404,76.31,114.45,,,10723,1,
NSE,CM,NSECM,759374,MOTILALAMC - MOENERGY,MOENERGY,MOENERGY-EQ,EQ,INF247L01GH7,1,0.01,2,,,0,0.00,,580750,31.31,46.95,,,759374,1,
NSE,CM,NSECM,11423,DATAMATICS GLOBAL SER LTD,DATAMATICS,DATAMATICS-EQ,EQ,INE365B01017,1,0.05,2,,,0,0.00,,121699,657.20,985.80,,,11423,1,
NSE,CM,NSECM,14778,131NSETEST,131NSETEST,131NSETEST-EQ,EQ,DUMMYSAN017,1,0.05,2,,,0,0.00,,0,180.00,220.00,,,14778,1,
NSE,CM,NSECM,23693,INDEGENE LIMITED,INDGN,INDGN-EQ,EQ,INE065X01017,1,0.05,2,,,0,0.00,,202882,394.15,591.15,,Final Dividend - Rs. - 2.2500;31 Jul 2026,23693,1,
NSE,CM,NSECM,28046,ONE MOBIKWIK SYSTEMS LTD,MOBIKWIK,MOBIKWIK-EQ,EQ,INE0HLU01028,1,0.01,2,,,0,0.00,,497416,160.82,241.22,2200,,28046,1,
NSE,CM,NSECM,13496,PRIME FOCUS LIMITED,PFOCUS,PFOCUS-EQ,EQ,INE367G01038,1,0.01,2,,,0,0.00,,345314,231.44,347.14,2100;3200;4300,,13496,1,
NSE,CM,NSECM,17957,MMTC LIMITED,MMTC,MMTC-EQ,EQ,INE123F01029,1,0.01,2,,,0,0.00,,1624498,49.22,73.82,,,17957,1,
NSE,CM,NSECM,12026,SHREE RENUKA SUGARS LTD,RENUKA,RENUKA-EQ,EQ,INE087H01022,1,0.01,2,,,0,0.00,,4497497,17.79,26.67,2200,,12026,1,
NSE,CM,NSECM,8003,BIRLASLAMC - SILVER,SILVER,SILVER-EQ,EQ,INF209KB19F6,1,0.01,2,,,0,0.00,,453204,176.50,264.74,,,8003,1,
NSE,CM,NSECM,13211,JAGRAN PRAKASHAN LIMITED,JAGRAN,JAGRAN-EQ,EQ,INE199G01027,1,0.01,2,,,0,0.00,,1591051,50.28,75.42,,,13211,1,
NSE,CM,NSECM,15179,ECLERX SERVICES LTD,ECLERX,ECLERX-EQ,EQ,INE738I01010,1,0.10,2,,,0,0.00,,53701,1489.20,2233.80,501,,15179,1,
NSE,CM,NSECM,5528,KOTHARI PRODUCTS LTD,KOTHARIPRO,KOTHARIPRO-EQ,EQ,INE823A01017,1,0.01,2,,,0,0.00,,1468854,54.47,81.69,2100;2300,,5528,1,
NSE,CM,NSECM,20760,R.P.P INFRA PROJECTS LTD,RPPINFRA,RPPINFRA-EQ,EQ,INE324L01013,1,0.01,2,,,0,0.00,,1621458,49.20,73.80,4200;4300,,20760,1,
NSE,CM,NSECM,11532,ULTRATECH CEMENT LIMITED,ULTRACEMCO,ULTRACEMCO-EQ,EQ,INE481G01011,1,1.00,2,,,0,0.00,,8250,10662.00,13030.00,,Final Dividend - Rs. - 240.0000;30 Jul 2026,11532,1,
NSE,CM,NSECM,17616,DSPAMC - DSPPSBKETF,PSUBANKADD,PSUBANKADD-EQ,EQ,INF740KA1SY9,1,0.01,2,,,0,0.00,,1191158,67.16,100.74,,,17616,1,
NSE,CM,NSECM,21828,TEXMACO RAIL & ENG. LTD.,TEXRAIL,TEXRAIL-EQ,EQ,INE621L01012,1,0.01,2,,,0,0.00,,908120,88.07,132.09,,,21828,1,
NSE,CM,NSECM,1145,GUJ IND POW CO. LTD,GIPCL,GIPCL-EQ,EQ,INE162A01010,1,0.01,2,,,0,0.00,,635918,125.79,188.67,,,1145,1,
NSE,CM,NSECM,28662,DAM CAPITAL ADVISORS LTD,DAMCAPITAL,DAMCAPITAL-EQ,EQ,INE284H01025,1,0.01,2,,,0,0.00,,633345,126.31,189.45,,,28662,1,
NSE,CM,NSECM,758165,GROWWAMC - GROWWPOWER,GROWWPOWER,GROWWPOWER-EQ,EQ,INF666M01LM6,1,0.01,2,,,0,0.00,,7320043,9.37,14.05,,,758165,1,
NSE,CM,NSECM,19126,KIOCL LIMITED,KIOCL,KIOCL-EQ,EQ,INE880L01014,1,0.05,2,,,0,0.00,,286249,279.00,418.50,2100,,19126,1,
NSE,CM,NSECM,757167,MOTILALAMC - MONEXT50,MONEXT50,MONEXT50-EQ,EQ,INF247L01FD8,1,0.01,2,,,0,0.00,,116737,57.32,85.98,,,757167,1,
NSE,CM,NSECM,2514,OSWAL AGRO MILLS LTD,OSWALAGRO,OSWALAGRO-EQ,EQ,INE142A01012,1,0.01,2,,,0,0.00,,2672344,33.68,41.16,2100;2300;4300,,2514,1,
NSE,CM,NSECM,19585,BSE LIMITED,BSE,BSE-EQ,EQ,INE118H01025,1,0.10,2,,,0,0.00,,28143,3194.80,3904.60,2100,,19585,1,
NSE,CM,NSECM,3321,SPML INFRA LIMITED,SPMLINFRA,SPMLINFRA-EQ,EQ,INE937A01023,1,0.01,2,,,0,0.00,,501482,159.52,239.26,,,3321,1,
NSE,CM,NSECM,19597,IRM ENERGY LIMITED,IRMENERGY,IRMENERGY-EQ,EQ,INE07U701015,1,0.05,2,,,0,0.00,,392816,229.10,280.00,201,,19597,1,
NSE,CM,NSECM,10768,ORIENTAL AROMATICS LTD,OAL,OAL-EQ,EQ,INE959C01023,1,0.05,2,,,0,0.00,,268083,298.40,447.60,2100,Final Dividend - Rs. - 0.5000;05 Aug 2026,10768,1,
NSE,CM,NSECM,393,GLOBE ENTERPRISE (I) LTD,GLOBE,GLOBE-EQ,EQ,INE581X01021,1,0.01,2,,,0,0.00,,14728693,1.72,2.56,,,393,1,
NSE,CM,NSECM,9253,NILA INFRASTRUCTURES LTD,NILAINFRA,NILAINFRA-EQ,EQ,INE937C01029,1,0.01,2,,,0,0.00,,12880175,5.86,8.78,,,9253,1,
NSE,CM,NSECM,5407,CARTRADE TECH LIMITED,CARTRADE,CARTRADE-EQ,EQ,INE290S01011,1,0.10,2,,,0,0.00,,37601,2125.20,3187.60,2100;3300;3900,,5407,1,
NSE,CM,NSECM,11377,BANK OF MAHARASHTRA,MAHABANK,MAHABANK-EQ,EQ,INE457A01014,1,0.01,2,,,0,0.00,,1230647,64.83,97.23,,,11377,1,
NSE,CM,NSECM,18151,TVS SUPPLY CHAIN SOL L,TVSSCS,TVSSCS-EQ,EQ,INE395N01027,1,0.01,2,,,0,0.00,,750887,119.82,146.44,2100,,18151,1,
NSE,CM,NSECM,3048,SHIPPING CORP OF INDIA LT,SCI,SCI-EQ,EQ,INE109A01011,1,0.05,2,,,0,0.00,,363322,220.10,330.10,,,3048,1,
NSE,CM,NSECM,9219,TPL PLASTECH LIMITED,TPLPLASTEH,TPLPLASTEH-EQ,EQ,INE413G01022,1,0.01,2,,,0,0.00,,1300387,61.52,92.28,,,9219,1,
NSE,CM,NSECM,18214,TEXMO PIPE & PRODUCTS LTD,TEXMOPIPES,TEXMOPIPES-EQ,EQ,INE141K01013,1,0.01,2,,,0,0.00,,954675,34.44,51.64,,,18214,1,
NSE,CM,NSECM,758145,SRI LOTUS DEVLPRS N RTY L,LOTUSDEV,LOTUSDEV-EQ,EQ,INE0V9Q01010,1,0.01,2,,,0,0.00,,554211,171.38,189.40,2600;2900,,758145,1,
NSE,CM,NSECM,20293,TATA TECHNOLOGIES LIMITED,TATATECH,TATATECH-EQ,EQ,INE142M01025,1,0.05,2,,,0,0.00,,140492,568.80,853.20,2100,,20293,1,
NSE,CM,NSECM,760183,CLEAN MAX ENVIRO EN SOL L,CLEANMAX,CLEANMAX-EQ,EQ,INE647U01026,1,0.10,2,,,0,0.00,,68634,1165.60,1748.20,2100;4100,,760183,1,
NSE,CM,NSECM,29087,QUADRANT FUTURE TEK LTD,QUADFUTURE,QUADFUTURE-EQ,EQ,INE0LRY01011,1,0.05,2,,,0,0.00,,276958,288.85,433.25,2200,,29087,1,
NSE,CM,NSECM,762757,KWALITY PHARMACEUTICALS L,KPL,KPL-EQ,EQ,INE552U01010,1,0.10,2,,,0,0.00,,35942,2225.40,3338.00,3300;3900,,762757,1,
NSE,CM,NSECM,21423,MOTILAL OS MIDCAP100 ETF,MOM100,MOM100-EQ,EQ,INF247L01023,1,0.01,2,,,0,0.00,,1502959,53.23,79.83,,,21423,1,
NSE,CM,NSECM,12603,PRECISION CAMSHAFTS LTD.,PRECAM,PRECAM-EQ,EQ,INE484I01029,1,0.01,2,,,0,0.00,,721226,110.92,166.38,4300,Final Dividend - Rs. - 1.0000;23 Jul 2026,12603,1,
NSE,CM,NSECM,14101,PTL ENTERPRISES LTD,PTL,PTL-EQ,EQ,INE034D01049,1,0.01,2,,,0,0.00,,2547064,31.41,47.11,,,14101,1,
NSE,CM,NSECM,24366,SBIAMC - SBISILVER,SBISILVER,SBISILVER-EQ,EQ,INF200KB1217,1,0.01,2,,,0,0.00,,461727,173.24,259.86,,,24366,1,
NSE,CM,NSECM,12490,VINNY OVERSEAS LIMITED,VINNY,VINNY-EQ,EQ,INE01KI01027,1,0.01,2,,,0,0.00,,15213563,0.86,1.28,2100,,12490,1,
NSE,CM,NSECM,3481,THOMAS COOK (INDIA) LTD,THOMASCOOK,THOMASCOOK-EQ,EQ,INE332A01027,1,0.01,2,,,0,0.00,,1021665,78.28,117.42,,Final Dividend - Rs. - 0.5000;27 Aug 2026,3481,1,
NSE,CM,NSECM,763784,ALLCARGO GLOBAL LIMITED,AGL,AGL-EQ,EQ,INE1YPB01014,1,0.01,2,,,0,0.00,,7948740,11.33,13.83,3700;3900,,763784,1,
NSE,CM,NSECM,19943,DEEPAK NITRITE LTD,DEEPAKNTR,DEEPAKNTR-EQ,EQ,INE288B01029,1,0.10,2,,,0,0.00,,60830,1313.70,1970.50,,Final Dividend - Rs. - 7.5000;27 Jul 2026,19943,1,
NSE,CM,NSECM,758558,KALPATARU LIMITED,KALPATARU,KALPATARU-EQ,EQ,INE227J01012,1,0.05,2,,,0,0.00,,375380,239.75,292.95,2100,,758558,1,
NSE,CM,NSECM,19205,HEADS UP VENTURES LIMITED,HEADSUP,HEADSUP-EQ,EQ,INE759V01019,1,0.01,2,,,0,0.00,,722100,5.69,8.53,2200;2300,,19205,1,
NSE,CM,NSECM,2616,SEAMEC LIMITED,SEAMECLTD,SEAMECLTD-EQ,EQ,INE497B01018,1,0.10,2,,,0,0.00,,71595,1117.10,1675.50,,,2616,1,
NSE,CM,NSECM,6125,GOODLUCK INDIA LIMITED,GOODLUCK,GOODLUCK-EQ,EQ,INE127I01024,1,0.10,2,,,0,0.00,,66143,1209.30,1813.90,,,6125,1,
NSE,CM,NSECM,764121,RIR POWER ELECTRONICS L,RIR,RIR-EQ,EQ,INE302D01024,1,0.01,2,,,0,0.00,,634827,126.01,189.01,,,764121,1,
NSE,CM,NSECM,2306,BEST AGROLIFE LIMITED,BESTAGRO,BESTAGRO-EQ,EQ,INE052T01021,1,0.01,2,,,0,0.00,,6596172,12.13,18.19,2100;4300,,2306,1,
NSE,CM,NSECM,18143,JIO FIN SERVICES LTD,JIOFIN,JIOFIN-EQ,EQ,INE758E01017,1,0.01,2,,,0,0.00,,422600,211.24,258.18,2100,,18143,1,
NSE,CM,NSECM,2492,SILGO RETAIL LIMITED,SILGO,SILGO-EQ,EQ,INE01II01013,1,0.01,2,,,0,0.00,,1284789,59.25,88.87,2100;2300,,2492,1,
NSE,CM,NSECM,1879,CARYSIL LIMITED,CARYSIL,CARYSIL-EQ,EQ,INE482D01024,1,0.10,2,,,0,0.00,,88825,900.60,1350.80,,,1879,1,
NSE,CM,NSECM,758952,EDELAMC - ELM250,ELM250,ELM250-EQ,EQ,INF754K01VV4,1,0.01,2,,,0,0.00,,3127349,13.12,19.66,,,758952,1,
NSE,CM,NSECM,1267,GUJARAT ALKALIES & CHEM,GUJALKALI,GUJALKALI-EQ,EQ,INE186A01019,1,0.05,2,,,0,0.00,,148138,607.35,742.25,2100,,1267,1,
NSE,CM,NSECM,16658,SIGMA SOLVE LIMITED,SIGMA,SIGMA-EQ,EQ,INE0A0S01028,1,0.01,2,,,0,0.00,,2626721,30.46,45.68,,,16658,1,
NSE,CM,NSECM,13404,SUN TV NETWORK LIMITED,SUNTV,SUNTV-EQ,EQ,INE424H01027,1,0.05,2,,,0,0.00,,205317,389.55,584.25,,,13404,1,
NSE,CM,NSECM,1030,AARON INDUSTRIES LIMITED,AARON,AARON-EQ,EQ,INE721Z01010,1,0.01,2,,,0,0.00,,684948,108.20,162.30,,,1030,1,
NSE,CM,NSECM,24861,ICICIPRAMC - METALIETF,METALIETF,METALIETF-EQ,EQ,INF109KC19W1,1,0.01,2,,,0,0.00,,7967773,10.04,15.06,,,24861,1,
NSE,CM,NSECM,16807,LOTUS EYE HOSP & INST L,LOTUSEYE,LOTUSEYE-EQ,EQ,INE947I01017,1,0.01,2,,,0,0.00,,680038,95.25,142.87,201;2100,,16807,1,
NSE,CM,NSECM,14657,INSECTICIDES (I) LTD,INSECTICID,INSECTICID-EQ,EQ,INE070I01018,1,0.05,2,,,0,0.00,,162306,492.90,739.30,,,14657,1,
NSE,CM,NSECM,759311,CANARA ROBECO AMC LIMITED,CRAMC,CRAMC-EQ,EQ,INE218I01013,1,0.01,2,,,0,0.00,,384675,207.96,311.94,,,759311,1,
NSE,CM,NSECM,7227,C.E. INFO SYSTEMS LIMITED,MAPMYINDIA,MAPMYINDIA-EQ,EQ,INE0BV301023,1,0.05,2,,,0,0.00,,89478,893.70,1340.50,3200;4300,Final Dividend - Rs. - 3.5000;04 Aug 2026,7227,1,
NSE,CM,NSECM,1565,RAVINDER HEIGHTS LIMITED,RVHL,RVHL-EQ,EQ,INE09E501017,1,0.01,2,,,0,0.00,,2005350,36.70,55.04,2300;4300,,1565,1,
NSE,CM,NSECM,4105,SIL INVESTMENTS LIMITED,SILINV,SILINV-EQ,EQ,INE923A01015,1,0.05,2,,,0,0.00,,240991,332.00,497.90,2300,Dividend - Rs. - 2.5000;24 Jul 2026,4105,1,
NSE,CM,NSECM,759381,MONEYBOXX FINANCE LIMITED,MONEYBOXX,MONEYBOXX-EQ,EQ,INE296Q01012,1,0.01,2,,,0,0.00,,1667461,47.98,71.96,2100;2300,,759381,1,
NSE,CM,NSECM,11287,UPL LIMITED,UPL,UPL-EQ,EQ,INE628A01036,1,0.05,2,,,0,0.00,,165456,542.25,662.65,,,11287,1,
NSE,CM,NSECM,17758,SARDA ENERGY & MIN LTD,SARDAEN,SARDAEN-EQ,EQ,INE385C01021,1,0.05,2,,,0,0.00,,199094,401.80,602.70,,,17758,1,
NSE,CM,NSECM,764173,SBI FUNDS MANAGEMENT LTD,SBIFUNDS,SBIFUNDS-EQ,EQ,INE640G01020,1,0.05,2,,,0,0.00,,169055,528.60,646.00,,,764173,1,
NSE,CM,NSECM,9678,SOUTH WEST PINNACLE LTD,SOUTHWEST,SOUTHWEST-EQ,EQ,INE980Y01015,1,0.01,2,,,0,0.00,,427940,186.94,280.40,,,9678,1,
NSE,CM,NSECM,2107,STOVE KRAFT LIMITED,STOVEKRAFT,STOVEKRAFT-EQ,EQ,INE00IN01015,1,0.05,2,,,0,0.00,,129283,618.75,928.05,2100,,2107,1,
NSE,CM,NSECM,750518,VEDANTA POWER LIMITED,VEDPOWER,VEDPOWER-EQ,EQ,INE694L01019,1,0.01,2,,,0,0.00,,2854582,28.01,42.01,2200,,750518,1,
NSE,CM,NSECM,13656,ALICON CASTALLOY LIMITED,ALICON,ALICON-EQ,EQ,INE062D01024,1,0.05,2,,,0,0.00,,157142,509.10,763.60,,,13656,1,
NSE,CM,NSECM,24823,MANGAL CREDIT N FINCORP L,MANCREDIT,MANCREDIT-EQ,EQ,INE545L01039,1,0.01,2,,,0,0.00,,465034,172.03,258.03,,,24823,1,
NSE,CM,NSECM,3721,TATA COMMUNICATIONS LTD,TATACOMM,TATACOMM-EQ,EQ,INE151A01013,1,0.10,2,,,0,0.00,,56143,1420.30,2130.30,2100,,3721,1,
NSE,CM,NSECM,14667,K M SUGAR MILLS LTD,KMSUGAR,KMSUGAR-EQ,EQ,INE157H01023,1,0.01,2,,,0,0.00,,3008404,22.13,33.19,,,14667,1,
NSE,CM,NSECM,7965,MALLCOM (INDIA) LIMITED,MALLCOM,MALLCOM-EQ,EQ,INE389C01015,1,0.10,2,,,0,0.00,,96250,831.20,1246.60,2300,,7965,1,
NSE,CM,NSECM,19931,ORISSA MIN DEV CO LTD,ORISSAMINE,ORISSAMINE-EQ,EQ,INE725E01024,1,0.10,2,,,0,0.00,,26686,2997.60,4496.40,2100,,19931,1,
NSE,CM,NSECM,761511,MIRAEAMC - VALUE,VALUE,VALUE-EQ,EQ,INF769K01QV2,1,0.01,2,,,0,0.00,,277374,12.80,19.18,,,761511,1,
NSE,CM,NSECM,13637,JM FINANCIAL LIMITED,JMFINANCIL,JMFINANCIL-EQ,EQ,INE780C01023,1,0.01,2,,,0,0.00,,818734,97.64,146.46,,,13637,1,
NSE,CM,NSECM,759969,PAUSHAK LIMITED,PAUSHAKLTD,PAUSHAKLTD-EQ,EQ,INE111F01024,1,0.05,2,,,0,0.00,,177775,450.00,674.90,,Final Dividend - Rs. - 2.5000;23 Jul 2026,759969,1,
NSE,CM,NSECM,23864,AWFIS SPACE SOLUTIONS LTD,AWFIS,AWFIS-EQ,EQ,INE108V01019,1,0.05,2,,,0,0.00,,367833,217.50,326.20,4300,,23864,1,
NSE,CM,NSECM,1185,AMBER ENTERPRISES (I) LTD,AMBER,AMBER-EQ,EQ,INE371P01015,1,0.50,2,,,0,0.00,,13753,6535.50,7987.50,2100,,1185,1,
NSE,CM,NSECM,12022,AURIONPRO SOLN LTD,AURIONPRO,AURIONPRO-EQ,EQ,INE132H01018,1,0.05,2,,,0,0.00,,121132,660.40,990.50,,,12022,1,
NSE,CM,NSECM,5633,J & K BANK LTD.,J&KBANK,J&KBANK-EQ,EQ,INE168A01041,1,0.01,2,,,0,0.00,,579220,138.06,207.08,4100,,5633,1,
NSE,CM,NSECM,2018,LUMAX INDUSTRIES LTD,LUMAXIND,LUMAXIND-EQ,EQ,INE162B01018,1,0.50,2,,,0,0.00,,19442,4114.00,6170.00,,Final Dividend - Rs. - 55.0000;06 Aug 2026,2018,1,
NSE,CM,NSECM,756871,SIEMENS ENERGY INDIA LTD,ENRIN,ENRIN-EQ,EQ,INE1NPP01017,1,0.10,2,,,0,0.00,,30625,2592.20,3888.20,2100,,756871,1,
NSE,CM,NSECM,18268,AEROFLEX INDUSTRIES LTD,AEROFLEX,AEROFLEX-EQ,EQ,INE024001021,1,0.05,2,,,0,0.00,,237532,378.80,462.90,201;2100,,18268,1,
NSE,CM,NSECM,10346,DIGICONTENT LIMITED,DGCONTENT,DGCONTENT-EQ,EQ,INE03JI01017,1,0.01,2,,,0,0.00,,1902716,19.28,28.92,1500;2100;2300,,10346,1,
NSE,CM,NSECM,762834,PAUL MERCHANTS LTD.,PML,PML-EQ,EQ,INE291E01019,1,0.05,2,,,0,0.00,,100845,388.50,582.70,2300,,762834,1,
NSE,CM,NSECM,136,ANDHRA SUGARS LTD,ANDHRSUGAR,ANDHRSUGAR-EQ,EQ,INE715B01021,1,0.01,2,,,0,0.00,,1158284,69.07,103.59,,,136,1,
NSE,CM,NSECM,762961,ULTRAMARINE & PIGMENTS L,ULTRAMAR,ULTRAMAR-EQ,EQ,INE405A01021,1,0.05,2,,,0,0.00,,263499,303.60,455.40,,,762961,1,
NSE,CM,NSECM,764050,GYFTR LIMITED,GYFTR,GYFTR-EQ,EQ,INE724A01017,1,0.01,2,,,0,0.00,,668845,119.61,179.41,2300,,764050,1,
NSE,CM,NSECM,5049,CLEAN SCIENCE & TECH LTD,CLEAN,CLEAN-EQ,EQ,INE227W01023,1,0.05,2,,,0,0.00,,138591,576.80,865.20,,,5049,1,
NSE,CM,NSECM,25340,VASWANI IND LTD,VASWANI,VASWANI-EQ,EQ,INE590L01019,1,0.01,2,,,0,0.00,,1077338,42.02,63.02,2300,,25340,1,
NSE,CM,NSECM,20296,SHAH METACORP LIMITED,SHAH,SHAH-EQ,EQ,INE482J01021,1,0.01,2,,,0,0.00,,22882546,3.50,5.24,,,20296,1,
NSE,CM,NSECM,4235,WENDT (INDIA) LIMITED,WENDT,WENDT-EQ,EQ,INE274C01019,1,0.50,2,,,0,0.00,,12382,6460.00,9689.00,2100,,4235,1,
NSE,CM,NSECM,10794,CANARA BANK,CANBK,CANBK-EQ,EQ,INE476A01022,1,0.01,2,,,0,0.00,,789145,113.09,138.21,,,10794,1,
NSE,CM,NSECM,13976,TANLA PLATFORMS LIMITED,TANLA,TANLA-EQ,EQ,INE483C01032,1,0.05,2,,,0,0.00,,166699,479.80,719.70,,,13976,1,
NSE,CM,NSECM,18321,LG BALAKRISHNAN & BROS,LGBBROSLTD,LGBBROSLTD-EQ,EQ,INE337A01034,1,0.10,2,,,0,0.00,,64900,1232.40,1848.40,,Final Dividend - Rs. - 22.0000;19 Aug 2026,18321,1,
NSE,CM,NSECM,2988,SANDESH LTD,SANDESH,SANDESH-EQ,EQ,INE583B01015,1,0.05,2,,,0,0.00,,102140,783.20,1174.80,2300,,2988,1,
NSE,CM,NSECM,31507,JIND POL INV & FIN CO LTD,JPOLYINVST,JPOLYINVST-EQ,EQ,INE147P01019,1,0.10,2,,,0,0.00,,97171,823.30,1234.90,,,31507,1,
NSE,CM,NSECM,742,COSMO FIRST LIMITED,COSMOFIRST,COSMOFIRST-EQ,EQ,INE757A01017,1,0.05,2,,,0,0.00,,113502,704.80,1057.20,,Final Dividend - Rs. - 4.0000;22 Jul 2026,742,1,
NSE,CM,NSECM,759251,EPACK PREFAB TECHN LTD,EPACKPEB,EPACKPEB-EQ,EQ,INE0MLS01022,1,0.01,2,,,0,0.00,,396879,201.54,302.30,4100;4300,,759251,1,
NSE,CM,NSECM,17307,AJMERA REALTY & INF I LTD,AJMERA,AJMERA-EQ,EQ,INE298G01035,1,0.01,2,,,0,0.00,,815716,98.06,147.08,,,17307,1,
NSE,CM,NSECM,760213,LG ELECTRONICS INDIA LTD,LGEINDIA,LGEINDIA-EQ,EQ,INE324D01010,1,0.10,2,,,0,0.00,,65161,1374.50,1679.90,2100,,760213,1,
NSE,CM,NSECM,759477,CANARA HSBC LIFE INS CO L,CANHLIFE,CANHLIFE-EQ,EQ,INE01TY01017,1,0.01,2,,,0,0.00,,678298,117.85,176.77,2100,,759477,1,
NSE,CM,NSECM,17881,D.B.CORP LTD,DBCORP,DBCORP-EQ,EQ,INE950I01011,1,0.01,2,,,0,0.00,,478969,167.00,250.50,,Interim Dividend - Rs. - 5.0000;23 Jul 2026,17881,1,
NSE,CM,NSECM,24231,OM INFRA LIMITED,OMINFRAL,OMINFRAL-EQ,EQ,INE239D01028,1,0.01,2,,,0,0.00,,1148036,69.68,104.52,,,24231,1,
NSE,CM,NSECM,11452,CCL PRODUCTS (I) LTD,CCL,CCL-EQ,EQ,INE421D01022,1,0.10,2,,,0,0.00,,84388,946.90,1420.30,,,11452,1,
NSE,CM,NSECM,17351,SALONA COTSPIN LTD.,SALONA,SALONA-EQ,EQ,INE498E01010,1,0.05,2,,,0,0.00,,172079,199.05,298.55,2100;2300,,17351,1,
NSE,CM,NSECM,14769,091NSETEST,091NSETEST,091NSETEST-EQ,EQ,DUMMYSAN013,1,0.05,2,,,0,0.00,,0,180.00,220.00,,,14769,1,
NSE,CM,NSECM,5194,ANTARCTICA LTD,ANTGRAPHIC,ANTGRAPHIC-EQ,EQ,INE414B01021,1,0.01,2,,,0,0.00,,5068812,0.60,0.90,,,5194,1,
NSE,CM,NSECM,14982,CENTUM ELECTRONICS LTD,CENTUM,CENTUM-EQ,EQ,INE320B01020,1,0.10,2,,,0,0.00,,27819,2875.10,4312.50,2100,Final Dividend - Rs. - 5.0000;31 Jul 2026,14982,1,
NSE,CM,NSECM,30189,CURA TECHNOLOGIES LIMITED,CURAA,CURAA-EQ,EQ,INE117B01020,1,0.01,2,,,0,0.00,,323728,64.24,78.50,100;2200;2300,,30189,1,
NSE,CM,NSECM,760726,BHARAT COKING COAL LTD,BHARATCOAL,BHARATCOAL-EQ,EQ,INE05XR01022,1,0.01,2,,,0,0.00,,2854739,28.00,41.98,2100,,760726,1,
NSE,CM,NSECM,14592,FORTIS HEALTHCARE LTD,FORTIS,FORTIS-EQ,EQ,INE061F01013,1,0.05,2,,,0,0.00,,104938,853.85,1043.55,2100,Final Dividend - Rs. - 1.0000;24 Jul 2026,14592,1,
NSE,CM,NSECM,757443,MOTILALAMC - MOTOUR,MOTOUR,MOTOUR-EQ,EQ,INF247L01FP2,1,0.01,2,,,0,0.00,,89923,61.68,92.52,,,757443,1,
NSE,CM,NSECM,10871,GRM OVERSEAS LIMITED,GRMOVER,GRMOVER-EQ,EQ,INE192H01020,1,0.01,2,,,0,0.00,,1108572,81.18,99.22,3900;4100,,10871,1,
NSE,CM,NSECM,7145,ANAND RATHI WEALTH LTD,ANANDRATHI,ANANDRATHI-EQ,EQ,INE463V01026,1,0.10,2,,,0,0.00,,48815,1633.70,2450.50,2100,,7145,1,
NSE,CM,NSECM,22347,MACPOWER CNC MACHINES LTD,MACPOWER,MACPOWER-EQ,EQ,INE155Z01011,1,0.10,2,,,0,0.00,,74369,1075.60,1613.40,501,,22347,1,
NSE,CM,NSECM,7553,NRB BEARING LIMITED,NRBBEARING,NRBBEARING-EQ,EQ,INE349A01021,1,0.05,2,,,0,0.00,,251416,318.15,477.15,1001,,7553,1,
NSE,CM,NSECM,15228,UJJIVAN SMALL FINANC BANK,UJJIVANSFB,UJJIVANSFB-EQ,EQ,INE551W01018,1,0.01,2,,,0,0.00,,1412254,56.58,84.86,,,15228,1,
NSE,CM,NSECM,16719,ALMONDZ GLOBAL SEC LTD,ALMONDZ,ALMONDZ-EQ,EQ,INE326B01035,1,0.01,2,,,0,0.00,,5719221,10.29,15.43,2300,,16719,1,
NSE,CM,NSECM,4525,DYNAMATIC TECHNOLOGIES,DYNAMATECH,DYNAMATECH-EQ,EQ,INE221B01012,1,1.00,2,,,0,0.00,,9554,8367.00,12549.00,2100,,4525,1,
NSE,CM,NSECM,9046,AGRO PHOS INDIA LIMITED,AGROPHOS,AGROPHOS-EQ,EQ,INE740V01019,1,0.01,2,,,0,0.00,,662962,23.24,34.84,2300,,9046,1,
NSE,CM,NSECM,758300,GROWWAMC - GROWWLOVOL,GROWWLOVOL,GROWWLOVOL-EQ,EQ,INF666M01LB9,1,0.01,2,,,0,0.00,,126704,8.35,12.51,,,758300,1,
NSE,CM,NSECM,25984,ADITYA VISION LIMITED,AVL,AVL-EQ,EQ,INE679V01027,1,0.05,2,,,0,0.00,,163616,488.85,733.25,2100,,25984,1,
NSE,CM,NSECM,8833,BRIGHTCOM GROUP LIMITED,BCG,BCG-EQ,EQ,INE425B01027,1,0.01,2,,,0,0.00,,10636465,7.52,11.28,,,8833,1,
NSE,CM,NSECM,757658,FISCHER MEDICAL VENTURE L,FISCHER,FISCHER-EQ,EQ,INE771F01041,1,0.01,2,,,0,0.00,,2635565,34.15,41.73,2100;4000;4200;4300,,757658,1,
NSE,CM,NSECM,2029,INDIAN RAILWAY FIN CORP L,IRFC,IRFC-EQ,EQ,INE053F01010,1,0.01,2,,,0,0.00,,1136959,78.86,96.38,,,2029,1,
NSE,CM,NSECM,15244,KAVVERI DFS & WIR TEC LTD,KAVDEFENCE,KAVDEFENCE-EQ,EQ,INE641C01019,1,0.01,2,,,0,0.00,,1752500,51.36,62.76,2100;4200;4300,,15244,1,
NSE,CM,NSECM,19061,MANAPPURAM FINANCE LTD,MANAPPURAM,MANAPPURAM-EQ,EQ,INE522D01027,1,0.05,2,,,0,0.00,,282739,317.70,388.20,,,19061,1,
NSE,CM,NSECM,10990,RADICO KHAITAN LTD,RADICO,RADICO-EQ,EQ,INE944F01028,1,0.10,2,,,0,0.00,,24374,3682.20,4500.40,2100,Final Dividend - Rs. - 9.0000;24 Jul 2026,10990,1,
NSE,CM,NSECM,15002,SUPREME INFRA. LTD.,SUPREMEINF,SUPREMEINF-EQ,EQ,INE550H01011,1,0.01,2,,,0,0.00,,1211665,66.03,99.03,,,15002,1,
NSE,CM,NSECM,11271,DREDGING CORP OF INDIA,DREDGECORP,DREDGECORP-EQ,EQ,INE506A01018,1,0.10,2,,,0,0.00,,99650,802.70,1203.90,2100,,11271,1,
NSE,CM,NSECM,21551,HALEOS LABS LIMITED,HALEOSLABS,HALEOSLABS-EQ,EQ,INE320X01016,1,0.10,2,,,0,0.00,,64999,1230.80,1846.00,2300,,21551,1,
NSE,CM,NSECM,764183,BFAM - BANK10BETF,BANK10BETF,BANK10BETF-EQ,EQ,INF0QA701CI0,1,0.01,2,,,0,0.00,,383749,16.58,24.86,,,764183,1,
NSE,CM,NSECM,762700,GRAVISS HOSPITALITY LTD.,GRAVISSHO,GRAVISSHO-EQ,EQ,INE214F01026,1,0.01,2,,,0,0.00,,2305974,24.44,36.66,2300,,762700,1,
NSE,CM,NSECM,18292,INVESCO INDIA GOLD ETF,IVZINGOLD,IVZINGOLD-EQ,EQ,INF205KA1BP1,1,0.05,2,,,0,0.00,,800912,99.90,149.80,,,18292,1,
NSE,CM,NSECM,20642,JINDAL WORLDWIDE LTD,JINDWORLD,JINDWORLD-EQ,EQ,INE247D01039,1,0.01,2,,,0,0.00,,2642857,30.27,45.39,2100;2900;3300;4100,,20642,1,
NSE,CM,NSECM,3693,GAYATRI HIGHWAYS LIMITED,GAYAHWS,GAYAHWS-EQ,EQ,INE287Z01012,1,0.01,2,,,0,0.00,,7836616,1.70,2.06,100;1600,,3693,1,
NSE,CM,NSECM,17357,GKW LIMITED,GKWLIMITED,GKWLIMITED-EQ,EQ,INE528A01020,1,0.10,2,,,0,0.00,,60946,1312.60,1968.80,2200;2300,,17357,1,
NSE,CM,NSECM,19097,SILLY MONKS ENTERTAIN LTD,SILLYMONKS,SILLYMONKS-EQ,EQ,INE203Y01012,1,0.01,2,,,0,0.00,,407468,12.64,18.94,2200;2300,,19097,1,
NSE,CM,NSECM,25482,TIJARIA POLYPIPES LTD,TIJARIA,TIJARIA-EQ,EQ,INE440L01017,1,0.01,2,,,0,0.00,,936088,4.18,5.10,100;1500;2200;2300,,25482,1,
NSE,CM,NSECM,3703,VIP INDUSTRIES LTD,VIPIND,VIPIND-EQ,EQ,INE054A01027,1,0.05,2,,,0,0.00,,338508,236.35,354.45,2200,,3703,1,
NSE,CM,NSECM,811,DCM SHRIRAM LIMITED,DCMSHRIRAM,DCMSHRIRAM-EQ,EQ,INE499A01024,1,0.10,2,,,0,0.00,,99334,804.70,1206.90,,Final Dividend - Rs. - 4.0000;31 Jul 2026,811,1,
NSE,CM,NSECM,13776,THE GE SHPG.LTD,GESHIP,GESHIP-EQ,EQ,INE017A01032,1,0.10,2,,,0,0.00,,69526,1150.40,1725.40,,,13776,1,
NSE,CM,NSECM,9683,KPIT TECHNOLOGIES LIMITED,KPITTECH,KPITTECH-EQ,EQ,INE04I401011,1,0.05,2,,,0,0.00,,171338,524.90,641.50,4100,,9683,1,
NSE,CM,NSECM,1415,GLOBAL EDUCATION LIMITED,GLOBAL,GLOBAL-EQ,EQ,INE291W01037,1,0.01,2,,,0,0.00,,980463,81.60,122.38,,,1415,1,
NSE,CM,NSECM,7048,HESTER BIOSCIENCES LTD,HESTERBIO,HESTERBIO-EQ,EQ,INE782E01017,1,0.10,2,,,0,0.00,,42235,1894.00,2840.80,3300;3900;4100,,7048,1,
NSE,CM,NSECM,2708,PRAKASH INDUSTRIES LTD,PRAKASH,PRAKASH-EQ,EQ,INE603A01013,1,0.01,2,,,0,0.00,,807837,99.02,148.52,,,2708,1,
NSE,CM,NSECM,3456,TATA MOTORS PASS VEH LTD,TMPV,TMPV-EQ,EQ,INE155A01022,1,0.05,2,,,0,0.00,,305673,291.45,356.15,2200;4300,,3456,1,
NSE,CM,NSECM,1247,GUJ STATE FERT & CHEM LTD,GSFC,GSFC-EQ,EQ,INE026A01025,1,0.01,2,,,0,0.00,,646728,123.65,185.47,,,1247,1,
NSE,CM,NSECM,1442,SANOFI INDIA LIMITED,SANOFI,SANOFI-EQ,EQ,INE058A01010,1,0.10,2,,,0,0.00,,29501,2711.20,4066.60,,,1442,1,
NSE,CM,NSECM,10515,UTIAMC-SENSEXBETA,SENSEXBETA,SENSEXBETA-EQ,EQ,INF789FB1X58,1,0.01,2,,,0,0.00,,118261,676.44,1014.66,,,10515,1,
NSE,CM,NSECM,762533,A C S TECHNOLOGIES LTD.,ACSTECH,ACSTECH-EQ,EQ,INE366C01021,1,0.01,2,,,0,0.00,,1984287,38.78,42.86,,,762533,1,
NSE,CM,NSECM,14174,IZMO LIMITED,IZMO,IZMO-EQ,EQ,INE848A01014,1,0.10,2,,,0,0.00,,90537,1049.30,1159.70,3300;3500;3900,,14174,1,
NSE,CM,NSECM,25049,PREMIER ENERGIES LIMITED,PREMIERENE,PREMIERENE-EQ,EQ,INE0BS701011,1,0.10,2,,,0,0.00,,97845,917.40,1121.20,,,25049,1,
NSE,CM,NSECM,16249,AVENUESAI LIMITED,CCAVENUE,CCAVENUE-EQ,EQ,INE483S01020,1,0.01,2,,,0,0.00,,6118353,13.08,19.60,,,16249,1,
NSE,CM,NSECM,4548,GUJARAT RAFFIA INDUST LTD,GUJRAFFIA,GUJRAFFIA-EQ,EQ,INE610B01024,1,0.01,2,,,0,0.00,,176726,38.54,42.58,2300;4300,,4548,1,
NSE,CM,NSECM,6818,LATENT VIEW ANALYTICS LTD,LATENTVIEW,LATENTVIEW-EQ,EQ,INE0I7C01011,1,0.05,2,,,0,0.00,,337700,236.85,355.25,,,6818,1,
NSE,CM,NSECM,25626,U. Y. FINCORP LIMITED,UYFINCORP,UYFINCORP-EQ,EQ,INE152C01025,1,0.01,2,,,0,0.00,,5384885,14.86,22.28,3200,,25626,1,
NSE,CM,NSECM,2636,NIP IND ETF DIV OPP,DIVOPPBEES,DIVOPPBEES-EQ,EQ,INF204KA1MS3,1,0.01,2,,,0,0.00,,301250,61.33,91.99,,,2636,1,
NSE,CM,NSECM,2043,THE RAMCO CEMENTS LIMITED,RAMCOCEM,RAMCOCEM-EQ,EQ,INE331A01037,1,0.05,2,,,0,0.00,,109166,731.85,1097.75,,Dividend - Rs. - 2.5000;13 Aug 2026,2043,1,
NSE,CM,NSECM,15308,SEPC LIMITED,SEPC,SEPC-EQ,EQ,INE964H01014,1,0.01,2,,,0,0.00,,16638117,4.81,7.21,4100;4300,,15308,1,
NSE,CM,NSECM,10568,RAMA PHOSPHATES LIMITED,RAMAPHO,RAMAPHO-EQ,EQ,INE809A01032,1,0.01,2,,,0,0.00,,762753,104.88,157.32,,Final Dividend - Rs. - 0.2500;31 Jul 2026,10568,1,
NSE,CM,NSECM,13753,MANOMAY TEX INDIA LTD,MANOMAY,MANOMAY-EQ,EQ,INE784W01015,1,0.01,2,,,0,0.00,,493379,162.15,243.21,2300,,13753,1,
NSE,CM,NSECM,759079,DEV ACCELERATOR LIMITED,DEVX,DEVX-EQ,EQ,INE0VOV01021,1,0.01,2,,,0,0.00,,2949130,27.12,40.68,,,759079,1,
NSE,CM,NSECM,9087,PIX TRANSMISSIONS LIMITED,PIXTRANS,PIXTRANS-EQ,EQ,INE751B01018,1,0.10,2,,,0,0.00,,56611,1412.90,2119.30,,,9087,1,
NSE,CM,NSECM,371,BATA INDIA LTD,BATAINDIA,BATAINDIA-EQ,EQ,INE176A01028,1,0.05,2,,,0,0.00,,144849,552.00,827.90,2100,Interim Dividend;19 Aug 2026,371,1,
NSE,CM,NSECM,756900,MOTILALAMC - MON50EQUAL,MON50EQUAL,MON50EQUAL-EQ,EQ,INF247L01FC0,1,0.01,2,,,0,0.00,,1294918,26.44,39.64,,,756900,1,
NSE,CM,NSECM,24159,AKME FINTRADE (INDIA) LTD,AFIL,AFIL-EQ,EQ,INE916Y01027,1,0.01,2,,,0,0.00,,10857371,8.29,10.13,3500;4100;4300,,24159,1,
NSE,CM,NSECM,760193,AONEAMC - AONESILVER,AONESILVER,AONESILVER-EQ,EQ,INF1J2R01171,1,0.01,2,,,0,0.00,,1237395,6.76,10.14,,,760193,1,
NSE,CM,NSECM,3586,MOKSH ORNAMENTS LIMITED,MOKSH,MOKSH-EQ,EQ,INE514Y01020,1,0.01,2,,,0,0.00,,2885740,8.58,12.86,,,3586,1,
NSE,CM,NSECM,20374,COAL INDIA LTD,COALINDIA,COALINDIA-EQ,EQ,INE522F01014,1,0.05,2,,,0,0.00,,228019,384.70,470.10,,,20374,1,
NSE,CM,NSECM,756038,WAAREE RENEWABLE TECH LTD,WAAREERTL,WAAREERTL-EQ,EQ,INE299N01021,1,0.10,2,,,0,0.00,,107266,745.60,1118.40,,,756038,1,
NSE,CM,NSECM,3812,ZEE ENTERTAINMENT ENT LTD,ZEEL,ZEEL-EQ,EQ,INE256A01028,1,0.01,2,,,0,0.00,,948031,84.37,126.55,,,3812,1,
NSE,CM,NSECM,913,EQUITAS SMALL FIN BNK LTD,EQUITASBNK,EQUITASBNK-EQ,EQ,INE063P01018,1,0.01,2,,,0,0.00,,1276392,62.68,94.00,2100,,913,1,
NSE,CM,NSECM,781,DALMIA BHARAT SUG IN LTD,DALMIASUG,DALMIASUG-EQ,EQ,INE495A01022,1,0.05,2,,,0,0.00,,276244,289.60,434.30,,,781,1,
NSE,CM,NSECM,15883,HINDWARE HME INOVATON LTD,HINDWAREAP,HINDWAREAP-EQ,EQ,INE05AN01011,1,0.05,2,,,0,0.00,,471848,169.55,254.25,2200,,15883,1,
NSE,CM,NSECM,15259,RELIANCE POWER LTD.,RPOWER,RPOWER-EQ,EQ,INE614G01033,1,0.01,2,,,0,0.00,,4152313,19.25,28.87,2200;4300,,15259,1,
NSE,CM,NSECM,11275,TV TODAY NETWORK LTD,TVTODAY,TVTODAY-EQ,EQ,INE038F01029,1,0.01,2,,,0,0.00,,858690,93.16,139.74,2100,,11275,1,
NSE,CM,NSECM,11895,DCX SYSTEMS LIMITED,DCXINDIA,DCXINDIA-EQ,EQ,INE0KL801015,1,0.01,2,,,0,0.00,,553366,144.55,216.81,2200,,11895,1,
NSE,CM,NSECM,919,EIH LIMITED,EIHOTEL,EIHOTEL-EQ,EQ,INE230A01023,1,0.05,2,,,0,0.00,,305802,261.15,391.65,,Final Dividend - Rs. - 1.5000;31 Jul 2026,919,1,
NSE,CM,NSECM,20556,INDIA SHELTER FIN CORP L,INDIASHLTR,INDIASHLTR-EQ,EQ,INE922K01024,1,0.05,2,,,0,0.00,,138047,579.15,868.65,,,20556,1,
NSE,CM,NSECM,4684,SONA BLW PRECISION FRGS L,SONACOMS,SONACOMS-EQ,EQ,INE073K01018,1,0.05,2,,,0,0.00,,138711,646.20,789.70,2100,,4684,1,
NSE,CM,NSECM,1008,FACT LTD,FACT,FACT-EQ,EQ,INE188A01015,1,0.05,2,,,0,0.00,,122942,647.45,971.15,2100,,1008,1,
NSE,CM,NSECM,6198,FINEOTEX CHEMICAL LIMITED,FCL,FCL-EQ,EQ,INE045J01034,1,0.01,2,,,0,0.00,,2525801,35.64,43.54,201,,6198,1,
NSE,CM,NSECM,5204,GUJARAT MINERAL DEV CORP,GMDCLTD,GMDCLTD-EQ,EQ,INE131A01031,1,0.05,2,,,0,0.00,,177442,450.05,675.05,,,5204,1,
NSE,CM,NSECM,2998,SUVIDHAA INFOSERVE LTD,SUVIDHAA,SUVIDHAA-EQ,EQ,INE018401013,1,0.01,2,,,0,0.00,,6860677,2.25,2.75,1500;2200,,2998,1,
NSE,CM,NSECM,14894,CENTRAL BANK OF INDIA,CENTRALBK,CENTRALBK-EQ,EQ,INE483A01010,1,0.01,2,,,0,0.00,,3222297,24.83,37.23,,,14894,1,
NSE,CM,NSECM,13868,AARTI PHARMALABS LIMITED,AARTIPHARM,AARTIPHARM-EQ,EQ,INE0LRU01027,1,0.05,2,,,0,0.00,,148405,539.05,808.55,,,13868,1,
NSE,CM,NSECM,20607,INOX INDIA LIMITED,INOXINDIA,INOXINDIA-EQ,EQ,INE616N01034,1,0.10,2,,,0,0.00,,49828,1603.20,2404.80,2100;3500,,20607,1,
NSE,CM,NSECM,14435,JK TYRE & INDUSTRIES LTD,JKTYRE,JKTYRE-EQ,EQ,INE573A01042,1,0.05,2,,,0,0.00,,256000,312.50,468.70,,Dividend - Rs. - 4.0000;30 Jul 2026,14435,1,
NSE,CM,NSECM,10343,RADHIKA JEWELTECH LIMITED,RADHIKAJWE,RADHIKAJWE-EQ,EQ,INE583V01021,1,0.01,2,,,0,0.00,,1571522,50.91,76.35,,,10343,1,
NSE,CM,NSECM,13725,DCB BANK LIMITED,DCBBANK,DCBBANK-EQ,EQ,INE503A01015,1,0.01,2,,,0,0.00,,536902,149.00,223.48,,,13725,1,
NSE,CM,NSECM,29975,AONEAMC - AONETOTAL,AONETOTAL,AONETOTAL-EQ,EQ,INF1J2R01015,1,0.01,2,,,0,0.00,,1194998,9.38,14.06,,,29975,1,
NSE,CM,NSECM,3727,ANMOL INDIA LIMITED,ANMOL,ANMOL-EQ,EQ,INE02AR01019,1,0.01,2,,,0,0.00,,1861091,8.12,12.16,2300,,3727,1,
NSE,CM,NSECM,24014,BOROSIL SCIENTIFIC LTD,BOROSCI,BOROSCI-EQ,EQ,INE02L001032,1,0.01,2,,,0,0.00,,657495,121.68,182.50,,,24014,1,
NSE,CM,NSECM,3237,JTEKT INDIA LIMITED,JTEKTINDIA,JTEKTINDIA-EQ,EQ,INE643A01035,1,0.01,2,,,0,0.00,,759511,105.30,157.94,,,3237,1,
NSE,CM,NSECM,10577,KRBL LIMITED,KRBL,KRBL-EQ,EQ,INE001B01026,1,0.05,2,,,0,0.00,,284966,280.60,420.90,,,10577,1,
NSE,CM,NSECM,11892,VARDHMAN HOLDINGS LIMITED,VHL,VHL-EQ,EQ,INE701A01023,1,0.10,2,,,0,0.00,,28541,2802.70,4203.90,2200;2300,,11892,1,
NSE,CM,NSECM,15061,KOTAK PSU BANK,PSUBANK,PSUBANK-EQ,EQ,INF174KA1A86,1,0.01,2,,,0,0.00,,1202815,66.51,99.75,,,15061,1,
NSE,CM,NSECM,3963,GOCL CORPORATION LIMITED,GOCLCORP,GOCLCORP-EQ,EQ,INE077F01035,1,0.05,2,,,0,0.00,,252124,317.25,475.85,4100,,3963,1,
NSE,CM,NSECM,18417,RISHABH INSTRUMENTS LTD,RISHABH,RISHABH-EQ,EQ,INE0N2P01017,1,0.05,2,,,0,0.00,,160672,497.85,746.75,3500;3600;4100,Final Dividend - Rs. - 2.0000;24 Jul 2026,18417,1,
NSE,CM,NSECM,13735,GLOBAL VEC HELICORP LTD,GLOBALVECT,GLOBALVECT-EQ,EQ,INE792H01019,1,0.01,2,,,0,0.00,,457798,119.16,178.74,2200;2300,,13735,1,
NSE,CM,NSECM,13710,FIEM INDUSTRIES LIMITED,FIEMIND,FIEMIND-EQ,EQ,INE737H01014,1,0.10,2,,,0,0.00,,42873,1865.60,2798.20,,Final Dividend - Rs. - 40.0000;24 Jul 2026,13710,1,
NSE,CM,NSECM,436,IFGL REFRACTORIES LIMITED,IFGLEXPOR,IFGLEXPOR-EQ,EQ,INE133Y01011,1,0.01,2,,,0,0.00,,505846,158.14,237.20,4100;4300,Final Dividend - Rs. - 2.1500;29 Jul 2026,436,1,
NSE,CM,NSECM,1515,THE INDIA CEMENTS LIMITED,INDIACEM,INDIACEM-EQ,EQ,INE383A01012,1,0.05,2,,,0,0.00,,245437,325.60,488.40,2100,,1515,1,
NSE,CM,NSECM,8054,KARNATAKA BANK LIMITED,KTKBANK,KTKBANK-EQ,EQ,INE614B01018,1,0.05,2,,,0,0.00,,357401,223.80,335.60,,,8054,1,
NSE,CM,NSECM,24781,ADITYBIRLA SL NIF ETF-GR,BSLNIFTY,BSLNIFTY-EQ,EQ,INF209KB19D1,1,0.01,2,,,0,0.00,,3576114,22.37,33.55,,,24781,1,
NSE,CM,NSECM,759093,SHRINGAR HOU OF MANGALS L,SHRINGARMS,SHRINGARMS-EQ,EQ,INE1B3L01017,1,0.01,2,,,0,0.00,,455158,175.73,263.59,,,759093,1,
NSE,CM,NSECM,17152,ICICIPRAMC - ICICIM150,MIDCAPIETF,MIDCAPIETF-EQ,EQ,INF109KC11W8,1,0.01,2,,,0,0.00,,4256999,18.80,28.18,,,17152,1,
NSE,CM,NSECM,21252,AXISAMC-NIFTYAXIS,NIFTYAXIS,NIFTYAXIS-EQ,EQ,INF846K01W98,1,0.01,2,,,0,0.00,,378873,211.15,316.71,,,21252,1,
NSE,CM,NSECM,13290,B.L.KASHYAP & SON LTD,BLKASHYAP,BLKASHYAP-EQ,EQ,INE350H01032,1,0.01,2,,,0,0.00,,1832826,43.65,65.47,1201;1600;2100,,13290,1,
NSE,CM,NSECM,17576,DSPAMC - DSPPVBKETF,PVTBANKADD,PVTBANKADD-EQ,EQ,INF740KA1TA7,1,0.01,2,,,0,0.00,,3611264,22.16,33.22,,,17576,1,
NSE,CM,NSECM,29492,ORCHASP LIMITED,ORCHASP,ORCHASP-EQ,EQ,INE215B01022,1,0.01,2,,,0,0.00,,11328108,1.27,1.89,2100;4300,,29492,1,
NSE,CM,NSECM,530,BPL LTD,BPL,BPL-EQ,EQ,INE110A01019,1,0.01,2,,,0,0.00,,1601506,43.03,64.53,201;1600;2200,,530,1,
NSE,CM,NSECM,758986,GRETEX CORPORATE SERVICES,GCSL,GCSL-EQ,EQ,INE199P01028,1,0.05,2,,,0,0.00,,188321,424.80,637.20,3200;3300;4300,,758986,1,
NSE,CM,NSECM,5782,MIRAEAMC - MASPTOP50,MASPTOP50,MASPTOP50-EQ,EQ,INF769K01HP3,1,0.01,2,,,0,0.00,,1536501,52.07,78.09,,,5782,1,
NSE,CM,NSECM,8827,AVRO INDIA LIMITED,AVROIND,AVROIND-EQ,EQ,INE652Z01025,1,0.01,2,,,0,0.00,,4387403,7.06,10.58,,,8827,1,
NSE,CM,NSECM,7406,GLENMARK PHARMACEUTICALS,GLENMARK,GLENMARK-EQ,EQ,INE935A01035,1,0.10,2,,,0,0.00,,45433,1972.80,2411.20,,,7406,1,
NSE,CM,NSECM,3757,VENKY S (INDIA) LIMITED,VENKEYS,VENKEYS-EQ,EQ,INE398A01010,1,0.10,2,,,0,0.00,,66434,1204.20,1806.20,,,3757,1,
NSE,CM,NSECM,8124,AJANTA PHARMA LIMITED,AJANTPHARM,AJANTPHARM-EQ,EQ,INE031B01049,1,0.10,2,,,0,0.00,,29608,2695.60,4043.40,,Interim Dividend;05 Aug 2026,8124,1,
NSE,CM,NSECM,203,ASHAPURA MINECHEM LTD,ASHAPURMIN,ASHAPURMIN-EQ,EQ,INE348A01023,1,0.05,2,,,0,0.00,,143383,557.65,836.45,,,203,1,
NSE,CM,NSECM,762864,R R I L LTD.,RRIL,RRIL-EQ,EQ,INE951M01037,1,0.01,2,,,0,0.00,,3963706,13.31,19.95,2300,,762864,1,
NSE,CM,NSECM,13648,TALBROS AUTO. COMP. LTD,TALBROAUTO,TALBROAUTO-EQ,EQ,INE187D01029,1,0.05,2,,,0,0.00,,255244,313.40,470.10,,,13648,1,
NSE,CM,NSECM,761153,SEDEMAC MECHATRONICS LTD,SEDEMAC,SEDEMAC-EQ,EQ,INE00XB01019,1,0.10,2,,,0,0.00,,37182,2151.40,3227.00,2100;3300;3500;4100,,761153,1,
NSE,CM,NSECM,759569,ORKLA INDIA LIMITED,ORKLAINDIA,ORKLAINDIA-EQ,EQ,INE16NZ01023,1,0.05,2,,,0,0.00,,179591,445.40,668.10,,,759569,1,
NSE,CM,NSECM,8529,GMR POW AND URBAN INFRA L,GMRP&UI,GMRP&UI-EQ,EQ,INE0CU601026,1,0.01,2,,,0,0.00,,1024693,78.08,117.10,,,8529,1,
NSE,CM,NSECM,11596,LINCOLN PHARMA LTD,LINCOLN,LINCOLN-EQ,EQ,INE405C01035,1,0.05,2,,,0,0.00,,172394,464.00,696.00,,,11596,1,
NSE,CM,NSECM,25844,HYUNDAI MOTOR INDIA LTD,HYUNDAI,HYUNDAI-EQ,EQ,INE0V6F01027,1,0.10,2,,,0,0.00,,51189,1757.40,2147.80,,,25844,1,
NSE,CM,NSECM,761066,BIRLASLAMC - ABSLMSCIN,ABSLMSCIN,ABSLMSCIN-EQ,EQ,INF209KC1662,1,0.01,2,,,0,0.00,,123411,23.36,35.04,,,761066,1,
NSE,CM,NSECM,25725,MIRAEAMC - BANKPSU,BANKPSU,BANKPSU-EQ,EQ,INF769K01LZ4,1,0.01,2,,,0,0.00,,193787,67.00,100.48,,,25725,1,
NSE,CM,NSECM,13001,DHARMAJ CROP GUARD LTD,DHARMAJ,DHARMAJ-EQ,EQ,INE00OQ01016,1,0.05,2,,,0,0.00,,383192,208.80,313.10,,,13001,1,
NSE,CM,NSECM,762854,QUINT DIGITAL LTD.,QUINT,QUINT-EQ,EQ,INE641R01017,1,0.01,2,,,0,0.00,,1543700,30.92,46.36,2300,,762854,1,
NSE,CM,NSECM,20453,ANJANI PORTLAND CEM LTD,APCL,APCL-EQ,EQ,INE071F01012,1,0.01,2,,,0,0.00,,960553,82.38,123.56,2200;2300,,20453,1,
NSE,CM,NSECM,8159,FIBERWEB INDIA LIMITED,FIBERWEB,FIBERWEB-EQ,EQ,INE296C01020,1,0.01,2,,,0,0.00,,941487,28.91,31.95,2300,,8159,1,
NSE,CM,NSECM,1053,UFLEX LIMITED,UFLEX,UFLEX-EQ,EQ,INE516A01017,1,0.05,2,,,0,0.00,,208979,382.80,574.20,,,1053,1,
NSE,CM,NSECM,3001,ICICIPRAMC - ICICI500,BSE500IETF,BSE500IETF-EQ,EQ,INF109KC1V59,1,0.01,2,,,0,0.00,,2575965,31.06,46.58,,,3001,1,
NSE,CM,NSECM,14086,I G PETROCHEMICALS LTD,IGPL,IGPL-EQ,EQ,INE204A01010,1,0.05,2,,,0,0.00,,221444,361.25,541.85,2100,Final Dividend - Rs. - 5.0000;30 Jul 2026,14086,1,
NSE,CM,NSECM,2283,MRPL,MRPL,MRPL-EQ,EQ,INE103A01014,1,0.01,2,,,0,0.00,,588872,135.80,203.70,,,2283,1,
NSE,CM,NSECM,2716,BTRFLY GANDHI APPL LTD,BUTTERFLY,BUTTERFLY-EQ,EQ,INE295F01017,1,0.05,2,,,0,0.00,,131234,609.55,914.25,,,2716,1,
NSE,CM,NSECM,23043,R K SWAMY LIMITED,RKSWAMY,RKSWAMY-EQ,EQ,INE0NQ801033,1,0.01,2,,,0,0.00,,986475,81.10,121.64,,Final Dividend - Rs. - 2.0000;31 Jul 2026,23043,1,
NSE,CM,NSECM,25718,POLY MEDICURE LIMITED,POLYMED,POLYMED-EQ,EQ,INE205C01021,1,0.10,2,,,0,0.00,,60003,1331.20,1996.80,2100,,25718,1,
NSE,CM,NSECM,11394,ZOTA HEALTH CARE LIMITED,ZOTA,ZOTA-EQ,EQ,INE358U01012,1,0.10,2,,,0,0.00,,79446,1006.80,1510.00,1500;2200,,11394,1,
NSE,CM,NSECM,11226,B.A.G FILMS AND MEDIA LTD,BAGFILMS,BAGFILMS-EQ,EQ,INE116D01028,1,0.01,2,,,0,0.00,,6786810,3.64,5.44,,,11226,1,
NSE,CM,NSECM,11193,AXISAMC-SILVERAXIS,SILVERAXIS,SILVERAXIS-EQ,EQ,INF846K011K1,1,0.01,2,,,0,0.00,,455148,175.76,263.62,,,11193,1,
NSE,CM,NSECM,22592,DSPAMC - HEALTHADD,HEALTHADD,HEALTHADD-EQ,EQ,INF740KA1ZG1,1,0.01,2,,,0,0.00,,354095,13.16,19.74,,,22592,1,
NSE,CM,NSECM,2649,PCBL CHEMICAL LIMITED,PCBL,PCBL-EQ,EQ,INE602A01031,1,0.05,2,,,0,0.00,,314375,254.35,381.45,2100,,2649,1,
NSE,CM,NSECM,2168,RAJNANDINI METAL LIMITED,RAJMET,RAJMET-EQ,EQ,INE00KV01022,1,0.01,2,,,0,0.00,,9040894,3.03,3.69,2200,,2168,1,
NSE,CM,NSECM,22423,TOTAL TRANSPORT SYS LTD,TOTAL,TOTAL-EQ,EQ,INE336X01012,1,0.01,2,,,0,0.00,,527351,39.99,59.97,2300,,22423,1,
NSE,CM,NSECM,28805,SANATHAN TEXTILES LIMITED,SANATHAN,SANATHAN-EQ,EQ,INE0JPD01013,1,0.05,2,,,0,0.00,,206957,434.70,531.30,2100,,28805,1,
NSE,CM,NSECM,11798,ALLDIGI TECH LIMITED,ALLDIGI,ALLDIGI-EQ,EQ,INE835G01018,1,0.05,2,,,0,0.00,,121539,658.20,987.30,,Interim Dividend - Rs. - 30.0000;31 Jul 2026,11798,1,
NSE,CM,NSECM,19531,BAJAJ CONSUMER CARE LTD,BAJAJCON,BAJAJCON-EQ,EQ,INE933K01021,1,0.05,2,,,0,0.00,,181819,439.85,659.75,201,,19531,1,
NSE,CM,NSECM,2316,HEIDELBERGCEMENT (I) LTD,HEIDELBERG,HEIDELBERG-EQ,EQ,INE578A01017,1,0.01,2,,,0,0.00,,639274,125.13,187.69,,,2316,1,
NSE,CM,NSECM,11027,INFOBEANS TECHNO. LTD.,INFOBEAN,INFOBEAN-EQ,EQ,INE344S01016,1,0.01,2,,,0,0.00,,635568,125.87,188.79,4100,,11027,1,
NSE,CM,NSECM,3220,LODHA DEVELOPERS LIMITED,LODHA,LODHA-EQ,EQ,INE670K01029,1,0.05,2,,,0,0.00,,86917,1029.70,1258.50,,Final Dividend - Rs. - 4.2500;07 Aug 2026,3220,1,
NSE,CM,NSECM,757850,CRIZAC LIMITED,CRIZAC,CRIZAC-EQ,EQ,INE0S4R01014,1,0.01,2,,,0,0.00,,542094,166.00,202.88,,,757850,1,
NSE,CM,NSECM,27047,MASTER TRUST LIMITED,MASTERTR,MASTERTR-EQ,EQ,INE677D01037,1,0.01,2,,,0,0.00,,1180460,67.77,101.65,4200;4300,,27047,1,
NSE,CM,NSECM,1110,DANGEE DUMS LIMITED,DANGEE,DANGEE-EQ,EQ,INE688Y01022,1,0.01,2,,,0,0.00,,5034981,2.81,3.09,2200;2300,,1110,1,
NSE,CM,NSECM,14305,SHREEOSWAL S AND CHE LTD,OSWALSEEDS,OSWALSEEDS-EQ,EQ,INE00IK01029,1,0.01,2,,,0,0.00,,2991067,8.03,12.03,2300,,14305,1,
NSE,CM,NSECM,760981,AYE FINANCE LIMITED,AYE,AYE-EQ,EQ,INE501X01029,1,0.01,2,,,0,0.00,,581175,137.63,206.43,4100,,760981,1,
NSE,CM,NSECM,15068,RELIGARE ENTER. LTD.,RELIGARE,RELIGARE-EQ,EQ,INE621H01010,1,0.05,2,,,0,0.00,,387483,206.45,309.65,2100,,15068,1,
NSE,CM,NSECM,13251,SAKUMA EXPORTS LIMITED,SAKUMA,SAKUMA-EQ,EQ,INE190H01024,1,0.01,2,,,0,0.00,,51264398,1.56,1.72,4100;4300,,13251,1,
NSE,CM,NSECM,16675,BAJAJ FINSERV LTD.,BAJAJFINSV,BAJAJFINSV-EQ,EQ,INE918I01026,1,0.10,2,,,0,0.00,,52817,1689.10,2064.30,,,16675,1,
NSE,CM,NSECM,17922,GEEKAY WIRES LIMITED,GEEKAYWIRE,GEEKAYWIRE-EQ,EQ,INE669X01032,1,0.01,2,,,0,0.00,,3417802,19.04,28.54,,,17922,1,
NSE,CM,NSECM,23407,DSPAMC - LIQUIDADD,LIQUIDADD,LIQUIDADD-EQ,EQ,INF740KA1UM0,1,0.01,2,,,0,0.00,,87950,1080.07,1193.75,,,23407,1,
NSE,CM,NSECM,11058,SECUREKLOUD TECH LIMITED,SECURKLOUD,SECURKLOUD-EQ,EQ,INE650K01021,1,0.01,2,,,0,0.00,,1092525,15.73,19.21,100;1500;2200;2300,,11058,1,
NSE,CM,NSECM,17833,AHLUWALIA CONT IND LTD,AHLUCONT,AHLUCONT-EQ,EQ,INE758C01029,1,0.05,2,,,0,0.00,,120777,662.20,993.20,,,17833,1,
NSE,CM,NSECM,12978,TATAAML - NPBET,NPBET,NPBET-EQ,EQ,INF277K010X4,1,0.01,2,,,0,0.00,,22359,226.06,339.08,,,12978,1,
NSE,CM,NSECM,30139,ICICIPRAMC - CASHIETF,CASHIETF,CASHIETF-EQ,EQ,INF109K1A021,1,0.01,2,,,0,0.00,,93272,1018.42,1125.62,,,30139,1,
NSE,CM,NSECM,759752,MODIS NAVNIRMAN LTD,MODIS,MODIS-EQ,EQ,INE0L0L01012,1,0.05,2,,,0,0.00,,255017,313.70,470.50,,,759752,1,
NSE,CM,NSECM,22255,NDR AUTO COMPONENTS LTD,NDRAUTO,NDRAUTO-EQ,EQ,INE07OG01012,1,0.05,2,,,0,0.00,,123016,650.20,975.30,,,22255,1,
NSE,CM,NSECM,14096,SIYARAM SILK MILLS LTD,SIYSIL,SIYSIL-EQ,EQ,INE076B01028,1,0.05,2,,,0,0.00,,164057,487.60,731.30,,Final Dividend - Rs. - 5.0000;25 Jul 2026,14096,1,
NSE,CM,NSECM,772,DABUR INDIA LTD,DABUR,DABUR-EQ,EQ,INE016A01026,1,0.05,2,,,0,0.00,,235934,380.90,465.50,,,772,1,
NSE,CM,NSECM,3484,TIL LTD,TIL,TIL-EQ,EQ,INE806C01018,1,0.01,2,,,0,0.00,,473046,169.12,253.66,2200,,3484,1,
NSE,CM,NSECM,18908,PNB HOUSING FIN LTD.,PNBHOUSING,PNBHOUSING-EQ,EQ,INE572E01012,1,0.10,2,,,0,0.00,,94332,952.20,1163.80,,Final Dividend - Rs. - 8.0000;31 Jul 2026,18908,1,
NSE,CM,NSECM,759719,GROWWAMC - GROWWMC150,GROWWMC150,GROWWMC150-EQ,EQ,INF666M01MV5,1,0.01,2,,,0,0.00,,8616,182.04,273.04,,,759719,1,
NSE,CM,NSECM,756090,TURTLEMINT FINTECH SOLS L,TURTLEMINT,TURTLEMINT-EQ,EQ,INE0OC301013,1,0.01,2,,,0,0.00,,768588,104.06,156.08,,,756090,1,
NSE,CM,NSECM,762971,WELSPUN SPECIALTY SOL L,WELSPLSOL,WELSPLSOL-EQ,EQ,INE731F01037,1,0.01,2,,,0,0.00,,1948739,46.17,56.43,,,762971,1,
NSE,CM,NSECM,759842,BETA DRUGS LIMITED,BETA,BETA-EQ,EQ,INE351Y01019,1,0.10,2,,,0,0.00,,43182,1852.50,2778.70,2100;3300;3900;4100,,759842,1,
NSE,CM,NSECM,24385,KARMA ENERGY LIMITED,KARMAENG,KARMAENG-EQ,EQ,INE725L01011,1,0.01,2,,,0,0.00,,378335,34.37,41.99,2300,,24385,1,
NSE,CM,NSECM,29098,DDEV PLASTIKS IND LTD,DDEVPLSTIK,DDEVPLSTIK-EQ,EQ,INE0HR601026,1,0.05,2,,,0,0.00,,362684,220.55,330.75,,,29098,1,
NSE,CM,NSECM,25690,DYNACONS SYS & SOLN LTD,DSSL,DSSL-EQ,EQ,INE417B01040,1,0.10,2,,,0,0.00,,80599,1178.60,1302.60,201,,25690,1,
NSE,CM,NSECM,762797,METROGLOBAL LTD.,METROGLOBL,METROGLOBL-EQ,EQ,INE085D01033,1,0.01,2,,,0,0.00,,403333,103.84,155.74,2300,,762797,1,
NSE,CM,NSECM,6718,SAPPHIRE FOODS INDIA LTD,SAPPHIRE,SAPPHIRE-EQ,EQ,INE806T01020,1,0.01,2,,,0,0.00,,558241,143.30,214.94,2200,,6718,1,
NSE,CM,NSECM,20481,THE WESTERN INDIA PLY LTD,WIPL,WIPL-EQ,EQ,INE215F01023,1,0.01,2,,,0,0.00,,277535,132.05,198.07,2100;2300,,20481,1,
NSE,CM,NSECM,10243,SYNGENE INTERNATIONAL LTD,SYNGENE,SYNGENE-EQ,EQ,INE398R01022,1,0.05,2,,,0,0.00,,245833,325.35,487.95,2100,,10243,1,
NSE,CM,NSECM,910,EICHER MOTORS LTD,EICHERMOT,EICHERMOT-EQ,EQ,INE066A01021,1,0.50,2,,,0,0.00,,12900,6865.50,8390.50,,Final Dividend - Rs. - 82.0000;31 Jul 2026,910,1,
NSE,CM,NSECM,25171,DSPAMC - TOP10ADD,TOP10ADD,TOP10ADD-EQ,EQ,INF740KA1UR9,1,0.01,2,,,0,0.00,,1160157,68.96,103.42,,,25171,1,
NSE,CM,NSECM,16915,ZF COM VE CTR SYS IND LTD,ZFCVINDIA,ZFCVINDIA-EQ,EQ,INE342J01019,1,0.10,2,,,0,0.00,,43017,1856.50,2784.70,2100,,16915,1,
NSE,CM,NSECM,17477,CONTROL PRINT LIMITED,CONTROLPR,CONTROLPR-EQ,EQ,INE663B01015,1,0.05,2,,,0,0.00,,169329,472.45,708.65,,,17477,1,
NSE,CM,NSECM,31163,RHI MAGNESITA INDIA LTD,RHIM,RHIM-EQ,EQ,INE743M01012,1,0.05,2,,,0,0.00,,250485,319.20,478.70,2200,,31163,1,
NSE,CM,NSECM,703,DIC INDIA LIMITED,DICIND,DICIND-EQ,EQ,INE303A01010,1,0.05,2,,,0,0.00,,193234,414.00,621.00,2300,,703,1,
NSE,CM,NSECM,4157,KEYNOTE FIN SERV LTD.,KEYFINSERV,KEYFINSERV-EQ,EQ,INE681C01015,1,0.01,2,,,0,0.00,,182028,203.12,304.66,2300,,4157,1,
NSE,CM,NSECM,759782,TATA MOTORS LIMITED,TMCV,TMCV-EQ,EQ,INE1TAE01010,1,0.05,2,,,0,0.00,,243043,324.95,487.35,2100,,759782,1,
NSE,CM,NSECM,762643,DISA INDIA LTD.,DISAQ,DISAQ-EQ,EQ,INE131C01011,1,1.00,2,,,0,0.00,,8255,9688.00,14532.00,2300,Final Dividend - Rs. - 200.0000;05 Aug 2026,762643,1,
NSE,CM,NSECM,5258,INDUSIND BANK LIMITED,INDUSINDBK,INDUSINDBK-EQ,EQ,INE095A01012,1,0.05,2,,,0,0.00,,99727,896.45,1095.65,2100,,5258,1,
NSE,CM,NSECM,9014,THE ANUP ENGINEERING LTD,ANUP,ANUP-EQ,EQ,INE294Z01018,1,0.10,2,,,0,0.00,,47173,1695.70,2543.50,,,9014,1,
NSE,CM,NSECM,31468,AURUS GEM CORP LIMITED,AURUS,AURUS-EQ,EQ,INE142K01011,1,0.01,2,,,0,0.00,,964125,3.84,5.76,2300,,31468,1,
NSE,CM,NSECM,9378,TRUCAP FINANCE LIMITED,TRU,TRU-EQ,EQ,INE615R01029,1,0.01,2,,,0,0.00,,3886782,4.64,5.12,201;2200,,9378,1,
NSE,CM,NSECM,28687,MAMATA MACHINERY LIMITED,MAMATA,MAMATA-EQ,EQ,INE0TO701015,1,0.05,2,,,0,0.00,,252868,316.40,474.50,,Final Dividend - Rs. - 0.5000;31 Jul 2026,28687,1,
NSE,CM,NSECM,3676,VESUVIUS INDIA LTD,VESUVIUS,VESUVIUS-EQ,EQ,INE386A01023,1,0.05,2,,,0,0.00,,221023,361.85,542.75,,,3676,1,
NSE,CM,NSECM,17270,ASPINWALL & CO LTD,ASPINWALL,ASPINWALL-EQ,EQ,INE991I01015,1,0.01,2,,,0,0.00,,255657,200.32,300.48,2300,,17270,1,
NSE,CM,NSECM,10397,JAIN IRRIGATION SYSTEMS,JISLJALEQS,JISLJALEQS-EQ,EQ,INE175A01038,1,0.01,2,,,0,0.00,,3292207,24.30,36.44,2200,,10397,1,
NSE,CM,NSECM,5501,YUKEN INDIA LIMITED,YUKEN,YUKEN-EQ,EQ,INE384C01016,1,0.05,2,,,0,0.00,,141191,566.60,849.90,2100;2300,,5501,1,
NSE,CM,NSECM,8110,AWL AGRI BUSINESS LIMITED,AWL,AWL-EQ,EQ,INE699H01024,1,0.01,2,,,0,0.00,,530267,150.53,225.79,,,8110,1,
NSE,CM,NSECM,2841,LAXMI ORGANIC INDUS LTD,LXCHEM,LXCHEM-EQ,EQ,INE576O01020,1,0.01,2,,,0,0.00,,548600,145.83,218.73,2100,Final Dividend - Rs. - 0.3000;21 Jul 2026,2841,1,
NSE,CM,NSECM,21339,STEEL EXCHANGE INDIA LTD,STEELXIND,STEELXIND-EQ,EQ,INE503B01021,1,0.01,2,,,0,0.00,,8642911,9.26,13.88,1201,,21339,1,
NSE,CM,NSECM,6913,RAJSHREE POLYPACK LTD,RPPL,RPPL-EQ,EQ,INE760W01023,1,0.01,2,,,0,0.00,,2427777,17.18,25.76,,,6913,1,
NSE,CM,NSECM,759820,PINE LABS LIMITED,PINELABS,PINELABS-EQ,EQ,INE15B701018,1,0.01,2,,,0,0.00,,685519,116.54,174.80,2100,,759820,1,
NSE,CM,NSECM,23512,TARA CHAND INFRA SOLN LTD,TARACHAND,TARACHAND-EQ,EQ,INE555Z01020,1,0.01,2,,,0,0.00,,1818489,44.00,65.98,,,23512,1,
NSE,CM,NSECM,3453,TECIL CHEMICALS,TECILCHEM,TECILCHEM-EQ,EQ,INE014B01011,1,0.01,2,,,0,0.00,,620111,7.97,11.95,100;201;1500;2200;2300,,3453,1,
NSE,CM,NSECM,17722,DEN NETWORKS LTD,DEN,DEN-EQ,EQ,INE947J01015,1,0.01,2,,,0,0.00,,3681780,21.73,32.59,,,17722,1,
NSE,CM,NSECM,24533,ICICIPRAMC - OILIETF,OILIETF,OILIETF-EQ,EQ,INF109KC18W3,1,0.01,2,,,0,0.00,,8782506,9.04,13.54,,,24533,1,
NSE,CM,NSECM,763546,SBIAMC - SBIVALETF,SBIVALETF,SBIVALETF-EQ,EQ,INF200KB1AX1,1,0.01,2,,,0,0.00,,130741,11.88,17.80,,,763546,1,
NSE,CM,NSECM,10793,SYRMA SGS TECHNOLOGY LTD,SYRMA,SYRMA-EQ,EQ,INE0DYJ01015,1,0.10,2,,,0,0.00,,77516,1030.70,1545.90,2100;3500;4100,,10793,1,
NSE,CM,NSECM,20314,N R AGARWAL INDS LTD,NRAIL,NRAIL-EQ,EQ,INE740D01017,1,0.05,2,,,0,0.00,,196467,407.20,610.70,1600;2300,,20314,1,
NSE,CM,NSECM,11817,MANGALAM DRUG & CHEM LTD,MANGALAM,MANGALAM-EQ,EQ,INE584F01014,1,0.01,2,,,0,0.00,,517582,25.86,28.58,2200;4000;4200;4300,,11817,1,
NSE,CM,NSECM,11223,UCO BANK,UCOBANK,UCOBANK-EQ,EQ,INE691A01018,1,0.01,2,,,0,0.00,,3862183,20.71,31.05,,,11223,1,
NSE,CM,NSECM,4487,ALKYL AMINES CHEM. LTD,ALKYLAMINE,ALKYLAMINE-EQ,EQ,INE150B01039,1,0.10,2,,,0,0.00,,55848,1431.60,2147.40,2100,,4487,1,
NSE,CM,NSECM,2085,MAHARASHTRA SCOOTERS LTD,MAHSCOOTER,MAHSCOOTER-EQ,EQ,INE288A01013,1,1.00,2,,,0,0.00,,7884,10138.00,15206.00,,,2085,1,
NSE,CM,NSECM,18827,TARAPUR TRANSFORMERS LTD,TARAPUR,TARAPUR-EQ,EQ,INE747K01017,1,0.01,2,,,0,0.00,,637649,17.26,19.06,100;2200;2300,,18827,1,
NSE,CM,NSECM,11293,UNIPHOS ENTERPRISES LTD,UNIENTER,UNIENTER-EQ,EQ,INE037A01022,1,0.01,2,,,0,0.00,,1017593,78.62,117.92,2300,,11293,1,
NSE,CM,NSECM,11407,XPRO INDIA LIMITED,XPROINDIA,XPROINDIA-EQ,EQ,INE445C01015,1,0.10,2,,,0,0.00,,72123,1109.00,1663.40,2100,,11407,1,
NSE,CM,NSECM,30121,MIRAEAMC - EQUAL200,EQUAL200,EQUAL200-EQ,EQ,INF769K01OA1,1,0.01,2,,,0,0.00,,494293,10.92,16.38,,,30121,1,
NSE,CM,NSECM,1530,INDIAN HUME PIPE CO. LTD.,INDIANHUME,INDIANHUME-EQ,EQ,INE323C01030,1,0.05,2,,,0,0.00,,258245,309.75,464.55,,,1530,1,
NSE,CM,NSECM,20878,CREDO BRANDS MARKETING L,MUFTI,MUFTI-EQ,EQ,INE220Q01020,1,0.01,2,,,0,0.00,,1205931,66.34,99.50,4300,,20878,1,
NSE,CM,NSECM,13106,NAHAR INDS ENT LTD,NAHARINDUS,NAHARINDUS-EQ,EQ,INE289A01011,1,0.01,2,,,0,0.00,,857327,93.32,139.96,2300,,13106,1,
NSE,CM,NSECM,24374,SHRIRAM - LIQUIDSHRI,LIQUIDSHRI,LIQUIDSHRI-EQ,EQ,INF680P01422,1,0.01,2,,,0,0.00,,10983,1058.44,1169.84,,,24374,1,
NSE,CM,NSECM,13101,VIMTA LABS LIMITED,VIMTALABS,VIMTALABS-EQ,EQ,INE579C01029,1,0.05,2,,,0,0.00,,175281,456.40,684.50,,,13101,1,
NSE,CM,NSECM,760224,VIDYA WIRES LIMITED,VIDYAWIRES,VIDYAWIRES-EQ,EQ,INE14UN01029,1,0.01,2,,,0,0.00,,1129395,84.12,92.96,201,,760224,1,
NSE,CM,NSECM,9641,KHANDWALA SECURITIES LTD,KHANDSE,KHANDSE-EQ,EQ,INE060B01014,1,0.01,2,,,0,0.00,,498798,14.27,21.39,201;2200;2300,,9641,1,
NSE,CM,NSECM,14418,ASTRAL LIMITED,ASTRAL,ASTRAL-EQ,EQ,INE006I01046,1,0.10,2,,,0,0.00,,67967,1321.30,1614.90,2100,,14418,1,
NSE,CM,NSECM,3637,JUBILANT PHARMOVA LTD,JUBLPHARMA,JUBLPHARMA-EQ,EQ,INE700A01033,1,0.05,2,,,0,0.00,,103531,772.30,1158.40,,Final Dividend - Rs. - 5.0000;24 Jul 2026,3637,1,
NSE,CM,NSECM,761675,SAI PARENTERALS LIMITED,SAIPARENT,SAIPARENT-EQ,EQ,INE0H9F01037,1,0.05,2,,,0,0.00,,186700,428.50,642.70,2100,,761675,1,
NSE,CM,NSECM,22377,MAX HEALTHCARE INS LTD,MAXHEALTH,MAXHEALTH-EQ,EQ,INE027H01010,1,0.10,2,,,0,0.00,,92457,972.40,1188.40,2100,,22377,1,
NSE,CM,NSECM,13072,IIFL CAPITAL SERVICES LTD,IIFLCAPS,IIFLCAPS-EQ,EQ,INE489L01022,1,0.05,2,,,0,0.00,,293903,272.20,408.20,,,13072,1,
NSE,CM,NSECM,8585,NLC INDIA LIMITED,NLCINDIA,NLCINDIA-EQ,EQ,INE589A01014,1,0.05,2,,,0,0.00,,341111,234.25,351.35,,,8585,1,
NSE,CM,NSECM,1328,MARINE ELECTRICAL (I) LTD,MARINE,MARINE-EQ,EQ,INE01JE01028,1,0.05,2,,,0,0.00,,392403,203.85,305.75,2100,,1328,1,
NSE,CM,NSECM,22428,MAX INDIA LIMITED,MAXIND,MAXIND-EQ,EQ,INE0CG601016,1,0.01,2,,,0,0.00,,549072,145.69,218.53,1500;2200,,22428,1,
NSE,CM,NSECM,757885,ANTHEM BIOSCIENCES LTD,ANTHEM,ANTHEM-EQ,EQ,INE0CZ201020,1,0.05,2,,,0,0.00,,129533,615.95,923.85,2100,,757885,1,
NSE,CM,NSECM,10285,AYM SYNTEX LIMITED,AYMSYNTEX,AYMSYNTEX-EQ,EQ,INE193B01039,1,0.01,2,,,0,0.00,,426416,187.60,281.38,2100,,10285,1,
NSE,CM,NSECM,761386,MARSONS LIMITED,MARSONS,MARSONS-EQ,EQ,INE415B01044,1,0.01,2,,,0,0.00,,909719,87.94,131.90,,,761386,1,
NSE,CM,NSECM,17635,ZYDUS WELLNESS LIMITED,ZYDUSWELL,ZYDUSWELL-EQ,EQ,INE768C01028,1,0.05,2,,,0,0.00,,177532,450.45,675.65,2100,,17635,1,
NSE,CM,NSECM,1200,MIRAEAMC - MAESGETF,ESG,ESG-EQ,EQ,INF769K01GS9,1,0.01,2,,,0,0.00,,789320,32.91,49.35,,,1200,1,
NSE,CM,NSECM,10159,ORICON ENTERPRISES LTD,ORICONENT,ORICONENT-EQ,EQ,INE730A01022,1,0.01,2,,,0,0.00,,1817041,44.03,66.03,,,10159,1,
NSE,CM,NSECM,764198,MIRAEAMC - MOMMIDCAP,MOMMIDCAP,MOMMIDCAP-EQ,EQ,INF769K01RC0,1,0.01,2,,,0,0.00,,187958,9.90,14.84,,,764198,1,
NSE,CM,NSECM,4160,NORBEN TEA & EXPORTS LTD,NORBTEAEXP,NORBTEAEXP-EQ,EQ,INE369C01017,1,0.01,2,,,0,0.00,,508291,64.01,70.73,201;2200;2300,,4160,1,
NSE,CM,NSECM,9385,PNC INFRATECH LTD.,PNCINFRA,PNCINFRA-EQ,EQ,INE195J01029,1,0.01,2,,,0,0.00,,419697,190.57,285.85,,,9385,1,
NSE,CM,NSECM,11872,GRANULES INDIA LIMITED,GRANULES,GRANULES-EQ,EQ,INE101D01020,1,0.05,2,,,0,0.00,,119932,666.85,1000.25,,Final Dividend - Rs. - 1.7500;30 Jul 2026,11872,1,
NSE,CM,NSECM,17534,MAHANAGAR GAS LTD.,MGL,MGL-EQ,EQ,INE002S01010,1,0.10,2,,,0,0.00,,92751,861.60,1292.40,,,17534,1,
NSE,CM,NSECM,760433,KSH INTERNATIONAL LIMITED,KSHINTL,KSHINTL-EQ,EQ,INE987S01020,1,0.05,2,,,0,0.00,,112541,710.80,1066.10,201;2100,,760433,1,
NSE,CM,NSECM,8413,MIRAEAMC - MAM150ETF,MIDCAPETF,MIDCAPETF-EQ,EQ,INF769K01IC9,1,0.01,2,,,0,0.00,,4310116,18.56,27.84,,,8413,1,
NSE,CM,NSECM,27066,SWIGGY LIMITED,SWIGGY,SWIGGY-EQ,EQ,INE00H001014,1,0.01,2,,,0,0.00,,397484,226.28,276.56,2200,,27066,1,
NSE,CM,NSECM,1073,FOSECO INDIA LTD,FOSECOIND,FOSECOIND-EQ,EQ,INE519A01011,1,0.50,2,,,0,0.00,,19806,4038.50,6057.50,,,1073,1,
NSE,CM,NSECM,762762,LAHOTI OVERSEAS LTD.,LAHOTIOV,LAHOTIOV-EQ,EQ,INE515C01023,1,0.01,2,,,0,0.00,,953907,35.16,52.74,2300,,762762,1,
NSE,CM,NSECM,701,HEMISPHERE PROP IND LTD,HEMIPROP,HEMIPROP-EQ,EQ,INE0AJG01018,1,0.01,2,,,0,0.00,,749548,106.70,160.04,1500;2200,,701,1,
NSE,CM,NSECM,14218,CAMBRIDGE TECH ENTER LTD,CTE,CTE-EQ,EQ,INE627H01017,1,0.01,2,,,0,0.00,,641933,28.35,34.65,2100;2300;4300,,14218,1,
NSE,CM,NSECM,20329,CAPRI GLOBAL CAPITAL LTD,CGCL,CGCL-EQ,EQ,INE180C01042,1,0.01,2,,,0,0.00,,419498,190.59,285.87,,,20329,1,
NSE,CM,NSECM,9847,NIP IND ETF ETF NV20,NV20BEES,NV20BEES-EQ,EQ,INF204KB18I3,1,0.01,2,,,0,0.00,,336318,111.04,166.54,,,9847,1,
NSE,CM,NSECM,14480,GOKUL AGRO RESOURCES LTD,GOKULAGRO,GOKULAGRO-EQ,EQ,INE314T01033,1,0.01,2,,,0,0.00,,476268,167.95,251.91,,,14480,1,
NSE,CM,NSECM,1782,KANPUR PLASTIPACK LIMITED,KANPRPLA,KANPRPLA-EQ,EQ,INE694E01014,1,0.01,2,,,0,0.00,,451954,177.00,265.50,,Final Dividend - Rs. - 1.2000;03 Aug 2026,1782,1,
NSE,CM,NSECM,3363,SUPREME INDUSTRIES LTD,SUPREMEIND,SUPREMEIND-EQ,EQ,INE195A01028,1,0.10,2,,,0,0.00,,28834,3113.10,3804.70,2100,,3363,1,
NSE,CM,NSECM,17999,UNITED NILGIRI TEA LTD,UNITEDTEA,UNITEDTEA-EQ,EQ,INE458F01011,1,0.05,2,,,0,0.00,,163386,375.85,563.75,2300,,17999,1,
NSE,CM,NSECM,6066,ADANI TOTAL GAS LIMITED,ATGL,ATGL-EQ,EQ,INE399L01023,1,0.05,2,,,0,0.00,,152872,522.30,783.40,2100,,6066,1,
NSE,CM,NSECM,13143,ICICIPRAMC - ICICI10GS,GSEC10IETF,GSEC10IETF-EQ,EQ,INF109KC18O0,1,0.01,2,,,0,0.00,,379401,250.39,276.73,,,13143,1,
NSE,CM,NSECM,23056,J.G.CHEMICALS LIMITED,JGCHEM,JGCHEM-EQ,EQ,INE0MB501011,1,0.05,2,,,0,0.00,,197849,404.30,606.40,,,23056,1,
NSE,CM,NSECM,761095,SBIAMC - SBIMIDMOM,SBIMIDMOM,SBIMIDMOM-EQ,EQ,INF200KB1AJ0,1,0.01,2,,,0,0.00,,52417,49.24,73.84,,,761095,1,
NSE,CM,NSECM,22656,SIGNPOST INDIA LIMITED,SIGNPOST,SIGNPOST-EQ,EQ,INE0KGZ01021,1,0.05,2,,,0,0.00,,323157,247.55,371.25,,,22656,1,
NSE,CM,NSECM,19211,HINDUSTAN MEDIA VENT LTD,HMVL,HMVL-EQ,EQ,INE871K01015,1,0.01,2,,,0,0.00,,1070593,74.72,112.08,,,19211,1,
NSE,CM,NSECM,14912,KPR MILL LTD.,KPRMILL,KPRMILL-EQ,EQ,INE930H01031,1,0.10,2,,,0,0.00,,93997,849.20,1273.80,,,14912,1,
NSE,CM,NSECM,759428,GROWWAMC - GROWWRLTY,GROWWRLTY,GROWWRLTY-EQ,EQ,INF666M01MN2,1,0.01,2,,,0,0.00,,517018,7.93,11.89,,,759428,1,
NSE,CM,NSECM,10690,BIRLASLAMC - NIFTYQLITY,NIFTYQLITY,NIFTYQLITY-EQ,EQ,INF209KB15K4,1,0.01,2,,,0,0.00,,412222,16.88,25.30,,,10690,1,
NSE,CM,NSECM,10227,MANORAMA INDUSTRIES LTD,MANORAMA,MANORAMA-EQ,EQ,INE00VM01036,1,0.10,2,,,0,0.00,,63051,1268.40,1902.60,,,10227,1,
NSE,CM,NSECM,11647,KOTHARI SUG & CHEM LTD.,KOTARISUG,KOTARISUG-EQ,EQ,INE419A01022,1,0.01,2,,,0,0.00,,2710455,19.56,29.34,,,11647,1,
NSE,CM,NSECM,2406,NEULAND LAB LTD.,NEULANDLAB,NEULANDLAB-EQ,EQ,INE794A01010,1,1.00,2,,,0,0.00,,5387,14837.00,22255.00,2100,Final Dividend - Rs. - 34.0000;24 Jul 2026,2406,1,
NSE,CM,NSECM,592,GRAPHITE INDIA LTD,GRAPHITE,GRAPHITE-EQ,EQ,INE371A01025,1,0.05,2,,,0,0.00,,148484,538.20,807.30,2100,,592,1,
NSE,CM,NSECM,27171,RACL GEARTECH LIMITED,RACLGEAR,RACLGEAR-EQ,EQ,INE704B01017,1,0.10,2,,,0,0.00,,76008,1052.40,1578.60,,,27171,1,
NSE,CM,NSECM,15234,AMBIKA COTTON MILL LTD.,AMBIKCO,AMBIKCO-EQ,EQ,INE540G01014,1,0.10,2,,,0,0.00,,58537,1366.60,2049.80,,,15234,1,
NSE,CM,NSECM,2598,AMJ LAND HOLDINGS LIMITED,AMJLAND,AMJLAND-EQ,EQ,INE606A01024,1,0.01,2,,,0,0.00,,1340698,30.40,45.58,2300,,2598,1,
NSE,CM,NSECM,25584,TRIVENI TURBINE LIMITED,TRITURBINE,TRITURBINE-EQ,EQ,INE152M01016,1,0.05,2,,,0,0.00,,163397,489.45,734.15,2100,,25584,1,
NSE,CM,NSECM,759522,GROWWAMC - GROWWSC250,GROWWSC250,GROWWSC250-EQ,EQ,INF666M01MO0,1,0.01,2,,,0,0.00,,506451,8.15,12.21,,,759522,1,
NSE,CM,NSECM,11573,FORCE MOTORS LIMITED,FORCEMOT,FORCEMOT-EQ,EQ,INE451A01017,1,1.00,2,,,0,0.00,,5668,15858.00,19382.00,,,11573,1,
NSE,CM,NSECM,3411,TATA ELXSI LIMITED,TATAELXSI,TATAELXSI-EQ,EQ,INE670A01012,1,0.10,2,,,0,0.00,,28219,3184.20,3891.80,,,3411,1,
NSE,CM,NSECM,9436,AXISCADES TECH LTD,AXISCADES,AXISCADES-EQ,EQ,INE555B01013,1,0.10,2,,,0,0.00,,62179,1527.60,1688.40,2100;4100,,9436,1,
NSE,CM,NSECM,13175,NITIN SPINNERS LIMITED,NITINSPIN,NITINSPIN-EQ,EQ,INE229H01012,1,0.05,2,,,0,0.00,,186818,428.20,642.20,,,13175,1,
NSE,CM,NSECM,3880,SOMANY CERAMICS LIMITED,SOMANYCERA,SOMANYCERA-EQ,EQ,INE355A01028,1,0.05,2,,,0,0.00,,201289,397.40,596.00,,Final Dividend - Rs. - 2.0000;05 Aug 2026,3880,1,
NSE,CM,NSECM,4010,PVP VENTURES LIMITED,PVP,PVP-EQ,EQ,INE362A01016,1,0.01,2,,,0,0.00,,3661535,21.85,32.77,1500;2200,,4010,1,
NSE,CM,NSECM,762603,BALMER LAWRIE INVSTS. L,BLIL,BLIL-EQ,EQ,INE525F01025,1,0.01,2,,,0,0.00,,1430834,55.91,83.85,,,762603,1,
NSE,CM,NSECM,23621,JNK INDIA LIMITED,JNKINDIA,JNKINDIA-EQ,EQ,INE0OAF01028,1,0.05,2,,,0,0.00,,212344,376.75,565.05,201,,23621,1,
NSE,CM,NSECM,758904,AONEAMC - AONEGOLD,AONEGOLD,AONEGOLD-EQ,EQ,INF1J2R01114,1,0.01,2,,,0,0.00,,2026111,10.74,16.10,,,758904,1,
NSE,CM,NSECM,1403,HINDUSTAN OIL EXPLORATION,HINDOILEXP,HINDOILEXP-EQ,EQ,INE345A01011,1,0.01,2,,,0,0.00,,617019,129.64,194.44,,,1403,1,
NSE,CM,NSECM,4221,VISAKA INDUSTRIES LIMITED,VISAKAIND,VISAKAIND-EQ,EQ,INE392A01021,1,0.01,2,,,0,0.00,,1252263,63.88,95.82,,,4221,1,
NSE,CM,NSECM,18118,THANGAMAYIL JEWELLERY LTD,THANGAMAYL,THANGAMAYL-EQ,EQ,INE085J01014,1,0.50,2,,,0,0.00,,14452,6216.00,7597.00,2100;3200;3300;3900,Final Dividend - Rs. - 18.0000;22 Jul 2026,18118,1,
NSE,CM,NSECM,212,ASHOK LEYLAND LTD,ASHOKLEY,ASHOKLEY-EQ,EQ,INE208A01029,1,0.01,2,,,0,0.00,,657870,135.97,166.17,,,212,1,
NSE,CM,NSECM,758748,MANGAL ELECTRICAL IND L,MEIL,MEIL-EQ,EQ,INE0PKD01011,1,0.05,2,,,0,0.00,,351288,227.75,341.55,4300,,758748,1,
NSE,CM,NSECM,14260,PEARL GLOBAL IND LIMITED,PGIL,PGIL-EQ,EQ,INE940H01022,1,0.10,2,,,0,0.00,,50611,1579.60,2369.40,,,14260,1,
NSE,CM,NSECM,5186,STYLAM INDUSTRIES LIMITED,STYLAMIND,STYLAMIND-EQ,EQ,INE239C01020,1,0.10,2,,,0,0.00,,29251,2733.50,4100.10,3300;3900;4300,,5186,1,
NSE,CM,NSECM,24851,SUYOG TELEMATICS LIMITED,SUYOG,SUYOG-EQ,EQ,INE442P01014,1,0.05,2,,,0,0.00,,117580,680.40,1020.50,,,24851,1,
NSE,CM,NSECM,5265,ALIVUS LIFE SCIENCES LTD,ALIVUS,ALIVUS-EQ,EQ,INE03Q201024,1,0.10,2,,,0,0.00,,90703,881.00,1321.40,,,5265,1,
NSE,CM,NSECM,14753,031NSETEST,031NSETEST,031NSETEST-EQ,EQ,DUMMYSAN007,1,0.05,2,,,0,0.00,,0,180.00,220.00,,,14753,1,
NSE,CM,NSECM,759978,DSPAMC - MSCIADD,MSCIADD,MSCIADD-EQ,EQ,INF740KA1WV7,1,0.01,2,,,0,0.00,,36945,23.38,35.06,,,759978,1,
NSE,CM,NSECM,11184,IDFC FIRST BANK LIMITED,IDFCFIRSTB,IDFCFIRSTB-EQ,EQ,INE092T01019,1,0.01,2,,,0,0.00,,1231690,72.72,88.86,,,11184,1,
NSE,CM,NSECM,14602,WEBSOL ENERGY SYSTEM LTD,WEBELSOLAR,WEBELSOLAR-EQ,EQ,INE855C01023,1,0.01,2,,,0,0.00,,1002048,94.79,104.75,201,,14602,1,
NSE,CM,NSECM,10457,ARVIND SMARTSPACES LTD,ARVSMART,ARVSMART-EQ,EQ,INE034S01021,1,0.05,2,,,0,0.00,,164248,487.05,730.55,,,10457,1,
NSE,CM,NSECM,6973,DMCC SPECIALITY CHEMICALS,DMCC,DMCC-EQ,EQ,INE505A01010,1,0.05,2,,,0,0.00,,366616,218.20,327.30,,,6973,1,
NSE,CM,NSECM,760328,BANDHANAMC - SILVERBND,SILVERBND,SILVERBND-EQ,EQ,INF194KB1KI9,1,0.01,2,,,0,0.00,,17233,177.36,266.02,,,760328,1,
NSE,CM,NSECM,14304,FIRSTSOURCE SOLU. LTD.,FSL,FSL-EQ,EQ,INE684F01012,1,0.01,2,,,0,0.00,,393798,202.87,304.29,,,14304,1,
NSE,CM,NSECM,761330,ARTEMIS ELECTRICALS & P L,AEPL,AEPL-EQ,EQ,INE757T01025,1,0.01,2,,,0,0.00,,6684358,13.47,16.45,2300,,761330,1,
NSE,CM,NSECM,18743,SIGNATUREGLOBAL INDIA LTD,SIGNATURE,SIGNATURE-EQ,EQ,INE903U01023,1,0.05,2,,,0,0.00,,130111,614.70,922.00,,,18743,1,
NSE,CM,NSECM,14937,CIE AUTOMOTIVE INDIA LTD,CIEINDIA,CIEINDIA-EQ,EQ,INE536H01010,1,0.05,2,,,0,0.00,,241652,331.00,496.50,,,14937,1,
NSE,CM,NSECM,10733,SPORTKING INDIA LIMITED,SPORTKING,SPORTKING-EQ,EQ,INE885H01029,1,0.01,2,,,0,0.00,,467841,171.00,256.48,3300;3500;4100,,10733,1,
NSE,CM,NSECM,19113,UPDATER SERVICES LIMITED,UDS,UDS-EQ,EQ,INE851I01011,1,0.01,2,,,0,0.00,,496992,160.96,241.42,,,19113,1,
NSE,CM,NSECM,19289,MOTILAL OSWAL M50 ETF,MOM50,MOM50-EQ,EQ,INF247L01536,1,0.01,2,,,0,0.00,,98906,199.74,299.60,,,19289,1,
NSE,CM,NSECM,11351,PETRONET LNG LIMITED,PETRONET,PETRONET-EQ,EQ,INE347G01014,1,0.05,2,,,0,0.00,,362999,247.25,302.15,,,11351,1,
NSE,CM,NSECM,17859,REDTAPE LIMITED,REDTAPE,REDTAPE-EQ,EQ,INE0LXT01019,1,0.01,2,,,0,0.00,,788302,101.42,152.12,,Final Dividend - Rs. - 2.0000;31 Jul 2026,17859,1,
NSE,CM,NSECM,104,SHARE IND. SECURITIES LTD,SHAREINDIA,SHAREINDIA-EQ,EQ,INE932X01026,1,0.01,2,,,0,0.00,,521979,153.26,229.88,1201,Interim Dividend - Rs. - 0.5000;30 Jul 2026,104,1,
NSE,CM,NSECM,15404,ATAM VALVES LIMITED,ATAM,ATAM-EQ,EQ,INE09KD01013,1,0.01,2,,,0,0.00,,374839,52.71,79.05,2300,,15404,1,
NSE,CM,NSECM,16045,PRINCE PIPES FITTINGS LTD,PRINCEPIPE,PRINCEPIPE-EQ,EQ,INE689W01016,1,0.05,2,,,0,0.00,,382761,209.00,313.40,,,16045,1,
NSE,CM,NSECM,8080,NIPPONAMC - NETFSILVER,SILVERBEES,SILVERBEES-EQ,EQ,INF204KC1402,1,0.01,2,,,0,0.00,,472652,169.08,253.60,,,8080,1,
NSE,CM,NSECM,758968,ANLON HEALTHCARE LIMITED,AHCL,AHCL-EQ,EQ,INE0Y8W01025,1,0.01,2,,,0,0.00,,6662008,12.01,18.01,,,758968,1,
NSE,CM,NSECM,15555,HEALTHCARE GLOB. ENT. LTD,HCG,HCG-EQ,EQ,INE075I01017,1,0.05,2,,,0,0.00,,149898,533.25,799.85,2100,,15555,1,
NSE,CM,NSECM,6848,GREENLAM INDUSTRIES LTD.,GREENLAM,GREENLAM-EQ,EQ,INE544R01021,1,0.05,2,,,0,0.00,,390374,204.80,307.20,2100,,6848,1,
NSE,CM,NSECM,16696,GHCL TEXTILES LIMITED,GHCLTEXTIL,GHCLTEXTIL-EQ,EQ,INE0PA801013,1,0.01,2,,,0,0.00,,863329,92.66,138.98,,,16696,1,
NSE,CM,NSECM,14019,VEEDOL CORPORATION LTD,VEEDOL,VEEDOL-EQ,EQ,INE484C01030,1,0.10,2,,,0,0.00,,71472,1119.10,1678.50,,,14019,1,
NSE,CM,NSECM,18944,KINGFA SCI & TEC IND LTD.,KINGFA,KINGFA-EQ,EQ,INE473D01015,1,0.50,2,,,0,0.00,,19174,4170.00,6254.00,,,18944,1,
NSE,CM,NSECM,759610,CHOICEAMC - CHOICEGOLD,CHOICEGOLD,CHOICEGOLD-EQ,EQ,INF2KCX01012,1,0.01,2,,,0,0.00,,116077,114.05,171.07,,,759610,1,
NSE,CM,NSECM,25897,MINDA CORPORATION LTD,MINDACORP,MINDACORP-EQ,EQ,INE842C01021,1,0.05,2,,,0,0.00,,147750,541.20,811.70,2100,Final Dividend - Rs. - 0.8000;14 Aug 2026,25897,1,
NSE,CM,NSECM,14924,LORENZINI APPARELS LTD,LAL,LAL-EQ,EQ,INE740X01023,1,0.01,2,,,0,0.00,,5648484,6.71,10.05,2300,,14924,1,
NSE,CM,NSECM,2294,MAHANAGAR TELEPHONE NIGAM,MTNL,MTNL-EQ,EQ,INE153A01019,1,0.01,2,,,0,0.00,,3688648,21.69,32.53,1500;2200,,2294,1,
NSE,CM,NSECM,17603,MAHINDRA EPC IRRIG LTD,MAHEPC,MAHEPC-EQ,EQ,INE215D01010,1,0.01,2,,,0,0.00,,913988,84.31,126.45,,,17603,1,
NSE,CM,NSECM,758595,MIRAEAMC - INTERNET,INTERNET,INTERNET-EQ,EQ,INF769K01PB6,1,0.01,2,,,0,0.00,,787858,10.49,15.73,,,758595,1,
NSE,CM,NSECM,7254,MEDPLUS HEALTH SERV LTD,MEDPLUS,MEDPLUS-EQ,EQ,INE804L01022,1,0.05,2,,,0,0.00,,138757,576.45,864.65,,,7254,1,
NSE,CM,NSECM,18102,KOTAK NIFTY ETF,NIFTY1,NIFTY1-EQ,EQ,INF174K014P6,1,0.01,2,,,0,0.00,,377814,211.71,317.55,,,18102,1,
NSE,CM,NSECM,4204,SAMVRDHNA MTHRSN INTL LTD,MOTHERSON,MOTHERSON-EQ,EQ,INE775A01035,1,0.01,2,,,0,0.00,,686037,131.00,160.10,,,4204,1,
NSE,CM,NSECM,8614,INDO BORAX & CHEMICAL LTD,INDOBORAX,INDOBORAX-EQ,EQ,INE803D01021,1,0.05,2,,,0,0.00,,240321,332.90,499.30,1001,Final Dividend - Rs. - 10.0000;21 Jul 2026,8614,1,
NSE,CM,NSECM,7672,IMAGICAAWORLD ENT LTD,IMAGICAA,IMAGICAA-EQ,EQ,INE172N01012,1,0.01,2,,,0,0.00,,2142916,37.33,55.99,2100,,7672,1,
NSE,CM,NSECM,19633,MIRAEAMC - ITETF,ITETF,ITETF-EQ,EQ,INF769K01KV5,1,0.01,2,,,0,0.00,,1149232,24.20,36.28,,,19633,1,
NSE,CM,NSECM,24937,MAHALAXMI FABRIC MILLS LT,MFML,MFML-EQ,EQ,INE0US801024,1,0.01,2,,,0,0.00,,347281,15.00,22.50,2200;2300,,24937,1,
NSE,CM,NSECM,381,SINTERCOM INDIA LIMITED,SINTERCOM,SINTERCOM-EQ,EQ,INE129Z01016,1,0.01,2,,,0,0.00,,900158,65.64,98.44,2100;2300,,381,1,
NSE,CM,NSECM,15362,V-GUARD IND LTD.,VGUARD,VGUARD-EQ,EQ,INE951I01027,1,0.05,2,,,0,0.00,,343832,232.65,348.95,,Final Dividend - Rs. - 1.5000;31 Jul 2026,15362,1,
NSE,CM,NSECM,5751,SANSERA ENGINEERING LTD,SANSERA,SANSERA-EQ,EQ,INE953O01021,1,0.10,2,,,0,0.00,,31352,2547.80,3821.60,2100;3500;3600;4100,,5751,1,
NSE,CM,NSECM,21119,KALYANI INVEST CO LTD,KICL,KICL-EQ,EQ,INE029L01018,1,0.50,2,,,0,0.00,,18870,4238.50,6357.50,2100,,21119,1,
NSE,CM,NSECM,13517,EMAMI LIMITED,EMAMILTD,EMAMILTD-EQ,EQ,INE548C01032,1,0.05,2,,,0,0.00,,244875,326.35,489.45,,,13517,1,
NSE,CM,NSECM,30089,ORIENT CEMENT LTD.,ORIENTCEM,ORIENTCEM-EQ,EQ,INE876N01018,1,0.01,2,,,0,0.00,,747256,107.04,160.56,,,30089,1,
NSE,CM,NSECM,14677,GUJ. APOLLO IND. LTD.,GUJAPOLLO,GUJAPOLLO-EQ,EQ,INE826C01016,1,0.05,2,,,0,0.00,,274457,291.50,437.20,2100;2300,,14677,1,
NSE,CM,NSECM,347,BANARAS BEADS LTD,BANARBEADS,BANARBEADS-EQ,EQ,INE655B01011,1,0.01,2,,,0,0.00,,215737,97.56,146.34,2300,,347,1,
NSE,CM,NSECM,14485,THEMIS MEDICARE LTD.,THEMISMED,THEMISMED-EQ,EQ,INE083B01024,1,0.01,2,,,0,0.00,,910224,87.89,131.83,1001;2200,,14485,1,
NSE,CM,NSECM,3857,VARROC ENGINEERING LTD.,VARROC,VARROC-EQ,EQ,INE665L01035,1,0.05,2,,,0,0.00,,155535,514.20,771.30,,Final Dividend - Rs. - 1.5000;07 Aug 2026,3857,1,
NSE,CM,NSECM,25,ADANI ENTERPRISES LIMITED,ADANIENT,ADANIENT-EQ,EQ,INE423A01024,1,0.10,2,,,0,0.00,,32521,2723.80,3329.00,,,25,1,
NSE,CM,NSECM,751607,QMS MEDICAL ALLIED S LTD,QMSMEDI,QMSMEDI-EQ,EQ,INE0FMW01018,1,0.01,2,,,0,0.00,,632333,88.48,132.72,2300,,751607,1,
NSE,CM,NSECM,1315,GALAXY SURFACTANTS LTD,GALAXYSURF,GALAXYSURF-EQ,EQ,INE600K01018,1,0.10,2,,,0,0.00,,51408,1556.00,2334.00,,Final Dividend - Rs. - 22.0000;31 Jul 2026,1315,1,
NSE,CM,NSECM,9558,AKSHAR SPINTEX LIMITED,AKSHAR,AKSHAR-EQ,EQ,INE256Z01025,1,0.01,2,,,0,0.00,,25750218,0.34,0.50,2200,,9558,1,
NSE,CM,NSECM,759867,CAPILLARY TECHNO INDIA L,CAPILLARY,CAPILLARY-EQ,EQ,INE0ILV01024,1,0.05,2,,,0,0.00,,209963,381.00,571.50,2100,,759867,1,
NSE,CM,NSECM,1162,GTL LTD,GTL,GTL-EQ,EQ,INE043A01012,1,0.01,2,,,0,0.00,,5143603,6.46,7.88,,,1162,1,
NSE,CM,NSECM,760188,SHREE RAM TWISTEX LIMITED,SRTL,SRTL-EQ,EQ,INE19GK01015,1,0.01,2,,,0,0.00,,1307181,32.23,48.33,,,760188,1,
NSE,CM,NSECM,13337,GALLANTT ISPAT LIMITED,GALLANTT,GALLANTT-EQ,EQ,INE297H01019,1,0.05,2,,,0,0.00,,191817,495.15,547.25,3900,,13337,1,
NSE,CM,NSECM,760986,MIRAEAMC - HEALTHCARE,HEALTHCARE,HEALTHCARE-EQ,EQ,INF769K01QA6,1,0.01,2,,,0,0.00,,211446,16.84,25.24,,,760986,1,
NSE,CM,NSECM,21750,ZERODHAAMC - LIQUIDCASE,LIQUIDCASE,LIQUIDCASE-EQ,EQ,INF0R8F01034,1,0.01,2,,,0,0.00,,868324,109.38,120.88,,,21750,1,
NSE,CM,NSECM,2421,NILKAMAL LIMITED,NILKAMAL,NILKAMAL-EQ,EQ,INE310A01015,1,0.10,2,,,0,0.00,,59659,1340.90,2011.30,2900;3200,,2421,1,
NSE,CM,NSECM,14518,BIRLASLAMC - ABSLLIQUID,ABSLLIQUID,ABSLLIQUID-EQ,EQ,INF209KB18T9,1,0.01,2,,,0,0.00,,13025,950.00,1050.00,,,14518,1,
NSE,CM,NSECM,18889,KALYANI STEELS LIMITED,KSL,KSL-EQ,EQ,INE907A01026,1,0.05,2,,,0,0.00,,111969,714.40,1071.50,,Dividend - Rs. - 10.0000;31 Jul 2026,18889,1,
NSE,CM,NSECM,759605,LENSKART SOLUTIONS LTD,LENSKART,LENSKART-EQ,EQ,INE956O01016,1,0.05,2,,,0,0.00,,179087,444.75,667.05,2100,,759605,1,
NSE,CM,NSECM,5650,SHANTI OVERSEAS INDIA LTD,SHANTI,SHANTI-EQ,EQ,INE933X01016,1,0.01,2,,,0,0.00,,363165,5.66,8.48,100;2200;2300,,5650,1,
NSE,CM,NSECM,20531,BAJEL PROJECTS LIMITED,BAJEL,BAJEL-EQ,EQ,INE0KQN01018,1,0.01,2,,,0,0.00,,558930,143.12,214.68,2100,Final Dividend - Rs. - 0.6000;31 Jul 2026,20531,1,
NSE,CM,NSECM,13430,KELLTON TECH SOL LTD,KELLTONTEC,KELLTONTEC-EQ,EQ,INE164B01030,1,0.01,2,,,0,0.00,,7096860,11.28,16.90,4300,,13430,1,
NSE,CM,NSECM,3724,VST INDUSTRIES LTD,VSTIND,VSTIND-EQ,EQ,INE710A01016,1,0.05,2,,,0,0.00,,434673,184.05,276.05,,,3724,1,
NSE,CM,NSECM,14772,101NSETEST,101NSETEST,101NSETEST-EQ,EQ,DUMMYSAN014,1,0.05,2,,,0,0.00,,0,180.00,220.00,,,14772,1,
NSE,CM,NSECM,100,AMARA RAJA ENERGY MOB LTD,ARE&M,ARE&M-EQ,EQ,INE885A01032,1,0.05,2,,,0,0.00,,115121,694.20,1041.20,,Final Dividend - Rs. - 5.2000;27 Jul 2026,100,1,
NSE,CM,NSECM,154,APCOTEX INDUSTRIES LIMITE,APCOTEXIND,APCOTEXIND-EQ,EQ,INE116A01032,1,0.05,2,,,0,0.00,,178190,448.85,673.25,,,154,1,
NSE,CM,NSECM,21238,AU SMALL FINANCE BANK LTD,AUBANK,AUBANK-EQ,EQ,INE949L01017,1,0.10,2,,,0,0.00,,99581,903.60,1104.40,,,21238,1,
NSE,CM,NSECM,4963,ICICI BANK LTD.,ICICIBANK,ICICIBANK-EQ,EQ,INE090A01021,1,0.10,2,,,0,0.00,,64560,1289.70,1576.10,,Dividend - Rs. - 12.0000;03 Aug 2026,4963,1,
NSE,CM,NSECM,2951,S&S POWER SWITCHGEARS LTD,S&SPOWER,S&SPOWER-EQ,EQ,INE902B01017,1,0.05,2,,,0,0.00,,287927,329.95,364.65,2300,,2951,1,
NSE,CM,NSECM,24966,SURAJ LIMITED,SURAJLTD,SURAJLTD-EQ,EQ,INE713C01016,1,0.01,2,,,0,0.00,,451866,177.04,265.56,2300,,24966,1,
NSE,CM,NSECM,21957,IND TERRAIN FASHIONS LTD,INDTERRAIN,INDTERRAIN-EQ,EQ,INE611L01021,1,0.01,2,,,0,0.00,,1656821,23.41,35.11,2200;2300,,21957,1,
NSE,CM,NSECM,6489,IRIS REGTECH SOLUTION LTD,IRIS,IRIS-EQ,EQ,INE864K01010,1,0.05,2,,,0,0.00,,408978,195.60,293.40,,,6489,1,
NSE,CM,NSECM,10473,POWER MECH PROJECTS LTD.,POWERMECH,POWERMECH-EQ,EQ,INE211R01019,1,0.10,2,,,0,0.00,,38539,2074.90,3112.30,,,10473,1,
NSE,CM,NSECM,48,HAPPIEST MINDS TECHNO LTD,HAPPSTMNDS,HAPPSTMNDS-EQ,EQ,INE419U01012,1,0.05,2,,,0,0.00,,268307,298.05,447.05,,,48,1,
NSE,CM,NSECM,16639,KIRI INDUSTRIES LIMITED,KIRIINDUS,KIRIINDUS-EQ,EQ,INE415I01015,1,0.05,2,,,0,0.00,,246529,324.45,486.65,,,16639,1,
NSE,CM,NSECM,762904,SHARAT INDUSTRIES LTD.,SHINDL,SHINDL-EQ,EQ,INE220Z01013,1,0.01,2,,,0,0.00,,632410,126.50,189.74,2300,,762904,1,
NSE,CM,NSECM,383,BHARAT ELECTRONICS LTD,BEL,BEL-EQ,EQ,INE263A01024,1,0.05,2,,,0,0.00,,241221,364.50,445.50,,,383,1,
NSE,CM,NSECM,2397,SANDHAR TECHNOLOGIES LTD,SANDHAR,SANDHAR-EQ,EQ,INE278H01035,1,0.05,2,,,0,0.00,,168352,475.20,712.70,,,2397,1,
NSE,CM,NSECM,762553,ASIAN STAR CO. LTD.,ASTAR,ASTAR-EQ,EQ,INE194D01017,1,0.05,2,,,0,0.00,,164869,485.20,727.80,2300,,762553,1,
NSE,CM,NSECM,14116,GANDHI SPL. TUBES LTD,GANDHITUBE,GANDHITUBE-EQ,EQ,INE524B01027,1,0.05,2,,,0,0.00,,115199,694.40,1041.60,,Final Dividend - Rs. - 15.0000;05 Aug 2026,14116,1,
NSE,CM,NSECM,11983,SASKEN TECHNOLOGIES LTD,SASKEN,SASKEN-EQ,EQ,INE231F01020,1,0.10,2,,,0,0.00,,54913,1730.00,1912.00,201,Final Dividend - Rs. - 13.0000;24 Jul 2026,11983,1,
NSE,CM,NSECM,714,SHALBY LIMITED,SHALBY,SHALBY-EQ,EQ,INE597J01018,1,0.01,2,,,0,0.00,,613062,130.48,195.72,2100,,714,1,
NSE,CM,NSECM,20092,TASTY BITE EATABLES LTD,TASTYBITE,TASTYBITE-EQ,EQ,INE488B01017,1,0.50,2,,,0,0.00,,11109,7199.50,10798.50,2100,Final Dividend - Rs. - 10.0000;06 Aug 2026,20092,1,
NSE,CM,NSECM,759769,ADVENT HOTELS INTERNATI L,ADVENTHTL,ADVENTHTL-EQ,EQ,INE28GN01010,1,0.01,2,,,0,0.00,,702659,113.85,170.77,4300,,759769,1,
NSE,CM,NSECM,13771,VARVEE GLOBAL LIMITED,VGL,VGL-EQ,EQ,INE273D01027,1,0.01,2,,,0,0.00,,1633973,48.96,73.44,,,13771,1,
NSE,CM,NSECM,12913,SARVESHWAR FOODS LIMITED,SARVESHWAR,SARVESHWAR-EQ,EQ,INE324X01026,1,0.01,2,,,0,0.00,,28985096,3.11,3.79,4200;4300,,12913,1,
NSE,CM,NSECM,12015,AEROFLEX ENTERPRISES LTD,AEROENTER,AEROENTER-EQ,EQ,INE065D01027,1,0.01,2,,,0,0.00,,785487,101.84,152.76,201,,12015,1,
NSE,CM,NSECM,17572,MIRAEAMC - LIQUID,LIQUID,LIQUID-EQ,EQ,INF769K01KS1,1,0.01,2,,,0,0.00,,99996,950.00,1050.00,,,17572,1,
NSE,CM,NSECM,10599,GUJARAT ENERGY LIMITED,GUJENERGY,GUJENERGY-EQ,EQ,INE844O01030,1,0.05,2,,,0,0.00,,375961,212.40,318.50,,,10599,1,
NSE,CM,NSECM,23806,BIRLASLAMC-ABSLPSE,ABSLPSE,ABSLPSE-EQ,EQ,INF209KB19Z4,1,0.01,2,,,0,0.00,,654032,8.28,12.42,,,23806,1,
NSE,CM,NSECM,7603,CMS INFO SYSTEMS LIMITED,CMSINFO,CMSINFO-EQ,EQ,INE925R01014,1,0.05,2,,,0,0.00,,365000,219.15,328.65,,,7603,1,
NSE,CM,NSECM,11809,IIFL FINANCE LIMITED,IIFL,IIFL-EQ,EQ,INE530B01024,1,0.05,2,,,0,0.00,,179486,445.25,667.85,,,11809,1,
NSE,CM,NSECM,762432,OM POWER TRANSMISSION LTD,OMPOWER,OMPOWER-EQ,EQ,INE25E901019,1,0.01,2,,,0,0.00,,590999,135.36,203.04,,,762432,1,
NSE,CM,NSECM,3292,DEEP INDUSTRIES LIMITED,DEEPINDS,DEEPINDS-EQ,EQ,INE0FHS01024,1,0.05,2,,,0,0.00,,208446,383.70,575.50,,,3292,1,
NSE,CM,NSECM,25468,PAISALO DIGITAL LIMITED,PAISALO,PAISALO-EQ,EQ,INE420C01059,1,0.01,2,,,0,0.00,,1424310,56.14,84.20,3300;3500;3900,,25468,1,
NSE,CM,NSECM,10939,NIP IND ETF JUNIOR BEES,JUNIORBEES,JUNIORBEES-EQ,EQ,INF732E01045,1,0.01,2,,,0,0.00,,128851,620.47,930.69,,,10939,1,
NSE,CM,NSECM,757955,PASHUPATI COTSPIN LIMITED,PASHUPATI,PASHUPATI-EQ,EQ,INE124Y01028,1,0.01,2,,,0,0.00,,1148127,69.68,104.50,2100;2300,,757955,1,
NSE,CM,NSECM,25597,MANBA FINANCE LIMITED,MANBA,MANBA-EQ,EQ,INE939X01013,1,0.01,2,,,0,0.00,,723496,110.57,165.85,,,25597,1,
NSE,CM,NSECM,11626,WELSPUN ENTERPRISES LTD.,WELENT,WELENT-EQ,EQ,INE625G01013,1,0.05,2,,,0,0.00,,166926,479.05,718.55,,,11626,1,
NSE,CM,NSECM,761506,HSBCAMC - HSBCGOLD,HSBCGOLD,HSBCGOLD-EQ,EQ,INF336L01RX2,1,0.01,2,,,0,0.00,,800052,100.00,149.98,,,761506,1,
NSE,CM,NSECM,20372,FLAIR WRITING INDUST LTD,FLAIR,FLAIR-EQ,EQ,INE00Y201027,1,0.05,2,,,0,0.00,,395969,227.25,277.75,,,20372,1,
NSE,CM,NSECM,18226,MAN INFRA LTD,MANINFRA,MANINFRA-EQ,EQ,INE949H01023,1,0.01,2,,,0,0.00,,1034192,77.35,116.01,,,18226,1,
NSE,CM,NSECM,17181,MIRAEAMC - MANXT50,NEXT50,NEXT50-EQ,EQ,INF769K01FN2,1,0.01,2,,,0,0.00,,135043,592.39,888.57,,,17181,1,
NSE,CM,NSECM,16996,TEAMO PRODUCTIONS HQ LTD,TPHQ,TPHQ-EQ,EQ,INE065J01024,1,0.01,2,,,0,0.00,,35846379,0.32,0.48,2100,,16996,1,
NSE,CM,NSECM,19578,THE UGAR SUGAR WORKS LTD,UGARSUGAR,UGARSUGAR-EQ,EQ,INE071E01023,1,0.01,2,,,0,0.00,,2517523,31.78,47.66,,Final Dividend - Rs. - 0.1000;29 Jul 2026,19578,1,
NSE,CM,NSECM,7413,MAN COAT METAL & IND LTD,MANAKCOAT,MANAKCOAT-EQ,EQ,INE830Q01018,1,0.01,2,,,0,0.00,,793436,100.82,151.22,,Final Dividend - Rs. - 0.0500;27 Aug 2026,7413,1,
NSE,CM,NSECM,342,COMPUTER AGE MNGT SER LTD,CAMS,CAMS-EQ,EQ,INE596I01020,1,0.05,2,,,0,0.00,,131182,685.35,837.55,,Interim Dividend;12 Aug 2026,342,1,
NSE,CM,NSECM,2431,RAILTEL CORP OF IND LTD,RAILTEL,RAILTEL-EQ,EQ,INE0DD101019,1,0.05,2,,,0,0.00,,351105,227.80,341.70,,,2431,1,
NSE,CM,NSECM,11821,WELSPUN CORP LIMITED,WELCORP,WELCORP-EQ,EQ,INE191B01025,1,0.10,2,,,0,0.00,,62517,1277.60,1916.20,3500;4100,,11821,1,
NSE,CM,NSECM,1808,KAJARIA CERAMICS LTD,KAJARIACER,KAJARIACER-EQ,EQ,INE217B01036,1,0.10,2,,,0,0.00,,82183,972.00,1457.80,,,1808,1,
NSE,CM,NSECM,324,ANGEL ONE LIMITED,ANGELONE,ANGELONE-EQ,EQ,INE732I01021,1,0.05,2,,,0,0.00,,324238,277.20,338.70,,Interim Dividend - Rs. - 1.0000;21 Jul 2026,324,1,
NSE,CM,NSECM,13270,JK CEMENT LIMITED,JKCEMENT,JKCEMENT-EQ,EQ,INE823G01014,1,0.50,2,,,0,0.00,,17693,4519.50,6778.50,,,13270,1,
NSE,CM,NSECM,3761,RITES LIMITED,RITES,RITES-EQ,EQ,INE320J01015,1,0.01,2,,,0,0.00,,467626,170.96,256.44,,,3761,1,
NSE,CM,NSECM,14329,SMS PHARMACEUTICALS LTD.,SMSPHARMA,SMSPHARMA-EQ,EQ,INE812G01025,1,0.05,2,,,0,0.00,,262318,304.90,457.30,,,14329,1,
NSE,CM,NSECM,11435,SPANDANA SPHOORTY FIN LTD,SPANDANA,SPANDANA-EQ,EQ,INE572J01011,1,0.05,2,,,0,0.00,,382337,209.20,313.80,2200,,11435,1,
NSE,CM,NSECM,18039,ADVANCED ENZYME TECH LTD,ADVENZYMES,ADVENZYMES-EQ,EQ,INE837H01020,1,0.05,2,,,0,0.00,,315099,253.90,380.80,,Dividend - Rs. - 1.3500;24 Jul 2026,18039,1,
NSE,CM,NSECM,13192,ENTERTAIN NET. IND. LTD.,ENIL,ENIL-EQ,EQ,INE265F01028,1,0.01,2,,,0,0.00,,946685,84.51,126.75,2200;2300,,13192,1,
NSE,CM,NSECM,22595,HDFCAMC HDFCPSUBK,HDFCPSUBK,HDFCPSUBK-EQ,EQ,INF179KC1HW4,1,0.01,2,,,0,0.00,,305495,67.20,100.80,,,22595,1,
NSE,CM,NSECM,896,KHAITAN CHEM & FERT LTD,KHAICHEM,KHAICHEM-EQ,EQ,INE745B01028,1,0.01,2,,,0,0.00,,2085460,38.36,57.54,4200;4300,,896,1,
NSE,CM,NSECM,22722,LICNAMC - LICNMID100,LICNMID100,LICNMID100-EQ,EQ,INF767K01RN1,1,0.01,2,,,0,0.00,,1611338,49.65,74.47,,,22722,1,
NSE,CM,NSECM,3579,UNICHEM LABORATORIES LTD,UNICHEMLAB,UNICHEMLAB-EQ,EQ,INE351A01035,1,0.05,2,,,0,0.00,,186081,483.65,591.05,3900;4100,,3579,1,
NSE,CM,NSECM,762573,BEEKAY STEEL INDS. LTD.,BEEKAY,BEEKAY-EQ,EQ,INE213D01015,1,0.05,2,,,0,0.00,,249747,320.35,480.45,2300,,762573,1,
NSE,CM,NSECM,29731,GUJARAT THEMIS BIOSYN LTD,GUJTHEM,GUJTHEM-EQ,EQ,INE942C01045,1,0.05,2,,,0,0.00,,277315,288.40,432.60,2100,,29731,1,
NSE,CM,NSECM,9480,LIFE INSURA CORP OF INDIA,LICI,LICI-EQ,EQ,INE0J1Y01017,1,0.05,2,,,0,0.00,,227698,379.20,463.40,,,9480,1,
NSE,CM,NSECM,19292,TERA SOFTWARE LIMITED,TERASOFT,TERASOFT-EQ,EQ,INE482B01010,1,0.05,2,,,0,0.00,,253990,374.05,413.35,,,19292,1,
NSE,CM,NSECM,760325,BANDHANAMC - GOLDBND,GOLDBND,GOLDBND-EQ,EQ,INF194KB1KJ7,1,0.01,2,,,0,0.00,,23245,114.78,172.16,,,760325,1,
NSE,CM,NSECM,10276,KAYA LIMITED,KAYA,KAYA-EQ,EQ,INE587G01015,1,0.01,2,,,0,0.00,,353809,226.11,339.15,1500;2200,,10276,1,
NSE,CM,NSECM,21091,STAR CEMENT LIMITED,STARCEMENT,STARCEMENT-EQ,EQ,INE460H01021,1,0.01,2,,,0,0.00,,487902,163.91,245.85,,,21091,1,
NSE,CM,NSECM,5359,KRSNAA DIAGNOSTICS LTD,KRSNAA,KRSNAA-EQ,EQ,INE08LI01020,1,0.05,2,,,0,0.00,,183537,435.85,653.75,,,5359,1,
NSE,CM,NSECM,19631,PRICOL LIMITED,PRICOLLTD,PRICOLLTD-EQ,EQ,INE726V01018,1,0.05,2,,,0,0.00,,159054,503.00,754.40,,,19631,1,
NSE,CM,NSECM,13577,VOLTAMP TRANSFORMERS LTD,VOLTAMP,VOLTAMP-EQ,EQ,INE540H01012,1,1.00,2,,,0,0.00,,10885,7344.00,11016.00,,Final Dividend - Rs. - 100.0000;24 Jul 2026,13577,1,
NSE,CM,NSECM,764203,CAPTAIN POLYPLAST LIMITED,CPL,CPL-EQ,EQ,INE536P01021,1,0.01,2,,,0,0.00,,1431832,55.88,83.80,2300,,764203,1,
NSE,CM,NSECM,6141,PANSARI DEVELOPERS LTD,PANSARI,PANSARI-EQ,EQ,INE697V01011,1,0.05,2,,,0,0.00,,281520,284.20,426.20,,,6141,1,
NSE,CM,NSECM,14299,POWER FIN CORP LTD.,PFC,PFC-EQ,EQ,INE134E01011,1,0.05,2,,,0,0.00,,240906,370.75,453.05,,Final Dividend - Rs. - 3.9500;31 Jul 2026,14299,1,
NSE,CM,NSECM,23181,MOTILALAMC - MOSMALL250,MOSMALL250,MOSMALL250-EQ,EQ,INF247L01CH6,1,0.01,2,,,0,0.00,,4506058,14.18,21.26,,,23181,1,
NSE,CM,NSECM,17029,PATANJALI FOODS LIMITED,PATANJALI,PATANJALI-EQ,EQ,INE619A01035,1,0.05,2,,,0,0.00,,292700,306.90,375.00,,,17029,1,
NSE,CM,NSECM,29135,INDUS TOWERS LIMITED,INDUSTOWER,INDUSTOWER-EQ,EQ,INE121J01017,1,0.05,2,,,0,0.00,,253262,355.15,434.05,,,29135,1,
NSE,CM,NSECM,1922,KOTAK MAHINDRA BANK LTD,KOTAKBANK,KOTAKBANK-EQ,EQ,INE237A01036,1,0.05,2,,,0,0.00,,258608,346.30,423.20,,,1922,1,
NSE,CM,NSECM,762919,SONAL MERCANTILE LTD.,SONAL,SONAL-EQ,EQ,INE321M01017,1,0.01,2,,,0,0.00,,481948,90.08,99.56,2300,,762919,1,
NSE,CM,NSECM,14014,LUMAX AUTO TECH LTD,LUMAXTECH,LUMAXTECH-EQ,EQ,INE872H01027,1,0.10,2,,,0,0.00,,68156,1172.70,1758.90,,Final Dividend - Rs. - 5.5000;06 Aug 2026,14014,1,
NSE,CM,NSECM,12489,STRLNG & WIL REN ENE LTD,SWSOLAR,SWSOLAR-EQ,EQ,INE00M201021,1,0.01,2,,,0,0.00,,480840,166.35,249.51,700;2200,,12489,1,
NSE,CM,NSECM,12863,V1NSETEST,V1NSETEST,V1NSETEST-EQ,EQ,DUMMYSAN004,1,0.05,2,,,0,0.00,,0,316.00,474.00,,,12863,1,
NSE,CM,NSECM,12032,FIVE-STAR BUS FIN LTD,FIVESTAR,FIVESTAR-EQ,EQ,INE128S01021,1,0.05,2,,,0,0.00,,186552,428.20,642.20,,Final Dividend - Rs. - 2.0000;31 Jul 2026,12032,1,
NSE,CM,NSECM,9581,METROPOLIS HEALTHCARE LTD,METROPOLIS,METROPOLIS-EQ,EQ,INE112L01020,1,0.05,2,,,0,0.00,,175190,456.20,684.30,2100,,9581,1,
NSE,CM,NSECM,2739,PRISM JOHNSON LIMITED,PRSMJOHNSN,PRSMJOHNSN-EQ,EQ,INE010A01011,1,0.01,2,,,0,0.00,,925671,86.42,129.62,2100,,2739,1,
NSE,CM,NSECM,9422,SILVER TOUCH TECHNO LTD,SILVERTUC,SILVERTUC-EQ,EQ,INE625X01026,1,0.01,2,,,0,0.00,,499630,190.14,210.14,2100;3600;4100;4200,,9422,1,
NSE,CM,NSECM,3172,RELCAPAMC - NETFGILT5Y,GILT5YBEES,GILT5YBEES-EQ,EQ,INF204KC1030,1,0.01,2,,,0,0.00,,1303263,62.55,69.13,,,3172,1,
NSE,CM,NSECM,21749,CAPACITE INFRAPROJECT LTD,CAPACITE,CAPACITE-EQ,EQ,INE264T01014,1,0.05,2,,,0,0.00,,469974,170.20,255.30,,,21749,1,
NSE,CM,NSECM,6792,SBC EXPORTS LIMITED,SBC,SBC-EQ,EQ,INE04AK01028,1,0.01,2,,,0,0.00,,2376663,33.66,50.48,201;2100,,6792,1,
NSE,CM,NSECM,15409,NESCO LTD.,NESCO,NESCO-EQ,EQ,INE317F01035,1,0.10,2,,,0,0.00,,94697,844.80,1267.00,,,15409,1,
NSE,CM,NSECM,9539,SAKAR HEALTHCARE LIMITED,SAKAR,SAKAR-EQ,EQ,INE732S01012,1,0.05,2,,,0,0.00,,124642,722.00,882.40,2100;3500;3600;3900,,9539,1,
NSE,CM,NSECM,17641,SUNTECK REALTY LIMITED,SUNTECK,SUNTECK-EQ,EQ,INE805D01034,1,0.05,2,,,0,0.00,,326428,245.00,367.50,,,17641,1,
NSE,CM,NSECM,24814,BRAINBEES SOLUTIONS LTD,FIRSTCRY,FIRSTCRY-EQ,EQ,INE02RE01045,1,0.01,2,,,0,0.00,,479778,166.64,249.96,1500;2200,,24814,1,
NSE,CM,NSECM,6656,PB FINTECH LIMITED,POLICYBZR,POLICYBZR-EQ,EQ,INE417T01026,1,0.10,2,,,0,0.00,,64776,1383.50,1690.90,2100,,6656,1,
NSE,CM,NSECM,20825,HSG & URBAN DEV CORPN LTD,HUDCO,HUDCO-EQ,EQ,INE031A01017,1,0.01,2,,,0,0.00,,510483,156.44,234.64,,,20825,1,
NSE,CM,NSECM,2562,HUHTAMAKI INDIA LIMITED,HUHTAMAKI,HUHTAMAKI-EQ,EQ,INE275B01026,1,0.01,2,,,0,0.00,,313792,254.95,382.41,501,,2562,1,
NSE,CM,NSECM,24445,AGI INFRA LIMITED,AGIIL,AGIIL-EQ,EQ,INE976R01033,1,0.05,2,,,0,0.00,,320742,249.40,374.10,,,24445,1,
NSE,CM,NSECM,21174,CENTRAL DEPO SER (I) LTD,CDSL,CDSL-EQ,EQ,INE736A01011,1,0.10,2,,,0,0.00,,74820,1199.80,1466.40,2100,,21174,1,
NSE,CM,NSECM,11999,FCS SOFTWARE SOLN. LTD.,FCSSOFT,FCSSOFT-EQ,EQ,INE512B01022,1,0.01,2,,,0,0.00,,55902385,1.48,1.62,2100;4300,,11999,1,
NSE,CM,NSECM,20778,JAMNA AUTO IND LTD,JAMNAAUTO,JAMNAAUTO-EQ,EQ,INE039C01032,1,0.01,2,,,0,0.00,,753596,106.14,159.20,,,20778,1,
NSE,CM,NSECM,9552,RAIL VIKAS NIGAM LIMITED,RVNL,RVNL-EQ,EQ,INE415G01027,1,0.01,2,,,0,0.00,,444108,202.08,246.98,2100,,9552,1,
NSE,CM,NSECM,19223,TCI EXPRESS LIMITED,TCIEXP,TCIEXP-EQ,EQ,INE586V01016,1,0.05,2,,,0,0.00,,178186,448.95,673.35,,,19223,1,
NSE,CM,NSECM,2868,HI-TECH PIPES LIMITED,HITECH,HITECH-EQ,EQ,INE106T01025,1,0.01,2,,,0,0.00,,1179242,67.84,101.74,,,2868,1,
NSE,CM,NSECM,760001,MOTILALAMC - MOSERVICE,MOSERVICE,MOSERVICE-EQ,EQ,INF247L01GJ3,1,0.01,2,,,0,0.00,,61311,24.58,36.86,,,760001,1,
NSE,CM,NSECM,3672,SOLARA ACTIVE PHA SCI LTD,SOLARA,SOLARA-EQ,EQ,INE624Z01016,1,0.05,2,,,0,0.00,,203251,393.60,590.30,2200,,3672,1,
NSE,CM,NSECM,25328,ALEMBIC PHARMA LTD,APLLTD,APLLTD-EQ,EQ,INE901L01018,1,0.05,2,,,0,0.00,,125209,638.10,957.10,,Final Dividend - Rs. - 12.0000;29 Jul 2026,25328,1,
NSE,CM,NSECM,9810,AETHER INDUSTRIES LIMITED,AETHER,AETHER-EQ,EQ,INE0BWX01014,1,0.10,2,,,0,0.00,,69938,1142.00,1713.00,2100,,9810,1,
NSE,CM,NSECM,24403,ASHIANA HOUSING LTD,ASHIANA,ASHIANA-EQ,EQ,INE365D01021,1,0.05,2,,,0,0.00,,258548,309.40,464.00,,,24403,1,
NSE,CM,NSECM,19679,ICICI PRUDENTIAL GOLD ETF,GOLDIETF,GOLDIETF-EQ,EQ,INF109KC1NT3,1,0.01,2,,,0,0.00,,812067,98.37,147.55,,,19679,1,
NSE,CM,NSECM,24847,BIRLASLAMC - GSEC10ABSL,GSEC10ABSL,GSEC10ABSL-EQ,EQ,INF209KC1142,1,0.01,2,,,0,0.00,,93262,89.84,134.74,,,24847,1,
NSE,CM,NSECM,14058,SANGHVI MOVERS LTD,SANGHVIMOV,SANGHVIMOV-EQ,EQ,INE989A01032,1,0.05,2,,,0,0.00,,219382,364.60,546.80,3300;4100,,14058,1,
NSE,CM,NSECM,12716,TEAMLEASE SERVICES LTD.,TEAMLEASE,TEAMLEASE-EQ,EQ,INE985S01024,1,0.10,2,,,0,0.00,,76113,1051.00,1576.40,,,12716,1,
NSE,CM,NSECM,13920,PLASTIBLENDS INDIA LTD,PLASTIBLEN,PLASTIBLEN-EQ,EQ,INE083C01022,1,0.01,2,,,0,0.00,,529502,151.08,226.62,,,13920,1,
NSE,CM,NSECM,2124,MASTEK LTD,MASTEK,MASTEK-EQ,EQ,INE759A01021,1,0.10,2,,,0,0.00,,59117,1352.80,2029.00,,,2124,1,
NSE,CM,NSECM,11840,NARAYANA HRUDAYALAYA LTD.,NH,NH-EQ,EQ,INE410P01011,1,0.10,2,,,0,0.00,,50884,1569.20,2353.80,,,11840,1,
NSE,CM,NSECM,14764,071NSETEST,071NSETEST,071NSETEST-EQ,EQ,DUMMYSAN011,1,0.05,2,,,0,0.00,,0,180.00,220.00,,,14764,1,
NSE,CM,NSECM,4745,BANK OF INDIA,BANKINDIA,BANKINDIA-EQ,EQ,INE084A01016,1,0.01,2,,,0,0.00,,701109,128.36,156.88,,,4745,1,
NSE,CM,NSECM,25073,RAYMOND LIFESTYLE LIMITED,RAYMONDLSL,RAYMONDLSL-EQ,EQ,INE02ID01020,1,0.05,2,,,0,0.00,,139818,572.00,857.90,2100,,25073,1,
NSE,CM,NSECM,206,ASHIMA LTD,ASHIMASYN,ASHIMASYN-EQ,EQ,INE440A01010,1,0.01,2,,,0,0.00,,5934561,13.48,20.22,501;2200,,206,1,
NSE,CM,NSECM,368,BASF INDIA LTD,BASF,BASF-EQ,EQ,INE373A01013,1,0.10,2,,,0,0.00,,27225,2936.20,4404.20,,Final Dividend - Rs. - 25.0000;30 Jul 2026,368,1,
NSE,CM,NSECM,21794,DAVANGERE SUGAR COMPANY L,DAVANGERE,DAVANGERE-EQ,EQ,INE179G01029,1,0.01,2,,,0,0.00,,29239020,2.74,4.10,2100,,21794,1,
NSE,CM,NSECM,495,BLUE DART EXPRESS LTD,BLUEDART,BLUEDART-EQ,EQ,INE233B01017,1,0.10,2,,,0,0.00,,20357,3929.20,5893.80,,,495,1,
NSE,CM,NSECM,757520,BLUSPRING ENTERPRISES LTD,BLUSPRING,BLUSPRING-EQ,EQ,INE0U4101014,1,0.01,2,,,0,0.00,,922199,97.58,119.26,201;2200,,757520,1,
NSE,CM,NSECM,13745,GTL INFRA.LTD,GTLINFRA,GTLINFRA-EQ,EQ,INE221H01019,1,0.01,2,,,0,0.00,,81965506,0.98,1.46,,,13745,1,
NSE,CM,NSECM,17187,CYIENT DLM LIMITED,CYIENTDLM,CYIENTDLM-EQ,EQ,INE055S01018,1,0.05,2,,,0,0.00,,149124,536.40,804.50,501;2100,,17187,1,
NSE,CM,NSECM,15649,ATAL REALTECH LIMITED,ATALREAL,ATALREAL-EQ,EQ,INE0ALR01029,1,0.01,2,,,0,0.00,,3180539,25.16,37.72,2100,,15649,1,
NSE,CM,NSECM,19543,HDFC GOLD ETF,HDFCGOLD,HDFCGOLD-EQ,EQ,INF179KC1981,1,0.01,2,,,0,0.00,,813598,98.12,147.18,,,19543,1,
NSE,CM,NSECM,12686,MADHYA BHARAT AGRO P. LTD,MBAPL,MBAPL-EQ,EQ,INE900L01028,1,0.05,2,,,0,0.00,,674288,118.60,177.90,3200;3500,,12686,1,
NSE,CM,NSECM,11699,PATEL ENGINEERING LTD.,PATELENG,PATELENG-EQ,EQ,INE244B01030,1,0.01,2,,,0,0.00,,3568733,22.42,33.62,1001,,11699,1,
NSE,CM,NSECM,756843,ADITYA BIRLA LIFES BRAN L,ABLBL,ABLBL-EQ,EQ,INE14LE01019,1,0.01,2,,,0,0.00,,1063073,75.21,112.81,2100,Dividend - Rs. - 0.5000;07 Aug 2026,756843,1,
NSE,CM,NSECM,757772,HDB FINANCIAL SERVICES L,HDBFS,HDBFS-EQ,EQ,INE756I01012,1,0.05,2,,,0,0.00,,144479,553.20,829.80,,,757772,1,
NSE,CM,NSECM,3138,HONDA I POWER PRODUCT LTD,HONDAPOWER,HONDAPOWER-EQ,EQ,INE634A01018,1,0.10,2,,,0,0.00,,47864,1671.40,2507.00,,Final Dividend - Rs. - 23.0000;19 Aug 2026,3138,1,
NSE,CM,NSECM,14745,ADVANI HOT.& RES.(I) LTD,ADVANIHOTR,ADVANIHOTR-EQ,EQ,INE199C01026,1,0.01,2,,,0,0.00,,1956090,40.90,61.34,,,14745,1,
NSE,CM,NSECM,17486,EXPLEO SOLUTIONS LIMITED,EXPLEOSOL,EXPLEOSOL-EQ,EQ,INE201K01015,1,0.05,2,,,0,0.00,,124746,641.25,961.85,,,17486,1,
NSE,CM,NSECM,1232,GRASIM INDUSTRIES LTD,GRASIM,GRASIM-EQ,EQ,INE047A01021,1,0.10,2,,,0,0.00,,31983,2780.50,3398.30,,Dividend - Rs. - 10.0000;07 Aug 2026,1232,1,
NSE,CM,NSECM,685,CHOLAMANDALAM IN & FIN CO,CHOLAFIN,CHOLAFIN-EQ,EQ,INE121A01024,1,0.10,2,,,0,0.00,,57968,1552.00,1896.80,,Final Dividend - Rs. - 0.7000;21 Jul 2026,685,1,
NSE,CM,NSECM,30290,SBIAMC - SBIBPB,SBIBPB,SBIBPB-EQ,EQ,INF200KB1712,1,0.01,2,,,0,0.00,,2078506,38.49,57.73,,,30290,1,
NSE,CM,NSECM,29124,PC JEWELLER LTD,PCJEWELLER,PCJEWELLER-EQ,EQ,INE785M01021,1,0.01,2,,,0,0.00,,10770370,7.43,11.13,,,29124,1,
NSE,CM,NSECM,20134,RAMKY INFRA LTD,RAMKY,RAMKY-EQ,EQ,INE874I01013,1,0.05,2,,,0,0.00,,269455,296.90,445.30,,,20134,1,
NSE,CM,NSECM,15355,REC LIMITED,RECLTD,RECLTD-EQ,EQ,INE020B01018,1,0.05,2,,,0,0.00,,276487,325.45,397.75,,Final Dividend - Rs. - 1.5500;14 Aug 2026,15355,1,
NSE,CM,NSECM,3045,STATE BANK OF INDIA,SBIN,SBIN-EQ,EQ,INE062A01020,1,0.10,2,,,0,0.00,,92305,913.50,1116.50,,,3045,1,
NSE,CM,NSECM,14255,REDINGTON LIMITED,REDINGTON,REDINGTON-EQ,EQ,INE891D01026,1,0.05,2,,,0,0.00,,385413,207.25,310.85,,,14255,1,
NSE,CM,NSECM,761420,SINGER INDIA LIMITED,SINGERIND,SINGERIND-EQ,EQ,INE638A01035,1,0.01,2,,,0,0.00,,1519265,52.66,78.98,,Final Dividend - Rs. - 0.4000;31 Jul 2026,761420,1,
NSE,CM,NSECM,23127,SHIPPING CORP OF ILA LTD,SCILAL,SCILAL-EQ,EQ,INE0PB301013,1,0.01,2,,,0,0.00,,2419359,33.07,49.59,2100,,23127,1,
NSE,CM,NSECM,7506,WOCKHARDT LIMITED,WOCKPHARMA,WOCKPHARMA-EQ,EQ,INE049B01025,1,0.10,2,,,0,0.00,,53946,1479.40,2219.00,201;2100,,7506,1,
NSE,CM,NSECM,25235,XTGLOBAL INFOTECH LIMITED,XTGLOBAL,XTGLOBAL-EQ,EQ,INE547B01028,1,0.01,2,,,0,0.00,,3572652,22.40,33.58,,,25235,1,
NSE,CM,NSECM,19237,MOTILALAMC - MONIFTY500,MONIFTY500,MONIFTY500-EQ,EQ,INF247L01BU1,1,0.01,2,,,0,0.00,,4130008,18.80,28.18,,,19237,1,
NSE,CM,NSECM,13091,EVEREST KANTO CYLINDERLTD,EKC,EKC-EQ,EQ,INE184H01027,1,0.01,2,,,0,0.00,,919428,87.01,130.51,,,13091,1,
NSE,CM,NSECM,13844,MM FORGINGS LTD,MMFL,MMFL-EQ,EQ,INE227C01017,1,0.05,2,,,0,0.00,,181199,441.50,662.20,,,13844,1,
NSE,CM,NSECM,13751,INFO EDGE (I) LTD,NAUKRI,NAUKRI-EQ,EQ,INE663F01032,1,0.05,2,,,0,0.00,,85590,1048.95,1282.05,,Final Dividend - Rs. - 3.6000;24 Jul 2026,13751,1,
NSE,CM,NSECM,15156,KALYANI FORGE LIMITED,KALYANIFRG,KALYANIFRG-EQ,EQ,INE314G01014,1,0.05,2,,,0,0.00,,118961,481.55,722.25,2300,,15156,1,
NSE,CM,NSECM,25977,AFCONS INFRASTRUCTURE LTD,AFCONS,AFCONS-EQ,EQ,INE101I01011,1,0.05,2,,,0,0.00,,349394,228.80,343.10,,Final Dividend - Rs. - 2.0000;23 Jul 2026,25977,1,
NSE,CM,NSECM,18967,KAPSTON SERVICES LIMITED,KAPSTON,KAPSTON-EQ,EQ,INE542Z01028,1,0.05,2,,,0,0.00,,217041,368.60,552.80,3600;4200;4300,,18967,1,
NSE,CM,NSECM,18119,SRG HOUSING FINANCE L,SRGHFL,SRGHFL-EQ,EQ,INE559N01010,1,0.05,2,,,0,0.00,,323092,247.60,371.40,2300,,18119,1,
NSE,CM,NSECM,2106,MANGALAM CEMENT LTD,MANGLMCEM,MANGLMCEM-EQ,EQ,INE347A01017,1,0.05,2,,,0,0.00,,101601,787.25,1180.85,,Final Dividend - Rs. - 1.5000;14 Aug 2026,2106,1,
NSE,CM,NSECM,18011,WHIRLPOOL OF INDIA LTD,WHIRLPOOL,WHIRLPOOL-EQ,EQ,INE716A01013,1,0.05,2,,,0,0.00,,129535,617.20,925.70,,,18011,1,
NSE,CM,NSECM,22344,ICICIPRAMC - ICICIALPLV,ALPL30IETF,ALPL30IETF-EQ,EQ,INF109KC17V7,1,0.01,2,,,0,0.00,,3581240,22.34,33.50,,,22344,1,
NSE,CM,NSECM,17728,ASTEC LIFESCIENCES LTD,ASTEC,ASTEC-EQ,EQ,INE563J01010,1,0.05,2,,,0,0.00,,151700,527.30,790.90,1500;2200,,17728,1,
NSE,CM,NSECM,3482,CHAMAN LAL SETIA EXP LTD,CLSEL,CLSEL-EQ,EQ,INE419D01026,1,0.05,2,,,0,0.00,,357377,223.85,335.75,,,3482,1,
NSE,CM,NSECM,30065,MOTILALAMC - MOCAPITAL,MOCAPITAL,MOCAPITAL-EQ,EQ,INF247L01EV3,1,0.01,2,,,0,0.00,,1446973,42.28,63.42,,,30065,1,
NSE,CM,NSECM,8024,CINEVISTA LIMITED,CINEVISTA,CINEVISTA-EQ,EQ,INE039B01026,1,0.01,2,,,0,0.00,,1878171,12.24,18.34,2300,,8024,1,
NSE,CM,NSECM,27008,HEXA TRADEX LIMITED,HEXATRADEX,HEXATRADEX-EQ,EQ,INE750M01017,1,0.01,2,,,0,0.00,,644980,139.54,170.54,2200;2300,,27008,1,
NSE,CM,NSECM,3509,TAMILNADU PETROPRODUCTS L,TNPETRO,TNPETRO-EQ,EQ,INE148A01019,1,0.01,2,,,0,0.00,,1052575,76.00,114.00,,,3509,1,
NSE,CM,NSECM,13182,ROYAL ORCHID HOTELS LTD,ROHLTD,ROHLTD-EQ,EQ,INE283H01019,1,0.05,2,,,0,0.00,,321587,248.80,373.10,,,13182,1,
NSE,CM,NSECM,18060,CONCORD BIOTECH LIMITED,CONCORDBIO,CONCORDBIO-EQ,EQ,INE338H01029,1,0.10,2,,,0,0.00,,80030,998.80,1498.20,2100,Final Dividend - Rs. - 7.5500;24 Jul 2026,18060,1,
NSE,CM,NSECM,6156,ART NIRMAN LIMITED,ARTNIRMAN,ARTNIRMAN-EQ,EQ,INE738V01013,1,0.01,2,,,0,0.00,,816060,36.18,44.20,2100;2300,,6156,1,
NSE,CM,NSECM,763663,MERCURY EV-TECH LIMITED,MERCURYEV,MERCURYEV-EQ,EQ,INE763M01028,1,0.01,2,,,0,0.00,,2848075,33.36,36.86,,,763663,1,
NSE,CM,NSECM,21840,PRATAAP SNACKS LIMITED,DIAMONDYD,DIAMONDYD-EQ,EQ,INE393P01035,1,0.10,2,,,0,0.00,,89974,889.20,1333.60,2100,,21840,1,
NSE,CM,NSECM,24809,UNICOMMERCE ESOLUTIONS L,UNIECOM,UNIECOM-EQ,EQ,INE00U401027,1,0.01,2,,,0,0.00,,1185037,67.51,101.25,,,24809,1,
NSE,CM,NSECM,4378,ICICI PRUD SENSEX ETF,SENSEXIETF,SENSEXIETF-EQ,EQ,INF346A01034,1,0.01,2,,,0,0.00,,113631,702.00,1053.00,,,4378,1,
NSE,CM,NSECM,6006,COASTAL CORPORATION LTD,COASTCORP,COASTCORP-EQ,EQ,INE377E01024,1,0.01,2,,,0,0.00,,2002752,39.95,59.91,,,6006,1,
NSE,CM,NSECM,8828,GUJARAT AMBUJA EXPORTS LT,GAEL,GAEL-EQ,EQ,INE036B01030,1,0.01,2,,,0,0.00,,659108,121.32,181.96,,,8828,1,
NSE,CM,NSECM,11411,RAMKRISHNA FORGINGS LTD,RKFORGE,RKFORGE-EQ,EQ,INE399G01023,1,0.05,2,,,0,0.00,,172196,464.60,696.80,2100,,11411,1,
NSE,CM,NSECM,1838,KARUR VYSYA BANK LTD,KARURVYSYA,KARURVYSYA-EQ,EQ,INE036D01028,1,0.05,2,,,0,0.00,,294779,271.15,406.65,,Dividend - Rs. - 2.6000;24 Jul 2026,1838,1,
NSE,CM,NSECM,1521,INDIA GLYCOLS LTD,INDIAGLYCO,INDIAGLYCO-EQ,EQ,INE560A01023,1,0.05,2,,,0,0.00,,86329,926.25,1389.35,,,1521,1,
NSE,CM,NSECM,2031,MAHINDRA & MAHINDRA LTD,M&M,M&M-EQ,EQ,INE101A01026,1,0.10,2,,,0,0.00,,31087,2845.30,3477.50,,,2031,1,
NSE,CM,NSECM,6673,FOODS & INNS LIMITED,FOODSIN,FOODSIN-EQ,EQ,INE976E01023,1,0.01,2,,,0,0.00,,1816522,44.04,66.06,4300,,6673,1,
NSE,CM,NSECM,5938,MONTE CARLO FASHIONS LTD.,MONTECARLO,MONTECARLO-EQ,EQ,INE950M01013,1,0.05,2,,,0,0.00,,186172,429.70,644.50,,,5938,1,
NSE,CM,NSECM,14203,HUBTOWN LIMITED,HUBTOWN,HUBTOWN-EQ,EQ,INE703H01016,1,0.01,2,,,0,0.00,,512840,155.99,233.97,,,14203,1,
NSE,CM,NSECM,7177,RATEGAIN TRAVEL TECHN LTD,RATEGAIN,RATEGAIN-EQ,EQ,INE0CLI01024,1,0.05,2,,,0,0.00,,110963,720.35,1080.45,2100;3300;4100,,7177,1,
NSE,CM,NSECM,1633,IPCA LABORATORIES LTD,IPCALAB,IPCALAB-EQ,EQ,INE571A01038,1,0.10,2,,,0,0.00,,56575,1410.20,2115.20,,Dividend - Rs. - 6.0000;07 Aug 2026,1633,1,
NSE,CM,NSECM,11045,SATIA INDUSTRIES LIMITED,SATIA,SATIA-EQ,EQ,INE170E01023,1,0.01,2,,,0,0.00,,1654198,48.36,72.54,,,11045,1,
NSE,CM,NSECM,25758,GROWWAMC - GROWWDEFNC,GROWWDEFNC,GROWWDEFNC-EQ,EQ,INF666M01IO8,1,0.01,2,,,0,0.00,,1067115,74.97,112.45,,,25758,1,
NSE,CM,NSECM,11571,PIRAMAL PHARMA LIMITED,PPLPHARMA,PPLPHARMA-EQ,EQ,INE0DK501011,1,0.01,2,,,0,0.00,,551177,145.02,217.52,2200,,11571,1,
NSE,CM,NSECM,756150,360ONEAMC - SILVER360,SILVER360,SILVER360-EQ,EQ,INF579M01BC3,1,0.01,2,,,0,0.00,,67561,173.94,260.90,,,756150,1,
NSE,CM,NSECM,23855,MIRAEAMC - MIDSMALL,MIDSMALL,MIDSMALL-EQ,EQ,INF769K01LJ8,1,0.01,2,,,0,0.00,,1995550,40.09,60.13,,,23855,1,
NSE,CM,NSECM,18208,ORIENT PRESS LIMITED,ORIENTLTD,ORIENTLTD-EQ,EQ,INE609C01024,1,0.01,2,,,0,0.00,,326998,71.44,107.14,2200;2300;2900;3200,,18208,1,
NSE,CM,NSECM,11309,BALAXI PHARMA LTD,BALAXI,BALAXI-EQ,EQ,INE618N01022,1,0.01,2,,,0,0.00,,1805284,22.03,26.91,2100;2300;4200;4300,,11309,1,
NSE,CM,NSECM,13162,CELEBRITY FASHIONS LTD,CELEBRITY,CELEBRITY-EQ,EQ,INE185H01016,1,0.01,2,,,0,0.00,,2110729,5.64,8.44,100;201;1500;2200;2300,,13162,1,
NSE,CM,NSECM,2513,BCL INDUSTRIES LIMITED,BCLIND,BCLIND-EQ,EQ,INE412G01024,1,0.01,2,,,0,0.00,,2797852,28.60,42.88,,,2513,1,
NSE,CM,NSECM,16253,EDELAMC - EBBETF0430,EBBETF0430,EBBETF0430-EQ,EQ,INF754K01KO2,1,0.01,2,,,0,0.00,,62119,1284.88,1927.30,,,16253,1,
NSE,CM,NSECM,2606,LEMON TREE HOTELS LTD,LEMONTREE,LEMONTREE-EQ,EQ,INE970X01018,1,0.01,2,,,0,0.00,,914251,87.49,131.23,,,2606,1,
NSE,CM,NSECM,19955,INDOSOLAR LIMITED,WAAREEINDO,WAAREEINDO-EQ,EQ,INE866K01023,1,0.05,2,,,0,0.00,,283528,335.05,370.25,4300,,19955,1,
NSE,CM,NSECM,21383,PALASH SECURITIES LTD,PALASHSECU,PALASHSECU-EQ,EQ,INE471W01019,1,0.01,2,,,0,0.00,,327100,70.65,105.97,2300,,21383,1,
NSE,CM,NSECM,4184,SANGAM (INDIA) LTD,SANGAMIND,SANGAMIND-EQ,EQ,INE495C01010,1,0.05,2,,,0,0.00,,162345,492.70,739.00,,,4184,1,
NSE,CM,NSECM,11364,VAIBHAV GLOBAL LIMITED,VAIBHAVGBL,VAIBHAVGBL-EQ,EQ,INE884A01027,1,0.01,2,,,0,0.00,,396790,201.56,302.32,,,11364,1,
NSE,CM,NSECM,11403,POONAWALLA FINCORP LTD,POONAWALLA,POONAWALLA-EQ,EQ,INE511C01022,1,0.05,2,,,0,0.00,,217477,367.80,551.60,2100,,11403,1,
NSE,CM,NSECM,4934,INDIA PESTICIDES LIMITED,IPL,IPL-EQ,EQ,INE0D6701023,1,0.01,2,,,0,0.00,,666680,119.99,179.97,,Dividend - Rs. - 0.7500;24 Aug 2026,4934,1,
NSE,CM,NSECM,10099,GODREJ CONSUMER PRODUCTS,GODREJCP,GODREJCP-EQ,EQ,INE102D01028,1,0.10,2,,,0,0.00,,94137,953.60,1165.40,2100,Interim Dividend;13 Aug 2026,10099,1,
NSE,CM,NSECM,762812,NEELAMALAI AGRO INDS. L,NEAGI,NEAGI-EQ,EQ,INE605D01012,1,0.10,2,,,0,0.00,,20340,2883.40,3186.80,2300,Final Dividend - Rs. - 20.0000;12 Aug 2026,762812,1,
NSE,CM,NSECM,760007,EXCELSOFT TECHNOLOGIES L,EXCELSOFT,EXCELSOFT-EQ,EQ,INE606N01019,1,0.01,2,,,0,0.00,,1344412,59.51,89.25,2100,,760007,1,
NSE,CM,NSECM,23590,GLOSTER LIMITED,GLOSTERLTD,GLOSTERLTD-EQ,EQ,INE350Z01018,1,0.05,2,,,0,0.00,,146266,546.95,820.35,,,23590,1,
NSE,CM,NSECM,762227,ADVIT JEWELS LIMITED,RAMBHAJO,RAMBHAJO-EQ,EQ,INE1SJO01012,1,0.01,2,,,0,0.00,,515269,155.26,232.88,,,762227,1,
NSE,CM,NSECM,762588,BIMETAL BEARINGS LTD.,BIMETAL,BIMETAL-EQ,EQ,INE469A01019,1,0.05,2,,,0,0.00,,125076,533.95,800.85,2300,,762588,1,
NSE,CM,NSECM,15266,JKUMAR INFR.LTD.,JKIL,JKIL-EQ,EQ,INE576I01022,1,0.05,2,,,0,0.00,,205884,388.55,582.75,,,15266,1,
NSE,CM,NSECM,15342,SHALIM PAINTS LTD,SHALPAINTS,SHALPAINTS-EQ,EQ,INE849C01026,1,0.01,2,,,0,0.00,,1451299,62.01,75.79,202;1500;1600;2200,,15342,1,
NSE,CM,NSECM,20905,AZAD ENGINEERING LIMITED,AZAD,AZAD-EQ,EQ,INE02IJ01035,1,0.10,2,,,0,0.00,,40943,1951.20,2926.80,2100;3500,,20905,1,
NSE,CM,NSECM,22521,UTIAMC-GILT5BETA,GILT5BETA,GILT5BETA-EQ,EQ,INF789F1AZE6,1,0.01,2,,,0,0.00,,128952,62.73,69.33,,,22521,1,
NSE,CM,NSECM,5054,G R INFRAPROJECTS LIMITED,GRINFRA,GRINFRA-EQ,EQ,INE201P01022,1,0.05,2,,,0,0.00,,114950,695.90,1043.80,,,5054,1,
NSE,CM,NSECM,4306,SHRIRAM FINANCE LIMITED,SHRIRAMFIN,SHRIRAMFIN-EQ,EQ,INE721A01047,1,0.10,2,,,0,0.00,,98817,904.60,1105.60,,,4306,1,
NSE,CM,NSECM,17130,PARAG MILK FOODS LTD.,PARAGMILK,PARAGMILK-EQ,EQ,INE883N01014,1,0.01,2,,,0,0.00,,466764,171.36,257.04,,,17130,1,
NSE,CM,NSECM,6127,DIGJAM LTD,DIGJAMLMTD,DIGJAMLMTD-EQ,EQ,INE731U01028,1,0.01,2,,,0,0.00,,653998,32.32,48.48,100;2300,,6127,1,
NSE,CM,NSECM,17651,POKARNA LIMITED,POKARNA,POKARNA-EQ,EQ,INE637C01025,1,0.10,2,,,0,0.00,,107923,741.20,1111.80,,,17651,1,
NSE,CM,NSECM,13821,RUCHIRA PAPERS LIMITED,RUCHIRA,RUCHIRA-EQ,EQ,INE803H01014,1,0.01,2,,,0,0.00,,939220,85.18,127.76,,,13821,1,
NSE,CM,NSECM,764116,KUSUMGAR LIMITED,KUSUMGAR,KUSUMGAR-EQ,EQ,INE0ISX01025,1,0.05,2,,,0,0.00,,166200,541.25,661.45,,,764116,1,
NSE,CM,NSECM,17738,YATHARTH HOSP & TRA C S L,YATHARTH,YATHARTH-EQ,EQ,INE0JO301016,1,0.05,2,,,0,0.00,,119189,671.05,1006.55,,,17738,1,
NSE,CM,NSECM,18608,ZAGGLE PREPA OCEAN SER L,ZAGGLE,ZAGGLE-EQ,EQ,INE07K301024,1,0.01,2,,,0,0.00,,500049,159.98,239.96,,,18608,1,
NSE,CM,NSECM,763540,EDELAMC - ENEXT50,ENEXT50,ENEXT50-EQ,EQ,INF754K01XF3,1,0.01,2,,,0,0.00,,36931,57.17,85.75,,,763540,1,
NSE,CM,NSECM,17685,GPT INFRAPROJECTS LTD,GPTINFRA,GPTINFRA-EQ,EQ,INE390G01014,1,0.01,2,,,0,0.00,,859025,93.13,139.69,1001,,17685,1,
NSE,CM,NSECM,759995,EDELAMC - ESENSEX,ESENSEX,ESENSEX-EQ,EQ,INF754K01VY8,1,0.01,2,,,0,0.00,,62097,61.46,92.18,,,759995,1,
NSE,CM,NSECM,18347,UTIAMC-MIDCAPBETA,MIDCAPBETA,MIDCAPBETA-EQ,EQ,INF789F1AYX9,1,0.01,2,,,0,0.00,,18535,183.48,275.20,,,18347,1,
NSE,CM,NSECM,25134,GALA PRECISION ENG LTD,GALAPREC,GALAPREC-EQ,EQ,INE0RE001014,1,0.10,2,,,0,0.00,,87227,917.10,1375.50,3300,,25134,1,
NSE,CM,NSECM,11355,PTC INDIA LIMITED,PTC,PTC-EQ,EQ,INE877F01012,1,0.01,2,,,0,0.00,,608000,131.52,197.28,,,11355,1,
NSE,CM,NSECM,763753,CSM TECHNOLOGIES LIMITED,CSM,CSM-EQ,EQ,INE0ZK601013,1,0.01,2,,,0,0.00,,1003789,79.70,119.54,,,763753,1,
NSE,CM,NSECM,8075,DALMIA BHARAT LIMITED,DALBHARAT,DALBHARAT-EQ,EQ,INE00R701025,1,0.10,2,,,0,0.00,,55143,1629.80,1991.80,2000,,8075,1,
NSE,CM,NSECM,762949,THAKKERS DEVELOPERS LTD.,THAKDEV,THAKDEV-EQ,EQ,INE403F01017,1,0.01,2,,,0,0.00,,294298,147.92,163.48,2300,,762949,1,
NSE,CM,NSECM,9902,AXITA COTTON LIMITED,AXITA,AXITA-EQ,EQ,INE02EZ01022,1,0.01,2,,,0,0.00,,12515202,5.89,8.83,2100,,9902,1,
NSE,CM,NSECM,15034,BAJAJ ELECT.LTD,BAJAJELEC,BAJAJELEC-EQ,EQ,INE193E01025,1,0.05,2,,,0,0.00,,303943,263.15,394.65,2200,,15034,1,
NSE,CM,NSECM,4040,EIMCO ELECON (INDIA) LTD,EIMCOELECO,EIMCOELECO-EQ,EQ,INE158B01016,1,0.10,2,,,0,0.00,,55888,1431.40,2147.00,,,4040,1,
NSE,CM,NSECM,25157,REVATHI EQUIPMENT INDIA L,RVTH,RVTH-EQ,EQ,INE0DAB01012,1,0.05,2,,,0,0.00,,100288,548.05,822.05,2300;4300,,25157,1,
NSE,CM,NSECM,13035,SAFARI IND (INDIA) LTD,SAFARI,SAFARI-EQ,EQ,INE429E01023,1,0.10,2,,,0,0.00,,64967,1231.20,1846.60,,,13035,1,
NSE,CM,NSECM,3127,UNITED FOODBRANDS LIMITED,UFBL,UFBL-EQ,EQ,INE382M01027,1,0.05,2,,,0,0.00,,148175,641.15,708.55,201;2200,,3127,1,
NSE,CM,NSECM,757336,AEGIS VOPAK TERMINALS LTD,AEGISVOPAK,AEGISVOPAK-EQ,EQ,INE0INX01018,1,0.01,2,,,0,0.00,,341260,263.38,321.90,2100;3200;3300,,757336,1,
NSE,CM,NSECM,12124,DOLAT ALGOTECH LIMITED,DOLATALGO,DOLATALGO-EQ,EQ,INE966A01022,1,0.01,2,,,0,0.00,,1454286,55.01,82.51,,,12124,1,
NSE,CM,NSECM,762732,KAMA HOLDINGS LTD.,KAMAHOLD,KAMAHOLD-EQ,EQ,INE411F01010,1,0.10,2,,,0,0.00,,39534,2022.40,3033.40,2300,,762732,1,
NSE,CM,NSECM,18026,SBFC FINANCE LIMITED,SBFC,SBFC-EQ,EQ,INE423Y01016,1,0.01,2,,,0,0.00,,1084052,73.75,110.61,,,18026,1,
NSE,CM,NSECM,1923,WEALTH FRST PORT. MG. LTD,WEALTH,WEALTH-EQ,EQ,INE658T01017,1,0.05,2,,,0,0.00,,106346,752.20,1128.30,2300,,1923,1,
NSE,CM,NSECM,18644,DIAMINES & CHEMICALS LTD,DIAMINESQ,DIAMINESQ-EQ,EQ,INE591D01014,1,0.01,2,,,0,0.00,,328744,197.52,296.28,201;2200;2300,,18644,1,
NSE,CM,NSECM,764195,KOTAKMAMC - PVTBANK,PVTBANK,PVTBANK-EQ,EQ,INF174KA1A94,1,0.01,2,,,0,0.00,,243900,21.85,32.77,,,764195,1,
NSE,CM,NSECM,24145,JHS SVENDGAARD RETAIL V L,RETAIL,RETAIL-EQ,EQ,INE03DD01011,1,0.01,2,,,0,0.00,,268289,13.32,19.98,2200;2300;4300,,24145,1,
NSE,CM,NSECM,14567,BF UTILITIES LIMITED,BFUTILITIE,BFUTILITIE-EQ,EQ,INE243D01012,1,0.05,2,,,0,0.00,,172290,464.35,696.45,,,14567,1,
NSE,CM,NSECM,4717,GAIL (INDIA) LTD,GAIL,GAIL-EQ,EQ,INE129A01019,1,0.01,2,,,0,0.00,,585182,153.02,187.02,,,4717,1,
NSE,CM,NSECM,757096,AONEAMC - AONENIFTY,AONENIFTY,AONENIFTY-EQ,EQ,INF1J2R01064,1,0.01,2,,,0,0.00,,732524,7.88,11.82,,,757096,1,
NSE,CM,NSECM,981,EPL LIMITED,EPL,EPL-EQ,EQ,INE255A01020,1,0.01,2,,,0,0.00,,428929,186.45,279.67,,,981,1,
NSE,CM,NSECM,3103,SHREE CEMENT LIMITED,SHREECEM,SHREECEM-EQ,EQ,INE070A01015,1,5.00,2,,,0,0.00,,3715,24070.00,29410.00,2100,,3103,1,
NSE,CM,NSECM,10238,CONFIDENCE PETRO IND LTD.,CONFIPET,CONFIPET-EQ,EQ,INE552D01024,1,0.01,2,,,0,0.00,,1277133,70.47,86.13,3500;4100;4300,,10238,1,
NSE,CM,NSECM,1235,GREAVES COTTON LTD.,GREAVESCOT,GREAVESCOT-EQ,EQ,INE224A01026,1,0.01,2,,,0,0.00,,405800,197.06,295.58,2100;3300;3900;4100,Final Dividend - Rs. - 2.0000;28 Jul 2026,1235,1,
NSE,CM,NSECM,18139,DOLPHIN OFF ENT (IND) L,DOLPHIN,DOLPHIN-EQ,EQ,INE920A01037,1,0.05,2,,,0,0.00,,265269,301.60,452.30,,,18139,1,
NSE,CM,NSECM,1041,FINOLEX INDUSTRIES LTD,FINPIPE,FINPIPE-EQ,EQ,INE183A01024,1,0.01,2,,,0,0.00,,610548,130.94,196.40,,,1041,1,
NSE,CM,NSECM,29598,REPCO HOME FINANCE LTD,REPCOHOME,REPCOHOME-EQ,EQ,INE612J01015,1,0.05,2,,,0,0.00,,257439,310.75,466.05,,,29598,1,
NSE,CM,NSECM,11241,HDFCAMC - HDFCGROWTH,HDFCGROWTH,HDFCGROWTH-EQ,EQ,INF179KC1DJ0,1,0.01,2,,,0,0.00,,60948,93.12,139.66,,,11241,1,
NSE,CM,NSECM,763800,AASTHA SPINTEX LIMITED,AASTHA,AASTHA-EQ,EQ,INE2FMX01012,1,0.01,2,,,0,0.00,,974437,82.10,123.14,,,763800,1,
NSE,CM,NSECM,422,BHARAT FORGE LTD,BHARATFORG,BHARATFORG-EQ,EQ,INE465A01025,1,0.10,2,,,0,0.00,,46373,1936.50,2366.70,2100,,422,1,
NSE,CM,NSECM,3275,TEMBO GLOBAL IND LTD,TEMBO,TEMBO-EQ,EQ,INE869Y01010,1,0.05,2,,,0,0.00,,188529,424.35,636.45,,,3275,1,
NSE,CM,NSECM,11782,EVEREADY INDS. IND.  LTD.,EVEREADY,EVEREADY-EQ,EQ,INE128A01029,1,0.05,2,,,0,0.00,,280063,285.60,428.40,,Final Dividend - Rs. - 2.5000;04 Aug 2026,11782,1,
NSE,CM,NSECM,6018,ADIT BIRL SUN LIF AMC LTD,ABSLAMC,ABSLAMC-EQ,EQ,INE404A01024,1,0.10,2,,,0,0.00,,98318,813.60,1220.40,,Final Dividend - Rs. - 25.5000;22 Jul 2026,6018,1,
NSE,CM,NSECM,760234,AEQUS LIMITED,AEQUS,AEQUS-EQ,EQ,INE947N01017,1,0.01,2,,,0,0.00,,435931,183.39,275.07,201;2200,,760234,1,
NSE,CM,NSECM,22239,EDELAMC - EBBETF0431,EBBETF0431,EBBETF0431-EQ,EQ,INF754K01LE1,1,0.01,2,,,0,0.00,,69543,1149.27,1723.89,,,22239,1,
NSE,CM,NSECM,8962,HARDWYN INDIA LIMITED,HARDWYN,HARDWYN-EQ,EQ,INE626Z01029,1,0.01,2,,,0,0.00,,6320824,14.24,17.40,2100;3700;3900;4100,Bonus issue 2:5;28 Jul 2026,8962,1,
NSE,CM,NSECM,14766,V2 RETAIL LIMITED,V2RETAIL,V2RETAIL-EQ,EQ,INE945H01021,1,0.01,2,,,0,0.00,,455795,175.44,263.14,,,14766,1,
NSE,CM,NSECM,16821,VINYL CHEMICALS (I) LTD.,VINYLINDIA,VINYLINDIA-EQ,EQ,INE250B01029,1,0.05,2,,,0,0.00,,412107,194.15,291.15,,,16821,1,
NSE,CM,NSECM,756827,GROWWAMC - GROWWSLVR,GROWWSLVR,GROWWSLVR-EQ,EQ,INF666M01OF4,1,0.01,2,,,0,0.00,,4614639,17.34,26.00,,,756827,1,
NSE,CM,NSECM,4064,CUBEX TUBINGS LTD,CUBEXTUB,CUBEXTUB-EQ,EQ,INE144D01012,1,0.01,2,,,0,0.00,,468229,61.60,92.38,,,4064,1,
NSE,CM,NSECM,21614,ADITYA BIRLA CAPITAL LTD.,ABCAPITAL,ABCAPITAL-EQ,EQ,INE674K01013,1,0.05,2,,,0,0.00,,251696,354.50,433.20,,,21614,1,
NSE,CM,NSECM,5926,INTELLECT DESIGN ARENA,INTELLECT,INTELLECT-EQ,EQ,INE306R01017,1,0.05,2,,,0,0.00,,136509,585.80,878.60,,Special Dividend - Rs. - 3.0000;24 Jul 2026,5926,1,
NSE,CM,NSECM,12108,HDFCAMC - HDFCPVTBAN,HDFCPVTBAN,HDFCPVTBAN-EQ,EQ,INF179KC1HZ7,1,0.01,2,,,0,0.00,,3598138,22.24,33.34,,,12108,1,
NSE,CM,NSECM,1675,ITI LTD,ITI,ITI-EQ,EQ,INE248A01017,1,0.05,2,,,0,0.00,,362994,220.15,330.15,2100,,1675,1,
NSE,CM,NSECM,18755,SAI SILKS (KALAMANDIR) L,KALAMANDIR,KALAMANDIR-EQ,EQ,INE438K01021,1,0.01,2,,,0,0.00,,1130767,70.75,106.11,4300,Final Dividend - Rs. - 1.5000;03 Aug 2026,18755,1,
NSE,CM,NSECM,24777,OLA ELECTRIC MOBILITY LTD,OLAELEC,OLAELEC-EQ,EQ,INE0LXG01040,1,0.01,2,,,0,0.00,,2693732,29.67,44.49,201;1500;2200,,24777,1,
NSE,CM,NSECM,4130,REGENCY CERAMICS LTD.,REGENCERAM,REGENCERAM-EQ,EQ,INE277C01012,1,0.01,2,,,0,0.00,,864638,27.16,40.72,100;201;2200;2300,,4130,1,
NSE,CM,NSECM,9667,MEDICO REMEDIES LIMITED,MEDICO,MEDICO-EQ,EQ,INE630Y01024,1,0.01,2,,,0,0.00,,2632251,30.40,45.58,,,9667,1,
NSE,CM,NSECM,2433,NIRLON LTD,NIRLON,NIRLON-EQ,EQ,INE910A01012,1,0.05,2,,,0,0.00,,161130,496.50,744.70,,,2433,1,
NSE,CM,NSECM,20616,SUPERHOUSE LIMITED,SUPERHOUSE,SUPERHOUSE-EQ,EQ,INE712B01010,1,0.01,2,,,0,0.00,,360516,123.98,185.96,2100,,20616,1,
NSE,CM,NSECM,13121,KERNEX MICROSYS(I) LTD,KERNEX,KERNEX-EQ,EQ,INE202H01019,1,0.10,2,,,0,0.00,,45331,1764.20,2646.20,201,,13121,1,
NSE,CM,NSECM,759368,DSPAMC - FLEXIADD,FLEXIADD,FLEXIADD-EQ,EQ,INF740KA1WU9,1,0.01,2,,,0,0.00,,489341,7.92,11.86,,,759368,1,
NSE,CM,NSECM,6951,LINC LIMITED,LINC,LINC-EQ,EQ,INE802B01027,1,0.01,2,,,0,0.00,,973955,82.14,123.20,,,6951,1,
NSE,CM,NSECM,28125,INVENTURUS KNOWLEDGE SO L,IKS,IKS-EQ,EQ,INE115Q01022,1,0.10,2,,,0,0.00,,56789,1407.90,2111.70,,,28125,1,
NSE,CM,NSECM,18822,ENDURANCE TECHNO. LTD.,ENDURANCE,ENDURANCE-EQ,EQ,INE913H01037,1,0.10,2,,,0,0.00,,37837,2107.20,3160.80,,Final Dividend - Rs. - 11.5000;31 Jul 2026,18822,1,
NSE,CM,NSECM,27107,SPECIALITY REST LTD,SPECIALITY,SPECIALITY-EQ,EQ,INE247M01014,1,0.01,2,,,0,0.00,,726042,110.19,165.27,,,27107,1,
NSE,CM,NSECM,15303,BANG OVERSEAS LTD.,BANG,BANG-EQ,EQ,INE863I01016,1,0.01,2,,,0,0.00,,443410,22.48,33.72,,,15303,1,
NSE,CM,NSECM,27084,KNOWLEDGE MARINE & EN W L,KMEW,KMEW-EQ,EQ,INE0CJD01029,1,0.10,2,,,0,0.00,,41138,1944.30,2916.30,201;2100,,27084,1,
NSE,CM,NSECM,2004,AHLADA ENGINEERS LIMITED,AHLADA,AHLADA-EQ,EQ,INE00PV01013,1,0.01,2,,,0,0.00,,422515,30.41,45.61,2100;2300,,2004,1,
NSE,CM,NSECM,16669,BAJAJ AUTO LIMITED,BAJAJ-AUTO,BAJAJ-AUTO-EQ,EQ,INE917I01010,1,0.50,2,,,0,0.00,,8942,10017.00,12243.00,,,16669,1,
NSE,CM,NSECM,10693,BIRLASLAMC - MOMENTUM,MOMENTUM,MOMENTUM-EQ,EQ,INF209KB14K7,1,0.01,2,,,0,0.00,,423159,24.48,36.70,,,10693,1,
NSE,CM,NSECM,3766,WHEELS INDIA LTD,WHEELS,WHEELS-EQ,EQ,INE715A01015,1,0.10,2,,,0,0.00,,69339,1153.40,1730.00,3500;3900;4100,,3766,1,
NSE,CM,NSECM,31138,COMPUCOM SOFTWARE LTD,COMPUSOFT,COMPUSOFT-EQ,EQ,INE453B01029,1,0.01,2,,,0,0.00,,2587392,10.67,15.99,2300,,31138,1,
NSE,CM,NSECM,13414,R SYS INTERNATIONAL LTD,RSYSTEMS,RSYSTEMS-EQ,EQ,INE411H01032,1,0.01,2,,,0,0.00,,407237,196.41,294.61,,,13414,1,
NSE,CM,NSECM,11956,GLOBAL HEALTH LIMITED,MEDANTA,MEDANTA-EQ,EQ,INE474Q01031,1,0.10,2,,,0,0.00,,72862,1096.80,1645.20,2100,,11956,1,
NSE,CM,NSECM,6353,MIRAEAMC - MAN50ETF,NIFTYETF,NIFTYETF-EQ,EQ,INF769K01EG9,1,0.01,2,,,0,0.00,,385402,207.50,311.24,,,6353,1,
NSE,CM,NSECM,7852,INOX WIND LIMITED,INOXWIND,INOXWIND-EQ,EQ,INE066P01011,1,0.01,2,,,0,0.00,,1297905,69.28,84.66,,,7852,1,
NSE,CM,NSECM,15141,COLGATE PALMOLIVE LTD.,COLPAL,COLPAL-EQ,EQ,INE259A01022,1,0.10,2,,,0,0.00,,47868,1877.50,2294.70,,,15141,1,
NSE,CM,NSECM,12000,FAZE THREE LIMITED,FAZE3Q,FAZE3Q-EQ,EQ,INE963C01033,1,0.05,2,,,0,0.00,,182829,519.65,574.25,,,12000,1,
NSE,CM,NSECM,2909,RICO AUTO INDUSTRIES LTD,RICOAUTO,RICOAUTO-EQ,EQ,INE209B01025,1,0.01,2,,,0,0.00,,719038,111.26,166.88,,,2909,1,
NSE,CM,NSECM,29452,DR AGARWALS HEALTH CARE L,AGARWALEYE,AGARWALEYE-EQ,EQ,INE943P01029,1,0.05,2,,,0,0.00,,208573,383.15,574.65,2100,,29452,1,
NSE,CM,NSECM,2289,HLE GLASCOAT LIMITED,HLEGLAS,HLEGLAS-EQ,EQ,INE461D01028,1,0.05,2,,,0,0.00,,238645,335.20,502.70,2100;4300,,2289,1,
NSE,CM,NSECM,3329,ISGEC HEAVY ENG LTD,ISGEC,ISGEC-EQ,EQ,INE858B01029,1,0.05,2,,,0,0.00,,116837,684.50,1026.70,,,3329,1,
NSE,CM,NSECM,11813,SHOPPERS STOP LIMITED,SHOPERSTOP,SHOPERSTOP-EQ,EQ,INE498B01024,1,0.05,2,,,0,0.00,,264628,302.20,453.30,2200,,11813,1,
NSE,CM,NSECM,21334,JYOTI CNC AUTOMATION LTD,JYOTICNC,JYOTICNC-EQ,EQ,INE980O01024,1,0.05,2,,,0,0.00,,125763,636.05,954.05,2100,,21334,1,
NSE,CM,NSECM,12847,KRISHANA PHOSCHEM LIMITED,KRISHANA,KRISHANA-EQ,EQ,INE506W01020,1,0.05,2,,,0,0.00,,617038,129.65,194.45,,,12847,1,
NSE,CM,NSECM,758460,JSW CEMENT LIMITED,JSWCEMENT,JSWCEMENT-EQ,EQ,INE718I01012,1,0.01,2,,,0,0.00,,756666,105.70,158.54,2200,,758460,1,
NSE,CM,NSECM,11253,WELSPUN LIVING LIMITED,WELSPUNLIV,WELSPUNLIV-EQ,EQ,INE192B01031,1,0.01,2,,,0,0.00,,616734,129.60,194.40,2100,,11253,1,
NSE,CM,NSECM,3987,GREENPLY INDUSTRIES LTD,GREENPLY,GREENPLY-EQ,EQ,INE461C01038,1,0.05,2,,,0,0.00,,335360,238.55,357.75,,Final Dividend - Rs. - 0.5000;04 Aug 2026,3987,1,
NSE,CM,NSECM,759847,SHILCHAR TECHNOLOGIES LTD,SHILCTECH,SHILCTECH-EQ,EQ,INE024F01011,1,0.10,2,,,0,0.00,,23428,3414.20,5121.20,2100,Final Dividend - Rs. - 12.5000;31 Jul 2026,759847,1,
NSE,CM,NSECM,4907,ENGINEERS INDIA LTD,ENGINERSIN,ENGINERSIN-EQ,EQ,INE510A01028,1,0.01,2,,,0,0.00,,444012,180.17,270.25,,,4907,1,
NSE,CM,NSECM,25162,EUREKA FORBES LIMITED,EUREKAFORB,EUREKAFORB-EQ,EQ,INE0KCE01017,1,0.05,2,,,0,0.00,,231328,345.75,518.55,2100,,25162,1,
NSE,CM,NSECM,15380,MANKIND PHARMA LIMITED,MANKIND,MANKIND-EQ,EQ,INE634S01028,1,0.10,2,,,0,0.00,,39646,2256.50,2757.90,2100,,15380,1,
NSE,CM,NSECM,14139,SURATWWALA BUS GROUP LTD,SBGLP,SBGLP-EQ,EQ,INE05ST01028,1,0.01,2,,,0,0.00,,4094881,19.54,29.30,2300;4100,,14139,1,
NSE,CM,NSECM,758700,ARFIN INDIA LIMITED,ARFIN,ARFIN-EQ,EQ,INE784R01023,1,0.01,2,,,0,0.00,,1086909,73.60,110.38,201;2100,,758700,1,
NSE,CM,NSECM,8866,CHOICE INTERNATIONAL LTD,CHOICEIN,CHOICEIN-EQ,EQ,INE102B01014,1,0.05,2,,,0,0.00,,125422,637.75,956.55,2100,,8866,1,
NSE,CM,NSECM,2442,NOCIL LIMITED,NOCIL,NOCIL-EQ,EQ,INE163A01018,1,0.01,2,,,0,0.00,,624505,128.09,192.13,,Final Dividend - Rs. - 1.5000;24 Jul 2026,2442,1,
NSE,CM,NSECM,3339,SUNDARAM FINANCE LTD,SUNDARMFIN,SUNDARMFIN-EQ,EQ,INE660A01013,1,0.10,2,,,0,0.00,,22441,3558.30,5337.30,,,3339,1,
NSE,CM,NSECM,16123,BHARAT WIRE ROPES LTD.,BHARATWIRE,BHARATWIRE-EQ,EQ,INE316L01019,1,0.01,2,,,0,0.00,,517264,154.65,231.97,,,16123,1,
NSE,CM,NSECM,1424,HINDUSTAN ZINC LIMITED,HINDZINC,HINDZINC-EQ,EQ,INE267A01025,1,0.05,2,,,0,0.00,,185913,478.80,585.10,1600,,1424,1,
NSE,CM,NSECM,19235,INDIAN METALS & FERRO,IMFA,IMFA-EQ,EQ,INE919H01018,1,0.10,2,,,0,0.00,,74617,1072.10,1608.10,,Final Dividend - Rs. - 7.5000;31 Jul 2026,19235,1,
NSE,CM,NSECM,7851,RAMCO SYSTEMS LTD.,RAMCOSYS,RAMCOSYS-EQ,EQ,INE246B01019,1,0.05,2,,,0,0.00,,140638,639.90,782.00,201;2100,,7851,1,
NSE,CM,NSECM,29256,DENTA WATER N INFRA SOL L,DENTA,DENTA-EQ,EQ,INE0R4L01018,1,0.05,2,,,0,0.00,,297036,269.35,403.95,,,29256,1,
NSE,CM,NSECM,5948,THE SOUTH INDIAN BANK LTD,SOUTHBANK,SOUTHBANK-EQ,EQ,INE683A01023,1,0.01,2,,,0,0.00,,2149064,37.22,55.82,,Final Dividend - Rs. - 0.4500;13 Aug 2026,5948,1,
NSE,CM,NSECM,1581,TARC LIMITED,TARC,TARC-EQ,EQ,INE0EK901012,1,0.01,2,,,0,0.00,,760462,105.16,157.74,2100,,1581,1,
NSE,CM,NSECM,27037,TRIB BHIMJI ZAVERI LTD,TBZ,TBZ-EQ,EQ,INE760L01018,1,0.01,2,,,0,0.00,,386235,207.12,310.66,3200;3300;3900,,27037,1,
NSE,CM,NSECM,11496,AMBICA AGAR & AROMAINDLTD,AMBICAAGAR,AMBICAAGAR-EQ,EQ,INE792B01012,1,0.01,2,,,0,0.00,,561699,19.72,29.56,2300,,11496,1,
NSE,CM,NSECM,17475,ICICI PRUDENTIAL NV20 ETF,NV20IETF,NV20IETF-EQ,EQ,INF109KC11V0,1,0.01,2,,,0,0.00,,4299330,10.82,16.22,,,17475,1,
NSE,CM,NSECM,29171,LAXMI DENTAL LIMITED,LAXMIDENTL,LAXMIDENTL-EQ,EQ,INE0WO601020,1,0.01,2,,,0,0.00,,462010,173.16,259.72,4200;4300,,29171,1,
NSE,CM,NSECM,28960,UNIMECH AEROSPACE N MFG L,UNIMECH,UNIMECH-EQ,EQ,INE0U3I01011,1,0.10,2,,,0,0.00,,80810,1113.70,1361.10,2100,,28960,1,
NSE,CM,NSECM,15254,CEAT LIMITED,CEATLTD,CEATLTD-EQ,EQ,INE482A01020,1,0.10,2,,,0,0.00,,30012,2662.90,3994.30,,Final Dividend - Rs. - 35.0000;31 Jul 2026,15254,1,
NSE,CM,NSECM,8806,SONAM LIMITED,SONAMLTD,SONAMLTD-EQ,EQ,INE00LM01029,1,0.01,2,,,0,0.00,,1309045,42.41,63.61,2300,,8806,1,
NSE,CM,NSECM,24067,LE TRAVENUES TECHNOLOGY L,IXIGO,IXIGO-EQ,EQ,INE0HV901016,1,0.01,2,,,0,0.00,,541316,147.68,221.52,2100,,24067,1,
NSE,CM,NSECM,19025,KIRLOSKAR INDUSTRIES LTD,KIRLOSIND,KIRLOSIND-EQ,EQ,INE250A01039,1,0.10,2,,,0,0.00,,26398,3030.20,4545.20,,Final Dividend - Rs. - 13.0000;11 Aug 2026,19025,1,
NSE,CM,NSECM,760356,DSPAMC - MIDCAPADD,MIDCAPADD,MIDCAPADD-EQ,EQ,INF740KA1WW5,1,0.01,2,,,0,0.00,,78520,18.20,27.28,,,760356,1,
NSE,CM,NSECM,29678,INDEF MANUFACTURING LTD,BAJAJINDEF,BAJAJINDEF-EQ,EQ,INE0O9T01021,1,0.05,2,,,0,0.00,,434302,184.20,276.30,,Final Dividend - Rs. - 2.0000;05 Aug 2026,29678,1,
NSE,CM,NSECM,11195,INTERGLOBE AVIATION LTD,INDIGO,INDIGO-EQ,EQ,INE646L01027,1,0.50,2,,,0,0.00,,19718,4486.50,5483.50,2200,,11195,1,
NSE,CM,NSECM,2183,TSF INVESTMENTS LIMITED,TSFINV,TSFINV-EQ,EQ,INE202Z01029,1,0.05,2,,,0,0.00,,230987,346.25,519.35,2100,,2183,1,
NSE,CM,NSECM,11640,BOHRA INDUSTRIES LIMITED,BOHRAIND,BOHRAIND-EQ,EQ,INE802W01023,1,0.01,2,,,0,0.00,,692328,11.99,13.25,1500;2200;2300;4300,,11640,1,
NSE,CM,NSECM,25088,ASAHI SONGWON COLOR LTD,ASAHISONG,ASAHISONG-EQ,EQ,INE228I01012,1,0.05,2,,,0,0.00,,300338,266.40,399.50,3200;4300,,25088,1,
NSE,CM,NSECM,762628,COMFORT INTECH LTD.,COMFINTE,COMFINTE-EQ,EQ,INE819A01049,1,0.01,2,,,0,0.00,,10461974,4.36,6.52,3900,,762628,1,
NSE,CM,NSECM,20072,NIP IND ETF INFRA BEES,INFRABEES,INFRABEES-EQ,EQ,INF732E01268,1,0.01,2,,,0,0.00,,63263,766.56,1149.82,,,20072,1,
NSE,CM,NSECM,11262,INDRAPRASTHA GAS LTD,IGL,IGL-EQ,EQ,INE203G01027,1,0.01,2,,,0,0.00,,669199,119.47,179.19,,,11262,1,
NSE,CM,NSECM,763294,ONEMI TECHNOLOGY SOL LTD,KISSHT,KISSHT-EQ,EQ,INE12F801023,1,0.05,2,,,0,0.00,,293833,272.15,408.15,3300;3900,,763294,1,
NSE,CM,NSECM,20621,PENNAR INDUSTRIES LTD,PENIND,PENIND-EQ,EQ,INE932A01024,1,0.01,2,,,0,0.00,,614004,130.28,195.40,,,20621,1,
NSE,CM,NSECM,762593,BIRLA PRECISION TECH L,BIRLAPREC,BIRLAPREC-EQ,EQ,INE372E01025,1,0.01,2,,,0,0.00,,2236274,27.36,41.02,,,762593,1,
NSE,CM,NSECM,15044,DELTA CORP LIMITED,DELTACORP,DELTACORP-EQ,EQ,INE124G01033,1,0.01,2,,,0,0.00,,1587346,50.40,75.58,,,15044,1,
NSE,CM,NSECM,3186,SKF INDIA LTD,SKFINDIA,SKFINDIA-EQ,EQ,INE640A01023,1,0.10,2,,,0,0.00,,67333,1187.90,1781.70,4200;4300,,3186,1,
NSE,CM,NSECM,20242,OBEROI REALTY LIMITED,OBEROIRLTY,OBEROIRLTY-EQ,EQ,INE093I01010,1,0.10,2,,,0,0.00,,54902,1639.10,2003.30,1600,Interim Dividend - Rs. - 2.0000;23 Jul 2026,20242,1,
NSE,CM,NSECM,25203,SHREE TIRUPATI BALAJEE L,BALAJEE,BALAJEE-EQ,EQ,INE0S2G01011,1,0.01,2,,,0,0.00,,2667365,21.66,32.48,4300,,25203,1,
NSE,CM,NSECM,1756,JINDAL POLY FILMS LIMITED,JINDALPOLY,JINDALPOLY-EQ,EQ,INE197D01010,1,0.05,2,,,0,0.00,,156885,605.50,669.20,2200;4100;4300,,1756,1,
NSE,CM,NSECM,14445,NAHAR POLY FILMS LIMITED,NAHARPOLY,NAHARPOLY-EQ,EQ,INE308A01027,1,0.05,2,,,0,0.00,,365229,219.05,328.55,,,14445,1,
NSE,CM,NSECM,6579,FINO PAYMENTS BANK LTD,FINOPB,FINOPB-EQ,EQ,INE02NC01014,1,0.01,2,,,0,0.00,,598505,133.65,200.47,4100;4200;4300,,6579,1,
NSE,CM,NSECM,757953,EURO PANEL PRODUCTS LTD,EUROBOND,EUROBOND-EQ,EQ,INE505V01016,1,0.01,2,,,0,0.00,,618770,129.29,193.93,2300,,757953,1,
NSE,CM,NSECM,20261,INDIAN RENEWABLE ENERGY,IREDA,IREDA-EQ,EQ,INE202E01016,1,0.01,2,,,0,0.00,,828722,108.44,132.52,,,20261,1,
NSE,CM,NSECM,1814,KALPATARU PROJECT INT LTD,KPIL,KPIL-EQ,EQ,INE220B01022,1,0.10,2,,,0,0.00,,76846,1040.00,1559.80,,,1814,1,
NSE,CM,NSECM,19015,MANOJ VAIBHAV GEM N JEW L,MVGJL,MVGJL-EQ,EQ,INE0KNT01012,1,0.01,2,,,0,0.00,,642000,124.61,186.91,,,19015,1,
NSE,CM,NSECM,3466,TOURISM FINANCE CORP. OF,TFCILTD,TFCILTD-EQ,EQ,INE305A01023,1,0.01,2,,,0,0.00,,1145867,69.82,104.72,,,3466,1,
NSE,CM,NSECM,4127,SAMBHAAV MEDIA LTD,SAMBHAAV,SAMBHAAV-EQ,EQ,INE699B01027,1,0.01,2,,,0,0.00,,6249323,5.50,6.72,2100;2300,,4127,1,
NSE,CM,NSECM,759728,EMMVEE PHOTOVOLTAIC PWR L,EMMVEE,EMMVEE-EQ,EQ,INE1C6T01020,1,0.05,2,,,0,0.00,,301861,297.90,364.10,2100;4100,,759728,1,
NSE,CM,NSECM,762787,MENON PISTONS LTD.,MENNPIS,MENNPIS-EQ,EQ,INE650G01029,1,0.01,2,,,0,0.00,,1351855,59.18,88.76,,Final Dividend - Rs. - 1.0000;28 Jul 2026,762787,1,
NSE,CM,NSECM,2643,PFIZER LTD,PFIZER,PFIZER-EQ,EQ,INE182A01018,1,0.10,2,,,0,0.00,,21591,3698.90,5548.30,,,2643,1,
NSE,CM,NSECM,9617,SUPREME PETROCHEM LIMITED,SPLPETRO,SPLPETRO-EQ,EQ,INE663A01033,1,0.05,2,,,0,0.00,,134824,593.30,889.90,,,9617,1,
NSE,CM,NSECM,9305,STARTECK FINANCE LIMITED,STARTECK,STARTECK-EQ,EQ,INE992I01013,1,0.05,2,,,0,0.00,,324066,213.00,319.40,2300,,9305,1,
NSE,CM,NSECM,27297,RATTANINDIA ENT LIMITED,RTNINDIA,RTNINDIA-EQ,EQ,INE834M01019,1,0.01,2,,,0,0.00,,3164014,25.28,37.92,2200;4300,,27297,1,
NSE,CM,NSECM,15157,ROBUST HOTELS LIMITED,RHL,RHL-EQ,EQ,INE508K01013,1,0.01,2,,,0,0.00,,565437,133.88,200.80,2300,,15157,1,
NSE,CM,NSECM,13890,HIND RECTIFIER LIMITED,HIRECT,HIRECT-EQ,EQ,INE835D01023,1,0.10,2,,,0,0.00,,76786,1041.60,1562.20,2100;2900;3500;3900,Final Dividend - Rs. - 1.4000;04 Aug 2026,13890,1,
NSE,CM,NSECM,12578,ICICIPRAMC-ICICIFIN,FINIETF,FINIETF-EQ,EQ,INF109KC17L8,1,0.01,2,,,0,0.00,,2183186,25.68,38.52,,,12578,1,
NSE,CM,NSECM,763572,GROWWAMC - PVTBKGROWW,PVTBKGROWW,PVTBKGROWW-EQ,EQ,INF666M01OT5,1,0.01,2,,,0,0.00,,82472,21.89,32.83,,,763572,1,
NSE,CM,NSECM,14784,161NSETEST,161NSETEST,161NSETEST-EQ,EQ,DUMMYSAN020,1,0.05,2,,,0,0.00,,0,180.00,220.00,,,14784,1,
NSE,CM,NSECM,5614,GANESH BENZOPLAST LIMITED,GANESHBE,GANESHBE-EQ,EQ,INE388A01029,1,0.01,2,,,0,0.00,,897563,89.13,133.69,,,5614,1,
NSE,CM,NSECM,759302,ZERODHAAMC - NIFTYCASE,NIFTYCASE,NIFTYCASE-EQ,EQ,INF0R8F01166,1,0.01,2,,,0,0.00,,2098966,7.66,11.48,,,759302,1,
NSE,CM,NSECM,1338,SOM DIST & BREW LTD,SDBL,SDBL-EQ,EQ,INE480C01038,1,0.01,2,,,0,0.00,,1371742,58.32,87.46,2100;4300,,1338,1,
NSE,CM,NSECM,8954,TATA TELESERV(MAHARASTRA),TTML,TTML-EQ,EQ,INE517B01013,1,0.01,2,,,0,0.00,,2537495,31.51,47.25,2100,,8954,1,
NSE,CM,NSECM,25312,P N GADGIL JEWELLERS LTD,PNGJL,PNGJL-EQ,EQ,INE953R01016,1,0.05,2,,,0,0.00,,154435,582.30,711.70,,,25312,1,
NSE,CM,NSECM,762954,TIMEX GROUP INDIA LTD.,TIMEX,TIMEX-EQ,EQ,INE064A01026,1,0.05,2,,,0,0.00,,172724,463.10,694.60,3300;3500;3900,,762954,1,
NSE,CM,NSECM,19111,N.B.I. IND. FIN. CO. LTD,NBIFIN,NBIFIN-EQ,EQ,INE365I01020,1,0.10,2,,,0,0.00,,45113,1773.20,2659.80,2100;2300,,19111,1,
NSE,CM,NSECM,22832,MIRAEAMC - SMALLCAP,SMALLCAP,SMALLCAP-EQ,EQ,INF769K01LC3,1,0.01,2,,,0,0.00,,2140705,37.37,56.05,,,22832,1,
NSE,CM,NSECM,1044,AXISAMC-BNKETFAXIS,BNKETFAXIS,BNKETFAXIS-EQ,EQ,INF846K01X63,1,0.01,2,,,0,0.00,,171362,466.84,700.24,,,1044,1,
NSE,CM,NSECM,14687,GOA CARBON LIMITED,GOACARBON,GOACARBON-EQ,EQ,INE426D01013,1,0.05,2,,,0,0.00,,266203,300.55,450.75,201;2200,,14687,1,
NSE,CM,NSECM,14547,NDL VENTURES LIMITED,NDLVENTURE,NDLVENTURE-EQ,EQ,INE353A01023,1,0.01,2,,,0,0.00,,799598,100.05,150.07,2100;2300,,14547,1,
NSE,CM,NSECM,18921,VARUN BEVERAGES LIMITED,VBL,VBL-EQ,EQ,INE200M01039,1,0.05,2,,,0,0.00,,216465,411.50,502.90,,,18921,1,
NSE,CM,NSECM,759048,GK ENERGY LIMITED,GKENERGY,GKENERGY-EQ,EQ,INE1AG301022,1,0.01,2,,,0,0.00,,734400,122.53,149.75,4300,,759048,1,
NSE,CM,NSECM,17778,ALLCARGO TERMINALS LTD,ATL,ATL-EQ,EQ,INE0NN701020,1,0.01,2,,,0,0.00,,4383832,18.25,27.37,,,17778,1,
NSE,CM,NSECM,23507,UJAAS ENERGY LIMITED,UEL,UEL-EQ,EQ,INE899L01030,1,0.01,2,,,0,0.00,,833160,95.99,143.97,2100;2300;4300,,23507,1,
NSE,CM,NSECM,13126,REPRO INDIA LIMITED,REPRO,REPRO-EQ,EQ,INE461B01014,1,0.05,2,,,0,0.00,,268888,297.55,446.25,2200;2300,,13126,1,
NSE,CM,NSECM,438,BHEL,BHEL,BHEL-EQ,EQ,INE257A01026,1,0.05,2,,,0,0.00,,236779,375.60,459.00,2100,,438,1,
NSE,CM,NSECM,21705,MEDI ASSIST HEALTH SER L,MEDIASSIST,MEDIASSIST-EQ,EQ,INE456Z01021,1,0.05,2,,,0,0.00,,294025,272.05,408.05,,,21705,1,
NSE,CM,NSECM,11763,JAIPRAKASH POWER VEN. LTD,JPPOWER,JPPOWER-EQ,EQ,INE351F01018,1,0.01,2,,,0,0.00,,5893973,13.56,20.34,,,11763,1,
NSE,CM,NSECM,21478,UTIAMC-NEXT50BETA,NEXT50BETA,NEXT50BETA-EQ,EQ,INF789F1AUW9,1,0.01,2,,,0,0.00,,1290651,61.98,92.96,,,21478,1,
NSE,CM,NSECM,6302,APOLLO SINDOORI HOTEL LTD,APOLSINHOT,APOLSINHOT-EQ,EQ,INE451F01024,1,0.10,2,,,0,0.00,,85032,938.40,1407.60,2300,,6302,1,
NSE,CM,NSECM,1594,INFOSYS LIMITED,INFY,INFY-EQ,EQ,INE009A01021,1,0.10,2,,,0,0.00,,93315,936.90,1144.90,,,1594,1,
NSE,CM,NSECM,13885,ARIHANT FOUN & HOU LTD,ARIHANT,ARIHANT-EQ,EQ,INE413D01011,1,0.05,2,,,0,0.00,,97871,817.40,1226.00,2300;2600;2900,,13885,1,
NSE,CM,NSECM,31017,THOMAS SCOTT (INDIA) LTD,THOMASCOTT,THOMASCOTT-EQ,EQ,INE480M01011,1,0.05,2,,,0,0.00,,325666,245.65,368.45,,,31017,1,
NSE,CM,NSECM,31181,MULTI COMMODITY EXCHANGE,MCX,MCX-EQ,EQ,INE745G01043,1,0.10,2,,,0,0.00,,36462,2457.00,3003.00,,,31181,1,
NSE,CM,NSECM,25082,TREE HOUSE EDU LTD,TREEHOUSE,TREEHOUSE-EQ,EQ,INE040M01013,1,0.01,2,,,0,0.00,,1383559,5.72,6.98,2200;2300,,25082,1,
NSE,CM,NSECM,3787,WIPRO LTD,WIPRO,WIPRO-EQ,EQ,INE075A01022,1,0.01,2,,,0,0.00,,567190,157.61,192.63,,Interim Dividend - Rs. - 2.0000;27 Jul 2026,3787,1,
NSE,CM,NSECM,13644,DSPAMC - DSPBANK,BANKADD,BANKADD-EQ,EQ,INF740KA1RX3,1,0.01,2,,,0,0.00,,1725866,46.36,69.52,,,13644,1,
NSE,CM,NSECM,3563,ADANI GREEN ENERGY LTD,ADANIGREEN,ADANIGREEN-EQ,EQ,INE364U01010,1,0.10,2,,,0,0.00,,70827,1255.60,1534.60,2100;3500;4100,,3563,1,
NSE,CM,NSECM,22488,UTIAMC-ITBETA,ITBETA,ITBETA-EQ,EQ,INF789F1AZD8,1,0.01,2,,,0,0.00,,6779,240.16,360.24,,,22488,1,
NSE,CM,NSECM,759210,TRUALT BIOENERGY LIMITED,TRUALT,TRUALT-EQ,EQ,INE0MWH01014,1,0.05,2,,,0,0.00,,233074,343.20,514.70,,,759210,1,
NSE,CM,NSECM,759041,IVALUE INFOSOLUTIONS LTD,IVALUE,IVALUE-EQ,EQ,INE056801025,1,0.05,2,,,0,0.00,,347557,230.20,345.20,,,759041,1,
NSE,CM,NSECM,16705,GOKUL REFOILS & SOLV LTD,GOKUL,GOKUL-EQ,EQ,INE020J01029,1,0.01,2,,,0,0.00,,2545754,31.43,47.13,,,16705,1,
NSE,CM,NSECM,1512,THE INDIAN HOTELS CO. LTD,INDHOTEL,INDHOTEL-EQ,EQ,INE053A01029,1,0.05,2,,,0,0.00,,136648,654.75,800.15,,,1512,1,
NSE,CM,NSECM,761680,POWERICA LIMITED,POWERICA,POWERICA-EQ,EQ,INE921L01032,1,0.05,2,,,0,0.00,,175906,539.85,596.65,,,761680,1,
NSE,CM,NSECM,3531,TRANSPEK INDUSTRY LTD,TRANSPEK,TRANSPEK-EQ,EQ,INE687A01016,1,0.05,2,,,0,0.00,,93903,851.95,1277.85,,,3531,1,
NSE,CM,NSECM,759814,MIRAEAMC - SMALL250,SMALL250,SMALL250-EQ,EQ,INF769K01PQ4,1,0.01,2,,,0,0.00,,1410698,14.16,21.22,,,759814,1,
NSE,CM,NSECM,18049,MINDTECK (INDIA) LIMITED,MINDTECK,MINDTECK-EQ,EQ,INE110B01017,1,0.01,2,,,0,0.00,,512704,156.04,234.04,,Dividend - Rs. - 1.0000;06 Aug 2026,18049,1,
NSE,CM,NSECM,14889,ASIAN GRANITO IND. LTD.,ASIANTILES,ASIANTILES-EQ,EQ,INE022I01019,1,0.01,2,,,0,0.00,,1870134,42.78,64.16,2100;3900,,14889,1,
NSE,CM,NSECM,757142,MIRAEAMC - EQUAL50,EQUAL50,EQUAL50-EQ,EQ,INF769K01OO2,1,0.01,2,,,0,0.00,,179931,263.45,395.17,,,757142,1,
NSE,CM,NSECM,10619,HDFCAMC - HDFCNEXT50,HDFCNEXT50,HDFCNEXT50-EQ,EQ,INF179KC1HS2,1,0.01,2,,,0,0.00,,1312016,58.68,88.00,,,10619,1,
NSE,CM,NSECM,11829,STEEL STRIPS WHEELS LTD.,SSWL,SSWL-EQ,EQ,INE802C01033,1,0.01,2,,,0,0.00,,346739,230.65,345.97,,,11829,1,
NSE,CM,NSECM,14154,UNO MINDA LIMITED,UNOMINDA,UNOMINDA-EQ,EQ,INE405E01023,1,0.10,2,,,0,0.00,,88365,1014.30,1239.70,2100,,14154,1,
NSE,CM,NSECM,14762,061NSETEST,061NSETEST,061NSETEST-EQ,EQ,DUMMYSAN010,1,0.05,2,,,0,0.00,,0,180.00,220.00,,,14762,1,
NSE,CM,NSECM,17971,SBI CARDS & PAY SER LTD,SBICARD,SBICARD-EQ,EQ,INE018E01016,1,0.05,2,,,0,0.00,,160820,556.90,680.60,,,17971,1,
NSE,CM,NSECM,761741,SBIAMC - SBINMID150,SBINMID150,SBINMID150-EQ,EQ,INF200KB1AK8,1,0.01,2,,,0,0.00,,169876,18.20,27.28,,,761741,1,
NSE,CM,NSECM,757814,GROWWAMC - GROWWNET,GROWWNET,GROWWNET-EQ,EQ,INF666M01LI4,1,0.01,2,,,0,0.00,,1174564,7.77,11.65,,,757814,1,
NSE,CM,NSECM,12533,AAA TECHNOLOGIES LIMITED,AAATECH,AAATECH-EQ,EQ,INE0D0U01013,1,0.01,2,,,0,0.00,,419435,71.73,107.59,2100;2300,,12533,1,
NSE,CM,NSECM,29758,KOTAKMAMC - MSCIINDIA,MSCIINDIA,MSCIINDIA-EQ,EQ,INF174KA1VD2,1,0.01,2,,,0,0.00,,3387399,23.62,35.42,,,29758,1,
NSE,CM,NSECM,11543,COFORGE LIMITED,COFORGE,COFORGE-EQ,EQ,INE591G01025,1,0.10,2,,,0,0.00,,67263,1336.30,1633.10,,,11543,1,
NSE,CM,NSECM,14584,ICICIPRAMC - PSUBANKICI,PSUBNKIETF,PSUBNKIETF-EQ,EQ,INF109KC10S8,1,0.01,2,,,0,0.00,,550222,67.39,101.07,,,14584,1,
NSE,CM,NSECM,760039,SUDEEP PHARMA LIMITED,SUDEEPPHRM,SUDEEPPHRM-EQ,EQ,INE0QPI01025,1,0.05,2,,,0,0.00,,121079,742.65,907.65,2100,Final Dividend - Rs. - 1.5000;23 Jul 2026,760039,1,
NSE,CM,NSECM,5162,TATVA CHIN PHARM CHEM LTD,TATVA,TATVA-EQ,EQ,INE0GK401011,1,0.10,2,,,0,0.00,,58034,1378.00,2066.80,501;2100,,5162,1,
NSE,CM,NSECM,8479,TVS MOTOR COMPANY  LTD,TVSMOTOR,TVSMOTOR-EQ,EQ,INE494B01023,1,0.10,2,,,0,0.00,,25653,3483.20,4257.20,2100,,8479,1,
NSE,CM,NSECM,8153,MEGASTAR FOODS LIMITED,MEGASTAR,MEGASTAR-EQ,EQ,INE00EM01016,1,0.05,2,,,0,0.00,,293420,272.65,408.95,201,,8153,1,
NSE,CM,NSECM,17808,ICICIPRAMC - ICICIQTY30,QUAL30IETF,QUAL30IETF-EQ,EQ,INF109KC18V5,1,0.01,2,,,0,0.00,,2194004,16.71,25.05,,,17808,1,
NSE,CM,NSECM,14236,HDFCAMC - HDFCMID150,HDFCMID150,HDFCMID150-EQ,EQ,INF179KC1HT0,1,0.01,2,,,0,0.00,,2770924,18.39,27.57,,,14236,1,
NSE,CM,NSECM,18520,CUPID LIMITED,CUPID,CUPID-EQ,EQ,INE509F01029,1,0.01,2,,,0,0.00,,467940,170.75,256.11,201;2100,,18520,1,
NSE,CM,NSECM,3813,ARIHANT CAPITAL MKTS LTD,ARIHANTCAP,ARIHANTCAP-EQ,EQ,INE420B01036,1,0.01,2,,,0,0.00,,1225141,65.30,97.94,,,3813,1,
NSE,CM,NSECM,25672,DIFFUSION ENGINEERS LTD,DIFFNKG,DIFFNKG-EQ,EQ,INE184O01015,1,0.05,2,,,0,0.00,,252925,316.30,474.40,4100,Final Dividend - Rs. - 1.5000;26 Aug 2026,25672,1,
NSE,CM,NSECM,2645,DRC SYSTEMS INDIA LIMITED,DRCSYSTEMS,DRCSYSTEMS-EQ,EQ,INE03RS01027,1,0.01,2,,,0,0.00,,4711458,10.73,16.09,,,2645,1,
NSE,CM,NSECM,15391,RACE ECO CHAIN LIMITED,RACE,RACE-EQ,EQ,INE084Q01012,1,0.01,2,,,0,0.00,,564309,98.33,120.17,2300;4200;4300,,15391,1,
NSE,CM,NSECM,13794,BAID FINSERV LIMITED,BAIDFIN,BAIDFIN-EQ,EQ,INE020D01022,1,0.01,2,,,0,0.00,,5064840,7.89,11.83,2300,,13794,1,
NSE,CM,NSECM,9939,ONE POINT ONE SOL LTD,ONEPOINT,ONEPOINT-EQ,EQ,INE840Y01029,1,0.01,2,,,0,0.00,,1852388,43.19,64.77,,,9939,1,
NSE,CM,NSECM,18365,PERSISTENT SYSTEMS LTD,PERSISTENT,PERSISTENT-EQ,EQ,INE262H01021,1,0.10,2,,,0,0.00,,19244,4664.30,5700.70,,Final Dividend - Rs. - 18.0000;27 Jul 2026,18365,1,
NSE,CM,NSECM,22463,EPACK DURABLE LIMITED,EPACK,EPACK-EQ,EQ,INE0G5901015,1,0.01,2,,,0,0.00,,426291,187.66,281.48,2100,,22463,1,
NSE,CM,NSECM,17547,AMRUTAJAN HEALTH LTD,AMRUTANJAN,AMRUTANJAN-EQ,EQ,INE098F01031,1,0.05,2,,,0,0.00,,196446,407.20,610.80,,,17547,1,
NSE,CM,NSECM,474,3M INDIA LIMITED,3MINDIA,3MINDIA-EQ,EQ,INE470A01017,1,5.00,2,,,0,0.00,,2815,28400.00,42600.00,2100,,474,1,
NSE,CM,NSECM,1270,AMBUJA CEMENTS LTD,AMBUJACEM,AMBUJACEM-EQ,EQ,INE079A01024,1,0.05,2,,,0,0.00,,233571,382.65,467.65,,,1270,1,
NSE,CM,NSECM,2048,INDIGO PAINTS LIMITED,INDIGOPNTS,INDIGOPNTS-EQ,EQ,INE09VQ01012,1,0.10,2,,,0,0.00,,95302,839.20,1258.60,,,2048,1,
NSE,CM,NSECM,17376,LANDSMILL GREEN LIMITED,LANDSMILL,LANDSMILL-EQ,EQ,INE688J01023,1,0.01,2,,,0,0.00,,46129727,0.60,0.90,2100,,17376,1,
NSE,CM,NSECM,6062,LICNAMC - LICNMFET,LICNETFGSC,LICNETFGSC-EQ,EQ,INF767K01MV5,1,0.01,2,,,0,0.00,,3404734,27.91,30.83,,,6062,1,
NSE,CM,NSECM,4491,BOSCH HOME COMFRT IND LTD,BOSCH-HCIL,BOSCH-HCIL-EQ,EQ,INE782A01015,1,0.10,2,,,0,0.00,,75018,1199.60,1466.00,2200,,4491,1,
NSE,CM,NSECM,5585,VIJAYA DIAGNOSTIC CEN LTD,VIJAYA,VIJAYA-EQ,EQ,INE043W01024,1,0.10,2,,,0,0.00,,76039,1051.20,1576.60,2100,,5585,1,
NSE,CM,NSECM,21247,DIGIDRIVE DISTRIBUTORS L,DIGIDRIVE,DIGIDRIVE-EQ,EQ,INE0PSC01024,1,0.01,2,,,0,0.00,,1260973,14.36,21.54,2300,,21247,1,
NSE,CM,NSECM,13260,KEC INTL. LIMITED,KEC,KEC-EQ,EQ,INE389H01022,1,0.05,2,,,0,0.00,,212692,375.95,563.85,,Final Dividend - Rs. - 5.5000;07 Aug 2026,13260,1,
NSE,CM,NSECM,4898,FDC LIMITED,FDC,FDC-EQ,EQ,INE258B01022,1,0.05,2,,,0,0.00,,242097,330.40,495.50,,,4898,1,
NSE,CM,NSECM,2188,GENERIC ENG CONS PROJ LTD,GENCON,GENCON-EQ,EQ,INE854S01022,1,0.01,2,,,0,0.00,,1863448,32.42,48.62,2300,,2188,1,
NSE,CM,NSECM,16822,IKIO TECHNOLOGIES LIMITED,IKIO,IKIO-EQ,EQ,INE0LOJ01019,1,0.01,2,,,0,0.00,,488181,163.86,245.78,501,,16822,1,
NSE,CM,NSECM,29624,AJAX ENGINEERING LIMITED,AJAXENGG,AJAXENGG-EQ,EQ,INE274Y01021,1,0.05,2,,,0,0.00,,176071,510.85,624.35,,,29624,1,
NSE,CM,NSECM,1127,GHCL LIMITED,GHCL,GHCL-EQ,EQ,INE539A01019,1,0.05,2,,,0,0.00,,229220,349.00,523.40,,,1127,1,
NSE,CM,NSECM,10580,TRANSPORT CORPN OF INDIA,TCI,TCI-EQ,EQ,INE688A01022,1,0.05,2,,,0,0.00,,108898,734.20,1101.30,,,10580,1,
NSE,CM,NSECM,3799,WEST COAST PAPER MILLS LT,WSTCSTPAPR,WSTCSTPAPR-EQ,EQ,INE976A01021,1,0.05,2,,,0,0.00,,180642,442.85,664.25,,Final Dividend - Rs. - 3.0000;10 Aug 2026,3799,1,
NSE,CM,NSECM,5610,ASTRAZENECA PHARMA IND LT,ASTRAZEN,ASTRAZEN-EQ,EQ,INE203A01020,1,0.50,2,,,0,0.00,,12473,6404.50,9606.50,2100,Final Dividend - Rs. - 36.0000;31 Jul 2026,5610,1,
NSE,CM,NSECM,4870,IND SWIFT LABORATORIES LT,INDSWFTLAB,INDSWFTLAB-EQ,EQ,INE915B01019,1,0.01,2,,,0,0.00,,439565,182.00,272.98,501,,4870,1,
NSE,CM,NSECM,4693,SHYAM METALICS AND ENGY L,SHYAMMETL,SHYAMMETL-EQ,EQ,INE810G01011,1,0.05,2,,,0,0.00,,97136,822.00,1232.90,,Final Dividend - Rs. - 2.7000;07 Aug 2026,4693,1,
NSE,CM,NSECM,756802,OSWAL PUMPS LIMITED,OSWALPUMPS,OSWALPUMPS-EQ,EQ,INE0BYP01024,1,0.05,2,,,0,0.00,,278398,323.25,395.05,4200;4300,,756802,1,
NSE,CM,NSECM,25222,SANOFI CONS HEALTHC IND L,SANOFICONR,SANOFICONR-EQ,EQ,INE0UOS01011,1,0.10,2,,,0,0.00,,21371,3739.80,5609.60,,,25222,1,
NSE,CM,NSECM,11915,YES BANK LIMITED,YESBANK,YESBANK-EQ,EQ,INE528G01035,1,0.01,2,,,0,0.00,,4331251,20.66,25.24,,,11915,1,
NSE,CM,NSECM,17675,ALOK INDUSTRIES LIMITED,ALOKINDS,ALOKINDS-EQ,EQ,INE270A01029,1,0.01,2,,,0,0.00,,8282019,9.66,14.48,1500;2200,,17675,1,
NSE,CM,NSECM,10512,KOTAKMAMC - KOTAKCONS,CONS,CONS-EQ,EQ,INF174KA1ZF8,1,0.01,2,,,0,0.00,,961472,9.70,14.54,,,10512,1,
NSE,CM,NSECM,14230,HDFCAMC - HDFCBSE500,HDFCBSE500,HDFCBSE500-EQ,EQ,INF179KC1EZ4,1,0.01,2,,,0,0.00,,489301,29.52,44.26,,,14230,1,
NSE,CM,NSECM,762563,BAJAJ STEEL INDS. LTD.,BAJAJST,BAJAJST-EQ,EQ,INE704G01024,1,0.05,2,,,0,0.00,,252698,316.60,474.80,,,762563,1,
NSE,CM,NSECM,12024,ARCHEAN CHEMICAL IND LTD,ACI,ACI-EQ,EQ,INE128X01021,1,0.05,2,,,0,0.00,,180124,443.90,665.80,2100,,12024,1,
NSE,CM,NSECM,4749,CONTAINER CORP OF IND LTD,CONCOR,CONCOR-EQ,EQ,INE111A01025,1,0.05,2,,,0,0.00,,208682,429.80,525.30,,Interim Dividend - Rs. - 1.6000;04 Aug 2026,4749,1,
NSE,CM,NSECM,23650,MUTHOOT FINANCE LIMITED,MUTHOOTFIN,MUTHOOTFIN-EQ,EQ,INE414G01012,1,0.10,2,,,0,0.00,,33320,2688.10,3285.30,,,23650,1,
NSE,CM,NSECM,3965,REMSONS INDUSTRIES LTD,REMSONSIND,REMSONSIND-EQ,EQ,INE474C01023,1,0.01,2,,,0,0.00,,1140535,62.65,93.97,,,3965,1,
NSE,CM,NSECM,6782,INDO-NATIONAL LIMITED,NIPPOBATRY,NIPPOBATRY-EQ,EQ,INE567A01028,1,0.05,2,,,0,0.00,,245248,261.05,391.55,201;2200;2300,,6782,1,
NSE,CM,NSECM,6218,SIKKO INDUSTRIES LIMITED,SIKKO,SIKKO-EQ,EQ,INE112X01025,1,0.01,2,,,0,0.00,,14283358,3.76,5.64,,,6218,1,
NSE,CM,NSECM,18760,YATRA ONLINE LIMITED,YATRA,YATRA-EQ,EQ,INE0JR601024,1,0.01,2,,,0,0.00,,928629,86.14,129.20,,,18760,1,
NSE,CM,NSECM,14777,121NSETEST,121NSETEST,121NSETEST-EQ,EQ,DUMMYSAN016,1,0.05,2,,,0,0.00,,0,180.00,220.00,,,14777,1,
NSE,CM,NSECM,15420,ANDHRA CEMENTS LIMITED,ACL,ACL-EQ,EQ,INE666E01020,1,0.01,2,,,0,0.00,,2124935,42.36,51.76,2200;4300,,15420,1,
NSE,CM,NSECM,4668,BANK OF BARODA,BANKBARODA,BANKBARODA-EQ,EQ,INE028A01039,1,0.05,2,,,0,0.00,,403365,221.85,271.05,,,4668,1,
NSE,CM,NSECM,761469,SHADOWFAX TECHNOLOGIES L,SHADOWFAX,SHADOWFAX-EQ,EQ,INE12UN01015,1,0.01,2,,,0,0.00,,466228,171.59,257.37,201;2100,,761469,1,
NSE,CM,NSECM,8506,NIP IND ETF MIDCAP 150,MID150BEES,MID150BEES-EQ,EQ,INF204KB1V68,1,0.01,2,,,0,0.00,,426084,187.73,281.59,,,8506,1,
NSE,CM,NSECM,761916,VIRTUOSO OPTOELECTRONIC L,VOEPL,VOEPL-EQ,EQ,INE0I0T01010,1,0.05,2,,,0,0.00,,206563,387.25,580.85,,,761916,1,
NSE,CM,NSECM,4920,HINDCON CHEMICALS LIMITED,HINDCON,HINDCON-EQ,EQ,INE642Y01029,1,0.01,2,,,0,0.00,,1673932,19.49,21.53,2300,,4920,1,
NSE,CM,NSECM,7929,ZYDUS LIFESCIENCES LTD,ZYDUSLIFE,ZYDUSLIFE-EQ,EQ,INE010B01027,1,0.10,2,,,0,0.00,,89553,997.90,1219.50,,Final Dividend - Rs. - 1.0000;24 Jul 2026,7929,1,
NSE,CM,NSECM,2319,NCC LIMITED,NCC,NCC-EQ,EQ,INE868B01028,1,0.01,2,,,0,0.00,,728928,109.68,164.50,,Dividend - Rs. - 2.2000;14 Aug 2026,2319,1,
NSE,CM,NSECM,760599,DSPAMC - NEXT50ADD,NEXT50ADD,NEXT50ADD-EQ,EQ,INF740KA1XU7,1,0.01,2,,,0,0.00,,39958,57.68,86.52,,,760599,1,
NSE,CM,NSECM,15229,LICNAMC - LICNFNHGP,LICNFNHGP,LICNFNHGP-EQ,EQ,INF767K01PC8,1,0.01,2,,,0,0.00,,366210,218.45,327.67,,,15229,1,
NSE,CM,NSECM,17613,DSPAMC - DSPSENXETF,SENSEXADD,SENSEXADD-EQ,EQ,INF740KA1SZ6,1,0.01,2,,,0,0.00,,16597,62.97,94.45,,,17613,1,
NSE,CM,NSECM,29025,INDO FARM EQUIPMENT LTD,INDOFARM,INDOFARM-EQ,EQ,INE622H01018,1,0.01,2,,,0,0.00,,656768,121.80,182.70,,,29025,1,
NSE,CM,NSECM,11860,JK PAPER LIMITED,JKPAPER,JKPAPER-EQ,EQ,INE789E01012,1,0.05,2,,,0,0.00,,248949,321.20,481.70,,,11860,1,
NSE,CM,NSECM,24715,AKUMS DRUGS AND PHARMA L,AKUMS,AKUMS-EQ,EQ,INE09XN01023,1,0.05,2,,,0,0.00,,145431,618.60,756.00,,,24715,1,
NSE,CM,NSECM,13491,JK LAKSHMI CEMENT LTD,JKLAKSHMI,JKLAKSHMI-EQ,EQ,INE786A01032,1,0.05,2,,,0,0.00,,174670,458.00,687.00,,,13491,1,
NSE,CM,NSECM,13580,RADIANT CASH MGMT SER LTD,RADIANTCMS,RADIANTCMS-EQ,EQ,INE855R01021,1,0.01,2,,,0,0.00,,2707818,29.55,44.31,,,13580,1,
NSE,CM,NSECM,10588,SHRE PUSH CHEM & FERT LTD,SHREEPUSHK,SHREEPUSHK-EQ,EQ,INE712K01011,1,0.05,2,,,0,0.00,,258474,309.50,464.20,,,10588,1,
NSE,CM,NSECM,15356,DSPAMC - DSPGOLD,GOLDADD,GOLDADD-EQ,EQ,INF740KA1SW3,1,0.01,2,,,0,0.00,,716797,111.60,167.38,,,15356,1,
NSE,CM,NSECM,18284,NIP IND ETF HANGSENG BEES,HNGSNGBEES,HNGSNGBEES-EQ,EQ,INF204KB19I1,1,0.01,2,,,0,0.00,,217279,368.19,552.27,,,18284,1,
NSE,CM,NSECM,14858,KOTAK GOLD ETF,GOLD1,GOLD1-EQ,EQ,INF174KA1HJ8,1,0.01,2,,,0,0.00,,834327,95.86,143.78,,,14858,1,
NSE,CM,NSECM,10557,NAVKAR CORPORATION LTD.,NAVKARCORP,NAVKARCORP-EQ,EQ,INE278M01019,1,0.01,2,,,0,0.00,,978825,81.72,122.58,,,10557,1,
NSE,CM,NSECM,27097,NIVA BUPA HEALTH INS CO L,NIVABUPA,NIVABUPA-EQ,EQ,INE995S01015,1,0.01,2,,,0,0.00,,1152999,69.32,103.96,2100,,27097,1,
NSE,CM,NSECM,2866,RASHTRIYA CHEMICALS & FER,RCF,RCF-EQ,EQ,INE027A01015,1,0.01,2,,,0,0.00,,804911,99.38,149.06,,,2866,1,
NSE,CM,NSECM,12092,KAYNES TECHNOLOGY IND LTD,KAYNES,KAYNES-EQ,EQ,INE918Z01012,1,0.10,2,,,0,0.00,,31438,2858.60,3493.80,2100;4300,,12092,1,
NSE,CM,NSECM,29872,GROWWAMC - GROWWN200,GROWWN200,GROWWN200-EQ,EQ,INF666M01JV1,1,0.01,2,,,0,0.00,,496103,8.96,13.44,,,29872,1,
NSE,CM,NSECM,12009,IND MOTOR PART & ACC LTD,IMPAL,IMPAL-EQ,EQ,INE547E01014,1,0.10,2,,,0,0.00,,92925,860.90,1291.30,,,12009,1,
NSE,CM,NSECM,4136,BIOFIL CHEM & PHARMA LTD,BIOFILCHEM,BIOFILCHEM-EQ,EQ,INE829A01014,1,0.01,2,,,0,0.00,,532152,25.66,38.48,2300,,4136,1,
NSE,CM,NSECM,30392,ICICI PRUD NIFTY 100 ETF,NIF100IETF,NIF100IETF-EQ,EQ,INF109KC16V9,1,0.01,2,,,0,0.00,,1865768,22.25,33.37,,,30392,1,
NSE,CM,NSECM,17105,SUMITOMO CHEM INDIA LTD,SUMICHEM,SUMICHEM-EQ,EQ,INE258G01013,1,0.05,2,,,0,0.00,,191670,416.40,624.50,,,17105,1,
NSE,CM,NSECM,11580,WESTLIFE FOODWORLD LTD,WESTLIFE,WESTLIFE-EQ,EQ,INE274F01020,1,0.05,2,,,0,0.00,,217685,367.35,550.95,2100,Interim Dividend;07 Aug 2026,11580,1,
NSE,CM,NSECM,1476,IDBI BANK LIMITED,IDBI,IDBI-EQ,EQ,INE008A01015,1,0.01,2,,,0,0.00,,1172010,67.95,101.91,,,1476,1,
NSE,CM,NSECM,10676,KOTAKMAMC - KOTAKMNC,MNC,MNC-EQ,EQ,INF174KA1JF2,1,0.01,2,,,0,0.00,,461247,26.70,40.04,,,10676,1,
NSE,CM,NSECM,3736,WALCHANDNAGAR INDUSTRIES,WALCHANNAG,WALCHANNAG-EQ,EQ,INE711A01022,1,0.05,2,,,0,0.00,,421705,189.70,284.50,201;2200,,3736,1,
NSE,CM,NSECM,5957,BIRLASLAMC - BSLSENETFG,BSLSENETFG,BSLSENETFG-EQ,EQ,INF209KB10E8,1,0.01,2,,,0,0.00,,1139205,61.56,92.34,,,5957,1,
NSE,CM,NSECM,6606,DSPAMC - DSPNEWETF,EQUAL50ADD,EQUAL50ADD-EQ,EQ,INF740KA1QK2,1,0.01,2,,,0,0.00,,293831,272.26,408.38,,,6606,1,
NSE,CM,NSECM,3918,NATCO PHARMA LTD.,NATCOPHARM,NATCOPHARM-EQ,EQ,INE987B01026,1,0.05,2,,,0,0.00,,108360,737.20,1105.70,,,3918,1,
NSE,CM,NSECM,31415,NBCC (INDIA) LIMITED,NBCC,NBCC-EQ,EQ,INE095N01031,1,0.01,2,,,0,0.00,,1063798,84.46,103.22,,,31415,1,
NSE,CM,NSECM,25403,WESTERN CARRIERS (IND) L,WCIL,WCIL-EQ,EQ,INE0CJF01024,1,0.01,2,,,0,0.00,,1111310,71.99,107.97,,,25403,1,
NSE,CM,NSECM,760242,PNGS REVA DIAMOND JEWEL L,PNGSREVA,PNGSREVA-EQ,EQ,INE1RDG01013,1,0.05,2,,,0,0.00,,246327,324.80,487.10,,,760242,1,
NSE,CM,NSECM,759130,A B COTSPIN INDIA LIMITED,ABCOTS,ABCOTS-EQ,EQ,INE08PH01015,1,0.01,2,,,0,0.00,,499034,160.31,240.45,2300;4100;4300,,759130,1,
NSE,CM,NSECM,5373,DEVYANI INTERNATIONAL LTD,DEVYANI,DEVYANI-EQ,EQ,INE872J01023,1,0.01,2,,,0,0.00,,890181,89.84,134.76,2200,,5373,1,
NSE,CM,NSECM,14758,051NSETEST,051NSETEST,051NSETEST-EQ,EQ,DUMMYSAN009,1,0.05,2,,,0,0.00,,0,180.00,220.00,,,14758,1,
NSE,CM,NSECM,10940,DIVI S LABORATORIES LTD,DIVISLAB,DIVISLAB-EQ,EQ,INE361B01024,1,0.50,2,,,0,0.00,,13537,6524.00,7973.00,2100,Final Dividend - Rs. - 30.0000;24 Jul 2026,10940,1,
NSE,CM,NSECM,8968,HARIOM PIPE INDUSTRIES L,HARIOMPIPE,HARIOMPIPE-EQ,EQ,INE00EV01017,1,0.05,2,,,0,0.00,,255200,313.45,470.15,,,8968,1,
NSE,CM,NSECM,11987,INDO COUNT INDUSTRIES LTD,ICIL,ICIL-EQ,EQ,INE483B01026,1,0.05,2,,,0,0.00,,247764,322.80,484.10,2100;3300;3500;3900,,11987,1,
NSE,CM,NSECM,11427,NDTV LTD,NDTV,NDTV-EQ,EQ,INE155G01029,1,0.01,2,,,0,0.00,,1304365,61.33,91.99,1500;2200,,11427,1,
NSE,CM,NSECM,758853,SG FINSERVE LIMITED,SGFIN,SGFIN-EQ,EQ,INE618R01015,1,0.05,2,,,0,0.00,,143649,556.85,835.25,3500;4100,,758853,1,
NSE,CM,NSECM,9756,EMUDHRA LIMITED,EMUDHRA,EMUDHRA-EQ,EQ,INE01QM01018,1,0.05,2,,,0,0.00,,219367,364.60,546.90,,,9756,1,
NSE,CM,NSECM,12188,INOX GREEN ENERGY SER LTD,INOXGREEN,INOXGREEN-EQ,EQ,INE510W01014,1,0.01,2,,,0,0.00,,521135,153.50,230.24,2100,Spin Off ;01 Aug 2026,12188,1,
NSE,CM,NSECM,1802,JYOTI STRUCTURES LTD,JYOTISTRUC,JYOTISTRUC-EQ,EQ,INE197A01024,1,0.01,2,,,0,0.00,,9114786,8.78,13.16,,,1802,1,
NSE,CM,NSECM,8596,MOTHERSON SUMI WRNG IND L,MSUMI,MSUMI-EQ,EQ,INE0FS801015,1,0.01,2,,,0,0.00,,2486872,32.09,48.13,,,8596,1,
NSE,CM,NSECM,17438,OIL INDIA LTD,OIL,OIL-EQ,EQ,INE274J01014,1,0.05,2,,,0,0.00,,221217,404.80,494.70,,,17438,1,
NSE,CM,NSECM,25737,SHANKAR LAL RAMPAL LTD,SRD,SRD-EQ,EQ,INE01NE01012,1,0.01,2,,,0,0.00,,2091712,30.34,45.50,2300,,25737,1,
NSE,CM,NSECM,759466,EDELAMC - ELIQUID,ELIQUID,ELIQUID-EQ,EQ,INF754K01VW2,1,0.01,2,,,0,0.00,,19599,988.47,1092.51,,,759466,1,
NSE,CM,NSECM,10726,INDIAMART INTERMESH LTD,INDIAMART,INDIAMART-EQ,EQ,INE933S01016,1,0.10,2,,,0,0.00,,56774,1408.00,2111.80,,,10726,1,
NSE,CM,NSECM,18652,ICICI PRU LIFE INS CO LTD,ICICIPRULI,ICICIPRULI-EQ,EQ,INE726G01019,1,0.05,2,,,0,0.00,,198747,450.50,550.60,,,18652,1,
NSE,CM,NSECM,7457,SRI HAVISHA HOSP & INFR L,HAVISHA,HAVISHA-EQ,EQ,INE293B01029,1,0.01,2,,,0,0.00,,5020619,1.11,1.35,2200;2300,,7457,1,
NSE,CM,NSECM,2481,ONWARD TECHNOLOGIES LTD,ONWARDTEC,ONWARDTEC-EQ,EQ,INE229A01017,1,0.05,2,,,0,0.00,,344038,232.55,348.75,,,2481,1,
NSE,CM,NSECM,583,CAN FIN HOMES LTD,CANFINHOME,CANFINHOME-EQ,EQ,INE477A01020,1,0.05,2,,,0,0.00,,122767,651.15,976.65,,,583,1,
NSE,CM,NSECM,25503,INDO US BIOTECH LTD,INDOUS,INDOUS-EQ,EQ,INE250Z01010,1,0.01,2,,,0,0.00,,655699,67.99,101.97,2300,,25503,1,
NSE,CM,NSECM,11627,NARMADA AGROBASE LIMITED,NARMADA,NARMADA-EQ,EQ,INE117Z01011,1,0.01,2,,,0,0.00,,1240519,27.94,41.90,,,11627,1,
NSE,CM,NSECM,13826,SOBHA LIMITED,SOBHA,SOBHA-EQ,EQ,INE671H01015,1,0.10,2,,,0,0.00,,73354,1089.90,1634.70,2100,,13826,1,
NSE,CM,NSECM,13276,LANDMARK CARS LIMITED,LANDMARK,LANDMARK-EQ,EQ,INE559R01029,1,0.05,2,,,0,0.00,,194967,410.25,615.35,501;2100,,13276,1,
NSE,CM,NSECM,21392,MAGADH SUGAR & ENERGY LTD,MAGADSUGAR,MAGADSUGAR-EQ,EQ,INE347W01011,1,0.05,2,,,0,0.00,,202481,395.10,592.60,,,21392,1,
NSE,CM,NSECM,11297,STANDARD INDUSTRIES LTD.,SIL,SIL-EQ,EQ,INE173A01025,1,0.01,2,,,0,0.00,,2103555,12.72,19.06,1500;2200;2300,Final Dividend - Rs. - 0.2500;11 Aug 2026,11297,1,
NSE,CM,NSECM,881,DR. REDDY S LABORATORIES,DRREDDY,DRREDDY-EQ,EQ,INE089A01031,1,0.10,2,,,0,0.00,,86804,1036.60,1266.80,,,881,1,
NSE,CM,NSECM,754612,ICICIPRAMC - SMALLIETF,SMALLIETF,SMALLIETF-EQ,EQ,INF109K1A476,1,0.01,2,,,0,0.00,,162481,14.13,21.19,,,754612,1,
NSE,CM,NSECM,3126,SHREYANS INDUSTRIES LTD,SHREYANIND,SHREYANIND-EQ,EQ,INE231C01019,1,0.01,2,,,0,0.00,,452076,110.92,166.38,2300,Final Dividend - Rs. - 1.5000;05 Aug 2026,3126,1,
NSE,CM,NSECM,11689,SUPRAJIT ENGINEERING LTD,SUPRAJIT,SUPRAJIT-EQ,EQ,INE399C01030,1,0.05,2,,,0,0.00,,206304,387.60,581.30,,,11689,1,
NSE,CM,NSECM,7105,TEGA INDUSTRIES LIMITED,TEGA,TEGA-EQ,EQ,INE011K01018,1,0.10,2,,,0,0.00,,64082,1248.30,1872.30,2100,,7105,1,
NSE,CM,NSECM,20224,JUPITER WAGONS LIMITED,JWL,JWL-EQ,EQ,INE209L01016,1,0.05,2,,,0,0.00,,405573,197.25,295.85,2100,,20224,1,
NSE,CM,NSECM,8632,KOTAKMAMC - KOTAKLOVOL,LOWVOL1,LOWVOL1-EQ,EQ,INF174KA1IY5,1,0.01,2,,,0,0.00,,4068162,16.89,25.33,,,8632,1,
NSE,CM,NSECM,17795,TRANSINDIA REAL ESTATE L,TREL,TREL-EQ,EQ,INE0O3901029,1,0.01,2,,,0,0.00,,4111713,19.46,29.18,,,17795,1,
NSE,CM,NSECM,467,HDFC LIFE INS CO LTD,HDFCLIFE,HDFCLIFE-EQ,EQ,INE795G01014,1,0.05,2,,,0,0.00,,179108,499.55,610.55,2100,,467,1,
NSE,CM,NSECM,11386,ICICIPRAMC - ICICIBANKP,PVTBANIETF,PVTBANIETF-EQ,EQ,INF109KC18U7,1,0.01,2,,,0,0.00,,3629005,22.04,33.06,,,11386,1,
NSE,CM,NSECM,11260,HDFCAMC - HDFCVALUE,HDFCVALUE,HDFCVALUE-EQ,EQ,INF179KC1DK8,1,0.01,2,,,0,0.00,,86448,99.88,149.80,,,11260,1,
NSE,CM,NSECM,10415,MUTHOOT CAP SERV LTD,MUTHOOTCAP,MUTHOOTCAP-EQ,EQ,INE296G01013,1,0.01,2,,,0,0.00,,467783,171.02,256.52,1600,,10415,1,
NSE,CM,NSECM,2313,MURUDESHWAR CERAMICS LTD,MURUDCERA,MURUDCERA-EQ,EQ,INE692B01014,1,0.01,2,,,0,0.00,,1979829,24.32,36.48,2300,,2313,1,
NSE,CM,NSECM,15119,EDELWEISS FIN SERV LTD,EDELWEISS,EDELWEISS-EQ,EQ,INE532F01054,1,0.01,2,,,0,0.00,,853770,93.62,140.42,,,15119,1,
NSE,CM,NSECM,759439,PATEL RETAIL LIMITED,PATELRMART,PATELRMART-EQ,EQ,INE0R8B01010,1,0.01,2,,,0,0.00,,447532,178.76,268.12,,,759439,1,
NSE,CM,NSECM,4421,CREDITACCESS GRAMEEN LTD,CREDITACC,CREDITACC-EQ,EQ,INE741K01010,1,0.10,2,,,0,0.00,,65860,1214.10,1821.10,,,4421,1,
NSE,CM,NSECM,2073,VARDHMAN TEXTILES LIMITED,VTL,VTL-EQ,EQ,INE825A01020,1,0.05,2,,,0,0.00,,162684,491.70,737.50,,,2073,1,
NSE,CM,NSECM,23446,171NSETEST,171NSETEST,171NSETEST-EQ,EQ,DUMMYSAN021,1,0.05,2,,,0,0.00,,0,180.00,220.00,,,23446,1,
NSE,CM,NSECM,480,BIRLA CORPORATION LTD,BIRLACORPN,BIRLACORPN-EQ,EQ,INE340A01012,1,0.05,2,,,0,0.00,,104495,765.30,1147.90,,Final Dividend - Rs. - 12.5000;24 Jul 2026,480,1,
NSE,CM,NSECM,955,ESAB INDIA LTD,ESABINDIA,ESABINDIA-EQ,EQ,INE284A01012,1,0.50,2,,,0,0.00,,17685,4520.00,6779.00,,Final Dividend - Rs. - 25.0000;23 Jul 2026,955,1,
NSE,CM,NSECM,25262,TOLINS TYRES LIMITED,TOLINS,TOLINS-EQ,EQ,INE0RWQ01014,1,0.01,2,,,0,0.00,,973694,82.16,123.24,,,25262,1,
NSE,CM,NSECM,11796,HINDPRAKASH INDUSTRY LTD,HPIL,HPIL-EQ,EQ,INE05X901010,1,0.01,2,,,0,0.00,,373567,100.53,150.79,2100;2300,,11796,1,
NSE,CM,NSECM,6994,BIRLASOFT LIMITED,BSOFT,BSOFT-EQ,EQ,INE836A01035,1,0.05,2,,,0,0.00,,353853,225.95,338.85,,,6994,1,
NSE,CM,NSECM,29472,PROTEAN EGOV TECHNO LTD,PROTEAN,PROTEAN-EQ,EQ,INE004A01022,1,0.05,2,,,0,0.00,,168355,475.15,712.65,,,29472,1,
NSE,CM,NSECM,15204,ARIES AGRO LTD.,ARIES,ARIES-EQ,EQ,INE298I01015,1,0.05,2,,,0,0.00,,293207,272.85,409.25,,,15204,1,
NSE,CM,NSECM,17263,ARMAN FIN SERV LTD,ARMANFIN,ARMANFIN-EQ,EQ,INE109C01017,1,0.10,2,,,0,0.00,,52152,1533.90,2300.70,,,17263,1,
NSE,CM,NSECM,19073,AARVI ENCON LIMITED,AARVI,AARVI-EQ,EQ,INE754X01016,1,0.01,2,,,0,0.00,,485401,123.92,185.86,,,19073,1,
NSE,CM,NSECM,24409,DHANUKA AGRITECH LTD,DHANUKA,DHANUKA-EQ,EQ,INE435G01025,1,0.10,2,,,0,0.00,,98675,810.70,1215.90,,,24409,1,
NSE,CM,NSECM,11538,HDFCAMC - HDFCMOMENT,HDFCMOMENT,HDFCMOMENT-EQ,EQ,INF179KC1HV6,1,0.01,2,,,0,0.00,,1355852,24.40,36.58,,,11538,1,
NSE,CM,NSECM,2275,IRIS CLOTHINGS LIMITED,IRISDOREME,IRISDOREME-EQ,EQ,INE01GN01025,1,0.01,2,,,0,0.00,,2090599,38.27,57.39,2100,,2275,1,
NSE,CM,NSECM,9117,TIPS MUSIC LIMITED,TIPSMUSIC,TIPSMUSIC-EQ,EQ,INE716B01029,1,0.05,2,,,0,0.00,,142937,559.60,839.30,,,9117,1,
NSE,CM,NSECM,11530,ELECTRONICS MART IND LTD,EMIL,EMIL-EQ,EQ,INE02YR01019,1,0.01,2,,,0,0.00,,771035,103.72,155.56,,,11530,1,
NSE,CM,NSECM,762985,SARASWATI COMM (INDIA) L,ZSARACOM,ZSARACOM-EQ,EQ,INE967G01019,1,0.50,2,,,0,0.00,,8085,11128.50,13600.50,2300;3200,,762985,1,
NSE,CM,NSECM,21399,GANGES SECURITIES LIMITED,GANGESSECU,GANGESSECU-EQ,EQ,INE335W01016,1,0.01,2,,,0,0.00,,327119,93.00,139.48,2300,,21399,1,
NSE,CM,NSECM,4953,ADROIT INFOTECH LIMITED,ADROITINFO,ADROITINFO-EQ,EQ,INE737B01033,1,0.01,2,,,0,0.00,,1771593,7.40,11.10,2300,,4953,1,
NSE,CM,NSECM,14755,041NSETEST,041NSETEST,041NSETEST-EQ,EQ,DUMMYSAN008,1,0.05,2,,,0,0.00,,0,180.00,220.00,,,14755,1,
NSE,CM,NSECM,3607,UNIVERSAL CABLES LTD,UNIVCABLES,UNIVCABLES-EQ,EQ,INE279A01012,1,0.10,2,,,0,0.00,,81253,984.30,1476.30,201,Dividend - Rs. - 4.5000;27 Jul 2026,3607,1,
NSE,CM,NSECM,19447,CAPITAL TRUST LIMITED,CAPTRUST,CAPTRUST-EQ,EQ,INE707C01018,1,0.01,2,,,0,0.00,,1112433,13.92,15.38,2200;2300;4000;4200;4300,,19447,1,
NSE,CM,NSECM,5352,EXXARO TILES LIMITED,EXXARO,EXXARO-EQ,EQ,INE0GFE01026,1,0.01,2,,,0,0.00,,14630328,5.24,7.84,2100,,5352,1,
NSE,CM,NSECM,220,INDIAN ENERGY EXC LTD,IEX,IEX-EQ,EQ,INE022Q01020,1,0.01,2,,,0,0.00,,804305,111.84,136.68,,,220,1,
NSE,CM,NSECM,760204,MARKOLINES PAVEMENT TEC L,MARKOLINES,MARKOLINES-EQ,EQ,INE0FW001016,1,0.01,2,,,0,0.00,,568658,140.68,211.02,,,760204,1,
NSE,CM,NSECM,13111,ORIENT CERATECH LIMITED,ORIENTCER,ORIENTCER-EQ,EQ,INE569C01020,1,0.01,2,,,0,0.00,,2452722,32.62,48.92,,,13111,1,
NSE,CM,NSECM,21683,BHARAT ROAD NETWORK LTD,BRNL,BRNL-EQ,EQ,INE727S01012,1,0.01,2,,,0,0.00,,2745163,14.45,21.67,2200,,21683,1,
NSE,CM,NSECM,559,BSL LTD,BSL,BSL-EQ,EQ,INE594B01012,1,0.01,2,,,0,0.00,,336552,99.80,149.68,2100;2300,,559,1,
NSE,CM,NSECM,13750,GUJARAT FLUOROCHEM LTD,FLUOROCHEM,FLUOROCHEM-EQ,EQ,INE09N301011,1,0.10,2,,,0,0.00,,21859,3659.00,5488.40,2100,,13750,1,
NSE,CM,NSECM,23447,181NSETEST,181NSETEST,181NSETEST-EQ,EQ,DUMMYSAN022,1,0.05,2,,,0,0.00,,0,180.00,220.00,,,23447,1,
NSE,CM,NSECM,759371,MOTILALAMC - MONIFTY100,MONIFTY100,MONIFTY100-EQ,EQ,INF247L01GG9,1,0.01,2,,,0,0.00,,206662,20.06,30.08,,,759371,1,
NSE,CM,NSECM,28913,ROSSELL INDIA LIMITED,ROSSELLIND,ROSSELLIND-EQ,EQ,INE847C01020,1,0.01,2,,,0,0.00,,1696612,47.16,70.72,,Dividend - Rs. - 0.4000;18 Aug 2026,28913,1,
NSE,CM,NSECM,21427,THE INVEST TRUST OF IND L,THEINVEST,THEINVEST-EQ,EQ,INE924D01017,1,0.01,2,,,0,0.00,,1050276,76.17,114.25,2300,,21427,1,
NSE,CM,NSECM,24538,MAITHAN ALLOYS LTD,MAITHANALL,MAITHANALL-EQ,EQ,INE683C01011,1,0.10,2,,,0,0.00,,104218,767.50,1151.10,,,24538,1,
NSE,CM,NSECM,7508,ZEN TECHNOLOGIES LIMITED,ZENTEC,ZENTEC-EQ,EQ,INE251B01027,1,0.10,2,,,0,0.00,,56520,1415.00,2122.40,2100,Final Dividend - Rs. - 1.0000;21 Aug 2026,7508,1,
NSE,CM,NSECM,24025,KRONOX LAB SCIENCES LTD,KRONOX,KRONOX-EQ,EQ,INE0ATZ01017,1,0.01,2,,,0,0.00,,647686,123.52,185.26,,,24025,1,
NSE,CM,NSECM,18252,S. P. APPARELS LIMITED,SPAL,SPAL-EQ,EQ,INE212I01016,1,0.10,2,,,0,0.00,,99699,802.30,1203.30,501,,18252,1,
NSE,CM,NSECM,22901,ZERODHAAMC - GOLDCASE,GOLDCASE,GOLDCASE-EQ,EQ,INF0R8F01042,1,0.01,2,,,0,0.00,,4426071,18.08,27.10,,,22901,1,
NSE,CM,NSECM,778,DSJ KEEP LEARNING LTD,KEEPLEARN,KEEPLEARN-EQ,EQ,INE055C01020,1,0.01,2,,,0,0.00,,5091784,1.48,2.22,100;201;2200;2300,,778,1,
NSE,CM,NSECM,14922,PURAVANKARA LIMITED,PURVA,PURVA-EQ,EQ,INE323I01011,1,0.01,2,,,0,0.00,,468606,170.68,256.02,2100,,14922,1,
NSE,CM,NSECM,6643,SJS ENTERPRISES LIMITED,SJS,SJS-EQ,EQ,INE284S01014,1,0.10,2,,,0,0.00,,42789,1868.50,2802.70,,,6643,1,
NSE,CM,NSECM,29962,JUSTDIAL LTD.,JUSTDIAL,JUSTDIAL-EQ,EQ,INE599M01018,1,0.05,2,,,0,0.00,,137098,656.10,801.80,501,,29962,1,
NSE,CM,NSECM,17987,TRF LIMITED,TRF,TRF-EQ,EQ,INE391D01019,1,0.01,2,,,0,0.00,,359843,186.37,279.55,2200,,17987,1,
NSE,CM,NSECM,760594,SHANKARA BUILDPRO LIMITED,BUILDPRO,BUILDPRO-EQ,EQ,INE24OJ01011,1,0.10,2,,,0,0.00,,80870,989.00,1483.40,3500;4100,,760594,1,
NSE,CM,NSECM,24196,VADILAL INDUSTRIES LTD,VADILALIND,VADILALIND-EQ,EQ,INE694D01016,1,0.50,2,,,0,0.00,,14899,5368.50,8052.50,3300,,24196,1,
NSE,CM,NSECM,739,COROMANDEL INTERNTL. LTD,COROMANDEL,COROMANDEL-EQ,EQ,INE169A01031,1,0.10,2,,,0,0.00,,50446,1584.70,2376.90,,,739,1,
NSE,CM,NSECM,760247,BIRLASLAMC - ABSL10BANK,ABSL10BANK,ABSL10BANK-EQ,EQ,INF209KC1670,1,0.01,2,,,0,0.00,,594229,134.63,201.93,,,760247,1,
NSE,CM,NSECM,762859,RAJAPALAYAM MILLS LTD.,RAJPALAYAM,RAJPALAYAM-EQ,EQ,INE296E01026,1,0.05,2,,,0,0.00,,123798,646.20,969.30,2300,,762859,1,
NSE,CM,NSECM,14848,ALPA LABORATORIES LTD,ALPA,ALPA-EQ,EQ,INE385I01010,1,0.01,2,,,0,0.00,,688026,53.74,80.60,2300,,14848,1,
NSE,CM,NSECM,8736,PNB GILTS LIMITED,PNBGILTS,PNBGILTS-EQ,EQ,INE859A01011,1,0.01,2,,,0,0.00,,1169344,68.41,102.61,,,8736,1,
NSE,CM,NSECM,1205,GOODYEAR INDIA LIMITED,GOODYEAR,GOODYEAR-EQ,EQ,INE533A01012,1,0.05,2,,,0,0.00,,121513,658.30,987.40,,Final Dividend - Rs. - 26.5000;05 Aug 2026,1205,1,
NSE,CM,NSECM,740,SBIAMC - SBIETFIT,SBIETFIT,SBIETFIT-EQ,EQ,INF200KA1S14,1,0.01,2,,,0,0.00,,82270,253.23,379.83,,,740,1,
NSE,CM,NSECM,3021,SAVITA OIL TECHNOLO. LTD,SOTL,SOTL-EQ,EQ,INE035D01020,1,0.05,2,,,0,0.00,,154808,516.60,774.90,3300;3500;3900,,3021,1,
NSE,CM,NSECM,20936,KIRLOSKAR OIL ENG LTD,KIRLOSENG,KIRLOSENG-EQ,EQ,INE146L01010,1,0.10,2,,,0,0.00,,45793,1746.00,2619.00,201;2100,Final Dividend - Rs. - 4.5000;31 Jul 2026,20936,1,
NSE,CM,NSECM,6445,TECHNO ELEC & ENG CO. LTD,TECHNOE,TECHNOE-EQ,EQ,INE285K01026,1,0.10,2,,,0,0.00,,100714,793.50,1190.10,,,6445,1,
NSE,CM,NSECM,22365,ICICIPRAMC - ICICITECH,ITIETF,ITIETF-EQ,EQ,INF109KC16I6,1,0.01,2,,,0,0.00,,3152536,25.38,38.06,,,22365,1,
NSE,CM,NSECM,21077,SURANA SOLAR LIMITED,SURANASOL,SURANASOL-EQ,EQ,INE272L01022,1,0.01,2,,,0,0.00,,1609054,21.01,31.51,2100,,21077,1,
NSE,CM,NSECM,4751,INDRAPRASTHA MEDICAL CORP,INDRAMEDCO,INDRAMEDCO-EQ,EQ,INE681B01017,1,0.05,2,,,0,0.00,,274192,291.70,437.50,,,4751,1,
NSE,CM,NSECM,13611,INDIAN RAIL TOUR CORP LTD,IRCTC,IRCTC-EQ,EQ,INE335Y01020,1,0.05,2,,,0,0.00,,201598,396.05,594.05,,,13611,1,
NSE,CM,NSECM,13147,PVR INOX LIMITED,PVRINOX,PVRINOX-EQ,EQ,INE191H01014,1,0.05,2,,,0,0.00,,93976,851.20,1276.70,,,13147,1,
NSE,CM,NSECM,20950,RAVI KUMAR DIST. LTD.,RKDL,RKDL-EQ,EQ,INE722J01012,1,0.01,2,,,0,0.00,,784798,15.93,23.89,2100;2300,,20950,1,
NSE,CM,NSECM,11852,SURYALAKSHMI COT MIL LTD,SURYALAXMI,SURYALAXMI-EQ,EQ,INE713B01026,1,0.01,2,,,0,0.00,,614931,46.01,69.01,2300,,11852,1,
NSE,CM,NSECM,762879,SAYAJI HOTELS LTD.,SAYAJIHOTL,SAYAJIHOTL-EQ,EQ,INE318C01014,1,0.05,2,,,0,0.00,,333769,284.65,314.55,2300,,762879,1,
NSE,CM,NSECM,6232,3I INFOTECH LIMITED,3IINFOLTD,3IINFOLTD-EQ,EQ,INE748C01038,1,0.01,2,,,0,0.00,,5065836,15.80,23.68,,,6232,1,
NSE,CM,NSECM,758955,ZERODHAAMC - SML100CASE,SML100CASE,SML100CASE-EQ,EQ,INF0R8F01141,1,0.01,2,,,0,0.00,,2559732,8.60,12.90,,,758955,1,
NSE,CM,NSECM,1627,LINDE INDIA LIMITED,LINDEINDIA,LINDEINDIA-EQ,EQ,INE473A01011,1,0.50,2,,,0,0.00,,14838,5385.00,8077.00,2100,Final Dividend - Rs. - 4.0000;06 Aug 2026,1627,1,
NSE,CM,NSECM,3252,SPIC LTD,SPIC,SPIC-EQ,EQ,INE147A01011,1,0.01,2,,,0,0.00,,1539723,51.96,77.92,,,3252,1,
NSE,CM,NSECM,7982,GARWARE HI-TECH FILMS LTD,GRWRHITECH,GRWRHITECH-EQ,EQ,INE291A01017,1,0.50,2,,,0,0.00,,14472,6213.00,7593.00,3300;3500;3900,,7982,1,
NSE,CM,NSECM,758705,ZERODHAAMC - LTGILTCASE,LTGILTCASE,LTGILTCASE-EQ,EQ,INF0R8F01133,1,0.01,2,,,0,0.00,,1249174,28.88,31.90,,,758705,1,
NSE,CM,NSECM,763602,360ONEAMC - MSCI360,MSCI360,MSCI360-EQ,EQ,INF579M01BP5,1,0.01,2,,,0,0.00,,222362,8.00,11.98,,,763602,1,
NSE,CM,NSECM,757545,TRAVEL FOOD SERVICES LTD,TRAVELFOOD,TRAVELFOOD-EQ,EQ,INE103V01028,1,0.10,2,,,0,0.00,,77689,1157.70,1414.90,,,757545,1,
NSE,CM,NSECM,20323,RESPONSIVE INDUSTRIES LTD,RESPONIND,RESPONIND-EQ,EQ,INE688D01026,1,0.01,2,,,0,0.00,,567875,140.82,211.22,4100,,20323,1,
NSE,CM,NSECM,10440,LUPIN LIMITED,LUPIN,LUPIN-EQ,EQ,INE326A01037,1,0.10,2,,,0,0.00,,42064,2133.50,2607.50,,,10440,1,
NSE,CM,NSECM,17397,PREMIER EXPLOSIVES LTD,PREMEXPLN,PREMEXPLN-EQ,EQ,INE863B01029,1,0.05,2,,,0,0.00,,151014,529.70,794.50,201;2100,,17397,1,
NSE,CM,NSECM,4587,RAMCO INDUSTRIES LIMITED,RAMCOIND,RAMCOIND-EQ,EQ,INE614A01028,1,0.05,2,,,0,0.00,,303770,263.35,394.95,,Final Dividend - Rs. - 1.2500;13 Aug 2026,4587,1,
NSE,CM,NSECM,18423,RATNAVEER PRECISION ENG L,RATNAVEER,RATNAVEER-EQ,EQ,INE05CZ01011,1,0.01,2,,,0,0.00,,559862,142.89,214.33,,,18423,1,
NSE,CM,NSECM,7390,SUPRIYA LIFESCIENCE LTD,SUPRIYA,SUPRIYA-EQ,EQ,INE07RO01027,1,0.10,2,,,0,0.00,,118952,672.40,1008.60,,,7390,1,
NSE,CM,NSECM,9007,NOVARTIS INDIA LIMITED,NOVARTIND,NOVARTIND-EQ,EQ,INE234A01025,1,0.10,2,,,0,0.00,,60911,1313.00,1969.40,3300;3900,,9007,1,
NSE,CM,NSECM,30105,360ONEAMC - GOLD360,GOLD360,GOLD360-EQ,EQ,INF579M01BB5,1,0.05,2,,,0,0.00,,306678,112.20,168.20,,,30105,1,
NSE,CM,NSECM,263,ATUL LTD,ATUL,ATUL-EQ,EQ,INE100A01010,1,0.50,2,,,0,0.00,,15603,5126.00,7689.00,,,263,1,
NSE,CM,NSECM,11566,DC INFOTECH AND COMUN LTD,DCI,DCI-EQ,EQ,INE0A1101019,1,0.05,2,,,0,0.00,,347400,230.30,345.40,2300;4100,,11566,1,
NSE,CM,NSECM,23915,BFAM - LIQUIDBETF,LIQUIDBETF,LIQUIDBETF-EQ,EQ,INF0QA701854,1,0.01,2,,,0,0.00,,91622,1036.82,1145.94,,,23915,1,
NSE,CM,NSECM,3821,ZODIAC CLOTHING CO. LTD.,ZODIACLOTH,ZODIACLOTH-EQ,EQ,INE206B01013,1,0.01,2,,,0,0.00,,897879,60.68,91.00,201;1500;2200;2300,,3821,1,
NSE,CM,NSECM,18659,MARATHON NXTGEN REALT LTD,MARATHON,MARATHON-EQ,EQ,INE182D01020,1,0.05,2,,,0,0.00,,261253,306.20,459.30,,,18659,1,
NSE,CM,NSECM,20257,EDELAMC - ESILVER,ESILVER,ESILVER-EQ,EQ,INF754K01SF3,1,0.01,2,,,0,0.00,,453055,176.57,264.85,,,20257,1,
NSE,CM,NSECM,14992,CONS. CONST. CONSORT LTD,CCCL,CCCL-EQ,EQ,INE429I01024,1,0.01,2,,,0,0.00,,6297073,12.71,19.05,,,14992,1,
NSE,CM,NSECM,11787,GOYAL ALUMINIUMS LIMITED,GOYALALUM,GOYALALUM-EQ,EQ,INE705X01026,1,0.01,2,,,0,0.00,,4667360,5.24,7.84,,,11787,1,
NSE,CM,NSECM,3435,BLACK BOX LIMITED,BBOX,BBOX-EQ,EQ,INE676A01027,1,0.05,2,,,0,0.00,,128403,700.65,856.25,201;2100,,3435,1,
NSE,CM,NSECM,18086,DILIP BUILDCON LIMITED,DBL,DBL-EQ,EQ,INE917M01012,1,0.05,2,,,0,0.00,,237818,336.20,504.30,,,18086,1,
NSE,CM,NSECM,29877,VISAGAR POLYTEX LTD,VIVIDHA,VIVIDHA-EQ,EQ,INE370E01029,1,0.01,2,,,0,0.00,,9571306,0.48,0.58,100;1500;2200,,29877,1,
NSE,CM,NSECM,2963,STEEL AUTHORITY OF INDIA,SAIL,SAIL-EQ,EQ,INE114A01011,1,0.01,2,,,0,0.00,,615447,145.31,177.59,,,2963,1,
NSE,CM,NSECM,17752,SHILPA MEDICARE LTD,SHILPAMED,SHILPAMED-EQ,EQ,INE790G01031,1,0.05,2,,,0,0.00,,164874,485.00,727.40,3500;4100;4300,,17752,1,
NSE,CM,NSECM,14319,TRANSWARRANTY FIN. LTD.,TFL,TFL-EQ,EQ,INE804H01012,1,0.01,2,,,0,0.00,,1802298,8.33,12.49,2200;2300,,14319,1,
NSE,CM,NSECM,759956,ANAND RATHI SH N STK BR L,ARSSBL,ARSSBL-EQ,EQ,INE549H01021,1,0.05,2,,,0,0.00,,196767,406.60,609.80,,,759956,1,
NSE,CM,NSECM,8167,VEDANT FASHIONS LIMITED,MANYAVAR,MANYAVAR-EQ,EQ,INE825V01034,1,0.05,2,,,0,0.00,,248564,321.85,482.75,,,8167,1,
NSE,CM,NSECM,6543,GRP LIMITED,GRPLTD,GRPLTD-EQ,EQ,INE137I01015,1,0.10,2,,,0,0.00,,49806,1606.00,2409.00,2100;2300,,6543,1,
NSE,CM,NSECM,14838,DECCAN CEMENTS LIMITED,DECCANCE,DECCANCE-EQ,EQ,INE583C01021,1,0.05,2,,,0,0.00,,180611,442.95,664.35,2300,,14838,1,
NSE,CM,NSECM,8696,VRL LOGISTICS LIMITED,VRLLOG,VRLLOG-EQ,EQ,INE366I01010,1,0.01,2,,,0,0.00,,411326,194.49,291.73,,,8696,1,
NSE,CM,NSECM,13305,CENTURY PLYBOARDS (I) LTD,CENTURYPLY,CENTURYPLY-EQ,EQ,INE348B01021,1,0.05,2,,,0,0.00,,126193,633.80,950.60,2100,,13305,1,
NSE,CM,NSECM,17818,LTM LIMITED,LTM,LTM-EQ,EQ,INE214T01019,1,0.10,2,,,0,0.00,,24321,3682.70,4500.90,,,17818,1,
NSE,CM,NSECM,17272,SBI-ETF GOLD,SETFGOLD,SETFGOLD-EQ,EQ,INF200KA16D8,1,0.01,2,,,0,0.00,,815739,97.95,146.91,,,17272,1,
NSE,CM,NSECM,24225,RELAXO FOOT LTD.,RELAXO,RELAXO-EQ,EQ,INE131B01039,1,0.05,2,,,0,0.00,,247941,322.40,483.50,2100,,24225,1,
NSE,CM,NSECM,22566,BLS E-SERVICES LIMITED,BLSE,BLSE-EQ,EQ,INE0NLT01010,1,0.01,2,,,0,0.00,,354157,225.86,338.78,3200;3300;4100,,22566,1,
NSE,CM,NSECM,522,ICICIPRAMC - BHARATIWIN,ICICIB22,ICICIB22-EQ,EQ,INF109KB15Y7,1,0.01,2,,,0,0.00,,865642,92.33,138.49,,,522,1,
NSE,CM,NSECM,184,TCPL PACKAGING LIMITED,TCPLPACK,TCPLPACK-EQ,EQ,INE822C01015,1,0.10,2,,,0,0.00,,30984,2581.20,3871.80,,Final Dividend - Rs. - 25.0000;04 Aug 2026,184,1,
NSE,CM,NSECM,25756,VIKAS ECOTECH LIMITED,VIKASECO,VIKASECO-EQ,EQ,INE806A01020,1,0.01,2,,,0,0.00,,57836685,1.00,1.22,2100,,25756,1,
NSE,CM,NSECM,30108,ADITYA BIRLA FASHION & RT,ABFRL,ABFRL-EQ,EQ,INE647O01011,1,0.01,2,,,0,0.00,,1777061,45.00,67.50,1500;2200,,30108,1,
NSE,CM,NSECM,3351,SUN PHARMACEUTICAL IND L,SUNPHARMA,SUNPHARMA-EQ,EQ,INE044A01036,1,0.10,2,,,0,0.00,,50385,1747.00,2135.20,,,3351,1,
NSE,CM,NSECM,14501,BALAJI AMINES LIMITED,BALAMINES,BALAMINES-EQ,EQ,INE050E01027,1,0.10,2,,,0,0.00,,45976,1739.60,2609.40,201,,14501,1,
NSE,CM,NSECM,11060,KSOLVES INDIA LIMITED,KSOLVES,KSOLVES-EQ,EQ,INE0D6I01023,1,0.05,2,,,0,0.00,,355994,224.75,337.05,,Interim Dividend - Rs. - 4.0000;21 Jul 2026,11060,1,
NSE,CM,NSECM,759062,RHETAN TMT LIMITED,RHETAN,RHETAN-EQ,EQ,INE0KKN01029,1,0.01,2,,,0,0.00,,3526967,22.68,34.02,2100,,759062,1,
NSE,CM,NSECM,3162,SIMPLEX INFRASTRUCTURES L,SIMPLEXINF,SIMPLEXINF-EQ,EQ,INE059B01024,1,0.05,2,,,0,0.00,,417938,191.40,287.10,4100,,3162,1,
NSE,CM,NSECM,1621,TATA INVESTMENT CORP LTD,TATAINVEST,TATAINVEST-EQ,EQ,INE672A01026,1,0.05,2,,,0,0.00,,158362,504.60,756.90,2100,,1621,1,
NSE,CM,NSECM,8953,ELDECO HSG & IND LTD.,ELDEHSG,ELDEHSG-EQ,EQ,INE668G01021,1,0.05,2,,,0,0.00,,128476,622.65,933.95,2300,,8953,1,
NSE,CM,NSECM,17625,MOLD-TEK TECHNOLOGIES LTD,MOLDTECH,MOLDTECH-EQ,EQ,INE835B01035,1,0.01,2,,,0,0.00,,742479,107.75,161.61,,,17625,1,
NSE,CM,NSECM,760657,ADVAIT ENRGY TRANSITION L,ADVAIT,ADVAIT-EQ,EQ,INE0ALI01010,1,0.10,2,,,0,0.00,,44394,1802.00,2702.80,,,760657,1,
NSE,CM,NSECM,926,ORCHID PHARMA LIMITED,ORCHPHARMA,ORCHPHARMA-EQ,EQ,INE191A01027,1,0.05,2,,,0,0.00,,101132,790.90,1186.30,201;2100,,926,1,
NSE,CM,NSECM,18931,SUNDARAM MULTI PAP LTD,SUNDARAM,SUNDARAM-EQ,EQ,INE108E01023,1,0.01,2,,,0,0.00,,15495802,1.03,1.53,,,18931,1,
NSE,CM,NSECM,19795,CELLO WORLD LIMITED,CELLO,CELLO-EQ,EQ,INE0LMW01024,1,0.05,2,,,0,0.00,,290241,275.45,413.15,,Final Dividend - Rs. - 1.5000;31 Jul 2026,19795,1,
NSE,CM,NSECM,1805,KABRA EXTRUSION TECHNIK L,KABRAEXTRU,KABRAEXTRU-EQ,EQ,INE900B01029,1,0.05,2,,,0,0.00,,265372,301.45,452.15,2200;2900;3000;3900,,1805,1,
NSE,CM,NSECM,14403,RAJ TV NETWORK LTD,RAJTV,RAJTV-EQ,EQ,INE952H01027,1,0.01,2,,,0,0.00,,1697565,11.09,12.25,2100;2300;3900;4000;4100,,14403,1,
NSE,CM,NSECM,18614,SAMHI HOTELS LIMITED,SAMHI,SAMHI-EQ,EQ,INE08U801020,1,0.01,2,,,0,0.00,,562666,142.13,213.19,,,18614,1,
NSE,CM,NSECM,24217,INVESCO INDIA NIFTY ETF,IVZINNIFTY,IVZINNIFTY-EQ,EQ,INF205K01DA9,1,0.01,2,,,0,0.00,,10942,2187.86,3281.78,,,24217,1,
NSE,CM,NSECM,759992,AONEAMC - AONETMMQ50,AONETMMQ50,AONETMMQ50-EQ,EQ,INF1J2R01148,1,0.01,2,,,0,0.00,,411000,8.01,12.01,,,759992,1,
NSE,CM,NSECM,29553,ICICI PRUD NIFTY ETF,NIFTYIETF,NIFTYIETF-EQ,EQ,INF109K012R6,1,0.01,2,,,0,0.00,,369313,216.22,324.32,,,29553,1,
NSE,CM,NSECM,13061,360 ONE WAM LIMITED,360ONE,360ONE-EQ,EQ,INE466L01038,1,0.10,2,,,0,0.00,,90645,992.10,1212.50,,,13061,1,
NSE,CM,NSECM,18564,L&T TECHNOLOGY SER. LTD.,LTTS,LTTS-EQ,EQ,INE010V01017,1,0.10,2,,,0,0.00,,29167,2734.50,4101.70,,,18564,1,
NSE,CM,NSECM,11255,HDFCAMC - HDFCQUAL,HDFCQUAL,HDFCQUAL-EQ,EQ,INF179KC1DL6,1,0.01,2,,,0,0.00,,118104,46.02,69.02,,,11255,1,
NSE,CM,NSECM,10508,MOTILALAMC - MOHEALTH,MOHEALTH,MOHEALTH-EQ,EQ,INF247L01BB1,1,0.01,2,,,0,0.00,,280091,40.22,60.32,,,10508,1,
NSE,CM,NSECM,19640,MIRAEAMC - ALPHAETF,ALPHAETF,ALPHAETF-EQ,EQ,INF769K01KU7,1,0.01,2,,,0,0.00,,3894057,20.55,30.81,,,19640,1,
NSE,CM,NSECM,6545,FSN E COMMERCE VENTURES,NYKAA,NYKAA-EQ,EQ,INE388Y01029,1,0.05,2,,,0,0.00,,309292,290.55,355.05,2100,,6545,1,
NSE,CM,NSECM,19299,INDIA TOUR. DEV. CO. LTD.,ITDC,ITDC-EQ,EQ,INE353K01014,1,0.05,2,,,0,0.00,,135600,589.95,884.85,2100;4100,,19299,1,
NSE,CM,NSECM,762889,SHANTI EDU INITIATIVES L,SEIL,SEIL-EQ,EQ,INE440T01028,1,0.01,2,,,0,0.00,,492014,162.59,243.87,,,762889,1,
NSE,CM,NSECM,25574,SHAKTI PUMPS (I) LTD,SHAKTIPUMP,SHAKTIPUMP-EQ,EQ,INE908D01010,1,0.05,2,,,0,0.00,,180777,442.40,663.60,,Final Dividend - Rs. - 1.0000;29 Jul 2026,25574,1,
NSE,CM,NSECM,25178,TD POWER SYSTEMS LTD.,TDPOWERSYS,TDPOWERSYS-EQ,EQ,INE419M01027,1,0.10,2,,,0,0.00,,89674,890.90,1336.30,201;2100,Final Dividend - Rs. - 1.1000;05 Aug 2026,25178,1,
NSE,CM,NSECM,1100,GARWARE TECH FIBRES LTD,GARFIBRES,GARFIBRES-EQ,EQ,INE276A01018,1,0.05,2,,,0,0.00,,133511,598.80,898.10,,,1100,1,
NSE,CM,NSECM,13342,VAKRANGEE LIMITED,VAKRANGEE,VAKRANGEE-EQ,EQ,INE051B01021,1,0.01,2,,,0,0.00,,17210833,4.65,6.97,2100,,13342,1,
NSE,CM,NSECM,14761,NELCAST LIMITED,NELCAST,NELCAST-EQ,EQ,INE189I01024,1,0.01,2,,,0,0.00,,743598,107.58,161.36,4100,,14761,1,
NSE,CM,NSECM,1363,HINDALCO  INDUSTRIES  LTD,HINDALCO,HINDALCO-EQ,EQ,INE038A01020,1,0.05,2,,,0,0.00,,105618,848.55,1037.05,,,1363,1,
NSE,CM,NSECM,14134,PITTI ENGINEERING LIMITED,PITTIENG,PITTIENG-EQ,EQ,INE450D01021,1,0.05,2,,,0,0.00,,108591,736.55,1104.75,,,14134,1,
NSE,CM,NSECM,14813,ALLIED DIGITAL SERV. LTD,ADSL,ADSL-EQ,EQ,INE102I01027,1,0.01,2,,,0,0.00,,846433,94.52,141.76,,,14813,1,
NSE,CM,NSECM,341,BALRAMPUR CHINI MILLS LTD,BALRAMCHIN,BALRAMCHIN-EQ,EQ,INE119A01028,1,0.05,2,,,0,0.00,,163780,488.15,732.15,,,341,1,
NSE,CM,NSECM,489,ICE MAKE REFRIGERAT LTD,ICEMAKE,ICEMAKE-EQ,EQ,INE520Y01019,1,0.05,2,,,0,0.00,,115506,692.60,1038.80,2100,,489,1,
NSE,CM,NSECM,14702,NAGREEKA EXPORTS LTD.,NAGREEKEXP,NAGREEKEXP-EQ,EQ,INE123B01028,1,0.01,2,,,0,0.00,,1021849,18.52,27.76,2300,,14702,1,
NSE,CM,NSECM,11935,SPL INDUSTRIES LIMITED,SPLIL,SPLIL-EQ,EQ,INE978G01016,1,0.01,2,,,0,0.00,,948299,25.00,37.50,2300,,11935,1,
NSE,CM,NSECM,21154,ERIS LIFESCIENCES LIMITED,ERIS,ERIS-EQ,EQ,INE406M01024,1,0.10,2,,,0,0.00,,71361,1120.50,1680.70,,,21154,1,
NSE,CM,NSECM,14747,011NSETEST,011NSETEST,011NSETEST-EQ,EQ,DUMMYSAN005,1,0.05,2,,,0,0.00,,0,180.00,220.00,,,14747,1,
NSE,CM,NSECM,28764,CONCORD ENVIRO SYSTEMS L,CEWATER,CEWATER-EQ,EQ,INE037Z01029,1,0.05,2,,,0,0.00,,335174,238.70,358.00,4300,,28764,1,
NSE,CM,NSECM,8840,USHA MARTIN LTD.,USHAMART,USHAMART-EQ,EQ,INE228A01035,1,0.05,2,,,0,0.00,,201433,396.60,594.80,,Final Dividend - Rs. - 3.7500;13 Aug 2026,8840,1,
NSE,CM,NSECM,24077,ZERODHAAMC - MID150CASE,MID150CASE,MID150CASE-EQ,EQ,INF0R8F01059,1,0.01,2,,,0,0.00,,7284973,9.13,13.69,,,24077,1,
NSE,CM,NSECM,13086,AIA ENGINEERING LIMITED,AIAENG,AIAENG-EQ,EQ,INE212H01026,1,0.50,2,,,0,0.00,,21742,3666.50,5499.50,,,13086,1,
NSE,CM,NSECM,4279,DE NORA INDIA LIMITED,DENORA,DENORA-EQ,EQ,INE244A01016,1,0.05,2,,,0,0.00,,117293,682.05,1023.05,201;2100,,4279,1,
NSE,CM,NSECM,1348,HERO MOTOCORP LIMITED,HEROMOTOCO,HEROMOTOCO-EQ,EQ,INE158A01026,1,0.10,2,,,0,0.00,,19808,4510.00,5512.20,,Final Dividend - Rs. - 75.0000;24 Jul 2026,1348,1,
NSE,CM,NSECM,8050,MAHINDRA LIFESPACE DEVLTD,MAHLIFE,MAHLIFE-EQ,EQ,INE813A01018,1,0.05,2,,,0,0.00,,266890,299.75,449.55,2100,,8050,1,
NSE,CM,NSECM,17,GACM TECHNOLOGIES LIMITED,GATECHDVR,GATECHDVR-EQ,EQ,INE224E01036,1,0.01,2,,,0,0.00,,6202073,0.35,0.51,3900,,17,1,
NSE,CM,NSECM,10530,SHARDA MOTOR INDS LTD,SHARDAMOTR,SHARDAMOTR-EQ,EQ,INE597I01028,1,0.05,2,,,0,0.00,,120957,661.20,991.70,,,10530,1,
NSE,CM,NSECM,12018,SUZLON ENERGY LIMITED,SUZLON,SUZLON-EQ,EQ,INE040H01021,1,0.01,2,,,0,0.00,,1910240,47.06,57.50,,,12018,1,
NSE,CM,NSECM,16589,VAISHALI PHARMA LIMITED,VAISHALI,VAISHALI-EQ,EQ,INE972X01022,1,0.01,2,,,0,0.00,,4266110,6.99,8.53,4300,,16589,1,
NSE,CM,NSECM,2496,ORIENT PAPER AND INDS LTD,ORIENTPPR,ORIENTPPR-EQ,EQ,INE592A01026,1,0.01,2,,,0,0.00,,5688276,14.07,21.09,2200,,2496,1,
NSE,CM,NSECM,2475,OIL AND NATURAL GAS CORP.,ONGC,ONGC-EQ,EQ,INE213A01029,1,0.01,2,,,0,0.00,,389987,223.89,273.63,,,2475,1,
NSE,CM,NSECM,13332,SOLAR INDUSTRIES (I) LTD,SOLARINDS,SOLARINDS-EQ,EQ,INE343H01029,1,1.00,2,,,0,0.00,,5337,16645.00,20343.00,2100,Final Dividend - Rs. - 11.0000;28 Jul 2026,13332,1,
NSE,CM,NSECM,13598,ANTELOPUS SELAN ENRGY LTD,ANTELOPUS,ANTELOPUS-EQ,EQ,INE818A01017,1,0.05,2,,,0,0.00,,111780,849.75,939.15,3500;4300,,13598,1,
NSE,CM,NSECM,916,EID PARRY INDIA LTD,EIDPARRY,EIDPARRY-EQ,EQ,INE126A01031,1,0.05,2,,,0,0.00,,131842,606.40,909.60,,,916,1,
NSE,CM,NSECM,19691,JITF INFRALOGISTICS LTD,JITFINFRA,JITFINFRA-EQ,EQ,INE863T01013,1,0.05,2,,,0,0.00,,273666,347.15,383.65,2200,,19691,1,
NSE,CM,NSECM,13585,ATLANTAA LIMITED,ATLANTAA,ATLANTAA-EQ,EQ,INE285H01022,1,0.01,2,,,0,0.00,,2665048,28.15,42.21,2200,,13585,1,
NSE,CM,NSECM,13139,EDELAMC - EBBETF0433,EBBETF0433,EBBETF0433-EQ,EQ,INF754K01QX0,1,0.01,2,,,0,0.00,,76242,1049.13,1573.69,,,13139,1,
NSE,CM,NSECM,1289,GFL LIMITED,GFLLIMITED,GFLLIMITED-EQ,EQ,INE538A01037,1,0.01,2,,,0,0.00,,2176237,36.76,55.14,2200,,1289,1,
NSE,CM,NSECM,5264,PDS LIMITED,PDSL,PDSL-EQ,EQ,INE111Q01021,1,0.05,2,,,0,0.00,,284014,281.60,422.40,,Final Dividend - Rs. - 1.6500;24 Jul 2026,5264,1,
NSE,CM,NSECM,1979,LMW LIMITED,LMW,LMW-EQ,EQ,INE269B01029,1,1.00,2,,,0,0.00,,6334,12611.00,18915.00,2100,,1979,1,
NSE,CM,NSECM,13982,JASH ENGINEERING LIMITED,JASH,JASH-EQ,EQ,INE039O01029,1,0.05,2,,,0,0.00,,196847,406.40,609.60,,,13982,1,
NSE,CM,NSECM,759987,KSR FOOTWEAR LIMITED,KSR,KSR-EQ,EQ,INE1SPP01016,1,0.01,2,,,0,0.00,,600972,28.05,30.99,2300;4300,,759987,1,
NSE,CM,NSECM,14459,LEXUS GRANITO (INDIA) LTD,LEXUS,LEXUS-EQ,EQ,INE500X01013,1,0.01,2,,,0,0.00,,679855,13.62,16.64,4100;4200;4300,,14459,1,
NSE,CM,NSECM,10453,SATIN CREDIT NET LTD,SATIN,SATIN-EQ,EQ,INE836B01017,1,0.01,2,,,0,0.00,,371844,215.10,322.64,3300;3500,,10453,1,
NSE,CM,NSECM,10825,MOTILALAMC - MOVALUE,MOVALUE,MOVALUE-EQ,EQ,INF247L01BE5,1,0.01,2,,,0,0.00,,479939,90.24,135.34,,,10825,1,
NSE,CM,NSECM,10637,OLECTRA GREENTECH LIMITED,OLECTRA,OLECTRA-EQ,EQ,INE260D01016,1,0.10,2,,,0,0.00,,74774,1069.10,1603.50,2100,,10637,1,
NSE,CM,NSECM,14296,VIYASH SCIENTIFIC LIMITED,VIYASH,VIYASH-EQ,EQ,INE807F01027,1,0.05,2,,,0,0.00,,398429,200.75,301.05,2100,,14296,1,
NSE,CM,NSECM,11655,JBM AUTO LIMITED,JBMA,JBMA-EQ,EQ,INE927D01051,1,0.05,2,,,0,0.00,,152301,524.85,787.25,2100,,11655,1,
NSE,CM,NSECM,5394,MEGHMANI ORGANICS LIMITED,MOL,MOL-EQ,EQ,INE0CT101020,1,0.01,2,,,0,0.00,,1836147,43.57,65.35,4300,,5394,1,
NSE,CM,NSECM,24532,FILATEX INDIA LTD,FILATEX,FILATEX-EQ,EQ,INE816B01035,1,0.01,2,,,0,0.00,,1354377,59.07,88.59,3200;3300;3900,,24532,1,
NSE,CM,NSECM,3387,SML MAHINDRA LIMITED,SMLMAH,SMLMAH-EQ,EQ,INE294B01019,1,0.10,2,,,0,0.00,,26004,3075.60,4613.20,,,3387,1,
NSE,CM,NSECM,760412,MIRAEAMC - DIVIDEND,DIVIDEND,DIVIDEND-EQ,EQ,INF769K01PY8,1,0.01,2,,,0,0.00,,111334,28.08,42.12,,,760412,1,
NSE,CM,NSECM,29487,NIBE LIMITED,NIBE,NIBE-EQ,EQ,INE149O01018,1,0.10,2,,,0,0.00,,66472,1353.90,1654.70,201;2100,,29487,1,
NSE,CM,NSECM,30023,ATUL AUTO LIMITED,ATULAUTO,ATULAUTO-EQ,EQ,INE951D01028,1,0.05,2,,,0,0.00,,211213,378.75,568.05,,,30023,1,
NSE,CM,NSECM,13381,KEWAL KIRAN CLOTHING LTD,KKCL,KKCL-EQ,EQ,INE401H01017,1,0.05,2,,,0,0.00,,199048,401.85,602.75,,,13381,1,
NSE,CM,NSECM,762752,KOTHARI INDUSTRIAL CORP L,KOTIC,KOTIC-EQ,EQ,INE972A01020,1,0.01,2,,,0,0.00,,613454,130.40,195.60,,,762752,1,
NSE,CM,NSECM,14977,POWER GRID CORP. LTD.,POWERGRID,POWERGRID-EQ,EQ,INE752E01010,1,0.05,2,,,0,0.00,,344121,259.40,317.00,,,14977,1,
NSE,CM,NSECM,5114,SYNERGY GREEN IND. LTD,SGIL,SGIL-EQ,EQ,INE00QT01015,1,0.05,2,,,0,0.00,,167692,477.05,715.55,2100;2300,,5114,1,
NSE,CM,NSECM,22670,RASHI PERIPHERALS LIMITED,RPTECH,RPTECH-EQ,EQ,INE0J1F01024,1,0.05,2,,,0,0.00,,128173,623.90,935.80,201,,22670,1,
NSE,CM,NSECM,760101,SKF IND (INDUSTRIAL) LTD,SKFINDUS,SKFINDUS-EQ,EQ,INE2J8701016,1,0.10,2,,,0,0.00,,36583,2185.00,3277.40,2100,,760101,1,
NSE,CM,NSECM,10634,AUTOMOTIVE STAMPINGS & AS,ASAL,ASAL-EQ,EQ,INE900C01027,1,0.05,2,,,0,0.00,,196558,407.00,610.50,,,10634,1,
NSE,CM,NSECM,759806,BILLIONBRAINS GARAGE VN L,GROWW,GROWW-EQ,EQ,INE0HOQ01053,1,0.01,2,,,0,0.00,,489339,161.72,242.58,2100,,759806,1,
NSE,CM,NSECM,9039,UFO MOVIEZ INDIA LTD.,UFO,UFO-EQ,EQ,INE527H01019,1,0.01,2,,,0,0.00,,1269241,53.62,80.42,,,9039,1,
NSE,CM,NSECM,2987,NAZARA TECHNOLOGIES LTD,NAZARA,NAZARA-EQ,EQ,INE418L01047,1,0.05,2,,,0,0.00,,330453,241.85,362.75,,,2987,1,
NSE,CM,NSECM,24190,SYMPHONY LIMITED,SYMPHONY,SYMPHONY-EQ,EQ,INE225D01027,1,0.05,2,,,0,0.00,,147711,541.50,812.20,2200,,24190,1,
NSE,CM,NSECM,4176,ZENITH EXPORTS LTD,ZENITHEXPO,ZENITHEXPO-EQ,EQ,INE058B01018,1,0.01,2,,,0,0.00,,176456,190.17,210.17,2300,,4176,1,
NSE,CM,NSECM,14466,KIRLOSKAR FERROUS IND LTD,KIRLFER,KIRLFER-EQ,EQ,INE884B01025,1,0.05,2,,,0,0.00,,212418,376.55,564.75,,,14466,1,
NSE,CM,NSECM,19705,SBIAMC - LIQUIDSBI,LIQUIDSBI,LIQUIDSBI-EQ,EQ,INF200KA13Z8,1,0.01,2,,,0,0.00,,16179,950.00,1050.00,,,19705,1,
NSE,CM,NSECM,24184,PI INDUSTRIES LTD,PIIND,PIIND-EQ,EQ,INE603J01030,1,0.10,2,,,0,0.00,,36563,2458.10,3004.30,,Final Dividend - Rs. - 10.0000;07 Aug 2026,24184,1,
NSE,CM,NSECM,20790,SUMEET IND LIMITED,SUMEETINDS,SUMEETINDS-EQ,EQ,INE235C01036,1,0.01,2,,,0,0.00,,3475832,27.34,30.20,2100,,20790,1,
NSE,CM,NSECM,21986,BFAM - BANKBETF,BANKBETF,BANKBETF-EQ,EQ,INF0QA701714,1,0.01,2,,,0,0.00,,1738183,46.03,69.03,,,21986,1,
NSE,CM,NSECM,395,BEML LIMITED,BEML,BEML-EQ,EQ,INE258A01024,1,0.10,2,,,0,0.00,,58301,1370.60,2055.80,2100,,395,1,
NSE,CM,NSECM,1841,KCP LTD,KCP,KCP-EQ,EQ,INE805C01028,1,0.01,2,,,0,0.00,,616628,129.72,194.56,,Interim Dividend;12 Aug 2026,1841,1,
NSE,CM,NSECM,20547,BARODABNP - BBNPPGOLD,BBNPPGOLD,BBNPPGOLD-EQ,EQ,INF251K01SU9,1,0.05,2,,,0,0.00,,719415,111.20,166.80,,,20547,1,
NSE,CM,NSECM,7529,LCC INFOTECH LTD,LCCINFOTEC,LCCINFOTEC-EQ,EQ,INE938A01021,1,0.01,2,,,0,0.00,,5513001,4.17,4.59,1500;2200;2300,,7529,1,
NSE,CM,NSECM,2331,JAYASWAL NECO INDUSTR LTD,JAYNECOIND,JAYNECOIND-EQ,EQ,INE854B01010,1,0.01,2,,,0,0.00,,1152573,69.41,104.11,1201;1600,,2331,1,
NSE,CM,NSECM,13310,KEI INDUSTRIES LTD.,KEI,KEI-EQ,EQ,INE878B01027,1,0.50,2,,,0,0.00,,20457,4381.50,5354.50,2100,,13310,1,
NSE,CM,NSECM,24961,ORIENT TECHNOLOGIES LTD,ORIENTTECH,ORIENTTECH-EQ,EQ,INE0PPK01015,1,0.01,2,,,0,0.00,,386417,207.03,310.53,2100,,24961,1,
NSE,CM,NSECM,762939,TECHNVISION VENTURES LTD.,TECHNVISN,TECHNVISN-EQ,EQ,INE314H01012,1,0.10,2,,,0,0.00,,19702,4567.10,5581.90,501;2300,,762939,1,
NSE,CM,NSECM,24735,RAGHAV PRODUCTIVITY ENH L,RPEL,RPEL-EQ,EQ,INE912T01018,1,0.10,2,,,0,0.00,,76688,1042.60,1563.80,201;2100,,24735,1,
NSE,CM,NSECM,24610,AVANTEL LIMITED,AVANTEL,AVANTEL-EQ,EQ,INE005B01027,1,0.01,2,,,0,0.00,,611399,130.80,196.18,2100,,24610,1,
NSE,CM,NSECM,9362,CAMPUS ACTIVEWEAR LIMITED,CAMPUS,CAMPUS-EQ,EQ,INE278Y01022,1,0.01,2,,,0,0.00,,461536,173.24,259.86,,Final Dividend - Rs. - 1.5000;31 Jul 2026,9362,1,
NSE,CM,NSECM,21314,DYNEMIC PRODUCTS LIMITED,DYNPRO,DYNPRO-EQ,EQ,INE256H01015,1,0.01,2,,,0,0.00,,406407,185.07,277.59,2300,,21314,1,
NSE,CM,NSECM,19084,NIP IND ETF IT,ITBEES,ITBEES-EQ,EQ,INF204KB15V2,1,0.01,2,,,0,0.00,,3153368,25.37,38.05,,,19084,1,
NSE,CM,NSECM,758675,EFC (I) LIMITED,EFCIL,EFCIL-EQ,EQ,INE886D01026,1,0.01,2,,,0,0.00,,511892,156.24,234.36,,,758675,1,
NSE,CM,NSECM,13,ABB INDIA LIMITED,ABB,ABB-EQ,EQ,INE117A01022,1,0.50,2,,,0,0.00,,13349,6638.00,8113.00,2100,,13,1,
NSE,CM,NSECM,18422,ASIAN HOTELS (NORTH) LTD,ASIANHOTNR,ASIANHOTNR-EQ,EQ,INE363A01022,1,0.05,2,,,0,0.00,,326100,245.35,367.95,2200,,18422,1,
NSE,CM,NSECM,24081,ZERODHAAMC - TOP100CASE,TOP100CASE,TOP100CASE-EQ,EQ,INF0R8F01067,1,0.01,2,,,0,0.00,,5001889,8.37,12.55,,,24081,1,
NSE,CM,NSECM,8119,RPSG VENTURES LIMITED,RPSGVENT,RPSGVENT-EQ,EQ,INE425Y01011,1,0.05,2,,,0,0.00,,111831,849.30,938.60,2200;4100,,8119,1,
NSE,CM,NSECM,13441,BAL PHARMA LTD.,BALPHARMA,BALPHARMA-EQ,EQ,INE083D01012,1,0.01,2,,,0,0.00,,520611,69.88,104.80,,,13441,1,
NSE,CM,NSECM,24398,EMCURE PHARMACEUTICALS L,EMCURE,EMCURE-EQ,EQ,INE168P01015,1,0.10,2,,,0,0.00,,53103,1692.90,2069.10,,,24398,1,
NSE,CM,NSECM,10406,STEEL CITY SECURITIES LTD,STEELCITY,STEELCITY-EQ,EQ,INE395H01011,1,0.01,2,,,0,0.00,,494001,59.49,89.23,2300,,10406,1,
NSE,CM,NSECM,763543,SBIAMC - SBISMLETF,SBISMLETF,SBISMLETF-EQ,EQ,INF200KB1AY9,1,0.01,2,,,0,0.00,,129996,14.12,21.18,,,763543,1,
NSE,CM,NSECM,760976,GROWWAMC - GROWWPSE,GROWWPSE,GROWWPSE-EQ,EQ,INF666M01NQ3,1,0.01,2,,,0,0.00,,57409,80.00,120.00,,,760976,1,
NSE,CM,NSECM,28847,VENTIVE HOSPITALITY LTD,VENTIVE,VENTIVE-EQ,EQ,INE781S01027,1,0.05,2,,,0,0.00,,161843,556.00,679.50,,,28847,1,
NSE,CM,NSECM,5516,NANDANI CREATION LIMITED,JAIPURKURT,JAIPURKURT-EQ,EQ,INE696V01013,1,0.01,2,,,0,0.00,,624265,21.61,32.41,2300,,5516,1,
NSE,CM,NSECM,4911,MADRAS FERTILISERS LTD,MADRASFERT,MADRASFERT-EQ,EQ,INE414A01015,1,0.01,2,,,0,0.00,,1507101,53.08,79.62,,,4911,1,
NSE,CM,NSECM,8727,SHAILY ENG PLASTICS LTD,SHAILY,SHAILY-EQ,EQ,INE151G01028,1,0.10,2,,,0,0.00,,33667,2375.80,3563.60,2100,,8727,1,
NSE,CM,NSECM,19761,ADF FOODS LIMITED,ADFFOODS,ADFFOODS-EQ,EQ,INE982B01027,1,0.05,2,,,0,0.00,,325634,245.65,368.45,4100,Final Dividend - Rs. - 0.6000;05 Aug 2026,19761,1,
NSE,CM,NSECM,8132,BLB LIMITED,BLBLIMITED,BLBLIMITED-EQ,EQ,INE791A01024,1,0.01,2,,,0,0.00,,1728692,14.13,17.27,2300,,8132,1,
NSE,CM,NSECM,762884,SCAN STEELS LTD.,SCANSTL,SCANSTL-EQ,EQ,INE099G01011,1,0.01,2,,,0,0.00,,1916294,39.84,59.74,,,762884,1,
NSE,CM,NSECM,2454,CENTRUM CAPITAL LIMITED,CENTRUM,CENTRUM-EQ,EQ,INE660C01027,1,0.01,2,,,0,0.00,,4226163,18.93,28.39,2200,,2454,1,
NSE,CM,NSECM,23402,SRM CONTRACTORS LIMITED,SRM,SRM-EQ,EQ,INE0R6Z01013,1,0.05,2,,,0,0.00,,196997,406.10,609.10,,,23402,1,
NSE,CM,NSECM,762528,A B M KNOWLEDGEWARE LTD.,ABMKNO,ABMKNO-EQ,EQ,INE850B01026,1,0.01,2,,,0,0.00,,525996,152.09,228.13,2300,Final Dividend - Rs. - 1.2500;23 Jul 2026,762528,1,
NSE,CM,NSECM,937,ELGI EQUIPMENTS LTD,ELGIEQUIP,ELGIEQUIP-EQ,EQ,INE285A01027,1,0.05,2,,,0,0.00,,173031,461.85,692.75,,,937,1,
NSE,CM,NSECM,21951,HFCL LIMITED,HFCL,HFCL-EQ,EQ,INE548A01028,1,0.01,2,,,0,0.00,,506628,187.01,206.69,201;2100,,21951,1,
NSE,CM,NSECM,757791,MOTILALAMC - MOGOLD,MOGOLD,MOGOLD-EQ,EQ,INF247L01FY4,1,0.05,2,,,0,0.00,,703930,113.65,170.45,,,757791,1,
NSE,CM,NSECM,9384,CREATIVE EYE LIMITED,CREATIVEYE,CREATIVEYE-EQ,EQ,INE230B01021,1,0.01,2,,,0,0.00,,655903,5.33,7.99,2200;2300,,9384,1,
NSE,CM,NSECM,15049,ENERGY DEVE. CO.LTD,ENERGYDEV,ENERGYDEV-EQ,EQ,INE306C01019,1,0.01,2,,,0,0.00,,1553248,13.96,20.94,2200,,15049,1,
NSE,CM,NSECM,11373,BIOCON LIMITED.,BIOCON,BIOCON-EQ,EQ,INE376G01013,1,0.05,2,,,0,0.00,,230167,390.30,477.00,2100,,11373,1,
NSE,CM,NSECM,15032,NIP IND ETF PSU BANK BEES,PSUBNKBEES,PSUBNKBEES-EQ,EQ,INF204KB16I7,1,0.01,2,,,0,0.00,,1077799,74.21,111.31,,,15032,1,
NSE,CM,NSECM,15124,KOLTE PATIL DEV. LTD.,KOLTEPATIL,KOLTEPATIL-EQ,EQ,INE094I01018,1,0.05,2,,,0,0.00,,255575,313.00,469.50,2200,,15124,1,
NSE,CM,NSECM,10948,THE STATE TRADING CORPN,STCINDIA,STCINDIA-EQ,EQ,INE655A01013,1,0.01,2,,,0,0.00,,848218,94.32,141.46,,,10948,1,
NSE,CM,NSECM,1927,DSP LIQUID ETF,LIQUIDETF,LIQUIDETF-EQ,EQ,INF740KA1EU7,1,0.01,2,,,0,0.00,,99997,950.00,1050.00,,,1927,1,
NSE,CM,NSECM,19410,ROSSARI BIOTECH LIMITED,ROSSARI,ROSSARI-EQ,EQ,INE02A801020,1,0.05,2,,,0,0.00,,204117,391.85,587.75,,,19410,1,
NSE,CM,NSECM,8175,SAGARDEEP ALLOYS LIMITED,SAGARDEEP,SAGARDEEP-EQ,EQ,INE976T01013,1,0.01,2,,,0,0.00,,557775,20.13,30.19,2300,,8175,1,
NSE,CM,NSECM,16875,SICAGEN INDIA LIMITED,SICAGEN,SICAGEN-EQ,EQ,INE176J01011,1,0.01,2,,,0,0.00,,1293993,40.51,60.75,2300,,16875,1,
NSE,CM,NSECM,715,SUDARSHAN COLORNT IND LTD,SUDARCOLOR,SUDARCOLOR-EQ,EQ,INE492A01029,1,0.05,2,,,0,0.00,,277303,288.50,432.70,2300,,715,1,
NSE,CM,NSECM,11804,SUKHJIT STARCH & CHEM LTD,SUKHJITS,SUKHJITS-EQ,EQ,INE450E01029,1,0.01,2,,,0,0.00,,627222,127.55,191.31,2300,Final Dividend - Rs. - 1.0000;20 Aug 2026,11804,1,
NSE,CM,NSECM,29482,MAGELLANIC CLOUD LIMITED,MCLOUD,MCLOUD-EQ,EQ,INE613C01026,1,0.01,2,,,0,0.00,,3757658,21.29,31.93,4000;4200;4300,,29482,1,
NSE,CM,NSECM,758496,SBIAMC - SBILIQETF,SBILIQETF,SBILIQETF-EQ,EQ,INF200KB1969,1,0.01,2,,,0,0.00,,19651,996.21,1101.07,,,758496,1,
NSE,CM,NSECM,7353,SBI-ETF NIFTY NEXT 50,SETFNN50,SETFNN50-EQ,EQ,INF200KA1598,1,0.01,2,,,0,0.00,,130012,615.16,922.72,,,7353,1,
NSE,CM,NSECM,18962,RAJRATAN GLOBAL WIRE LTD,RAJRATAN,RAJRATAN-EQ,EQ,INE451D01029,1,0.05,2,,,0,0.00,,204758,390.65,585.95,,,18962,1,
NSE,CM,NSECM,17888,GACM TECHNOLOGIES LIMITED,GATECH,GATECH-EQ,EQ,INE224E01028,1,0.01,2,,,0,0.00,,36059670,0.39,0.57,,,17888,1,
NSE,CM,NSECM,3389,AGARWAL INDS CORP LTD.,AGARIND,AGARIND-EQ,EQ,INE204E01012,1,0.05,2,,,0,0.00,,209333,382.20,573.20,4100;4300,,3389,1,
NSE,CM,NSECM,19686,BLUE JET HEALTHCARE LTD,BLUEJET,BLUEJET-EQ,EQ,INE0KBH01020,1,0.05,2,,,0,0.00,,176239,510.25,623.55,4300,,19686,1,
NSE,CM,NSECM,24582,SANSTAR LIMITED,SANSTAR,SANSTAR-EQ,EQ,INE08NE01025,1,0.01,2,,,0,0.00,,917598,87.18,130.76,2100,,24582,1,
NSE,CM,NSECM,20321,SHANKARA BLDG PRODUCT LTD,SHANKARA,SHANKARA-EQ,EQ,INE274V01019,1,0.01,2,,,0,0.00,,713923,112.06,168.08,4000;4200;4300,,20321,1,
NSE,CM,NSECM,28969,MIRAEAMC - CONSUMER,CONSUMER,CONSUMER-EQ,EQ,INF769K01NS5,1,0.01,2,,,0,0.00,,1627381,9.35,14.01,,,28969,1,
NSE,CM,NSECM,1394,HINDUSTAN UNILEVER LTD.,HINDUNILVR,HINDUNILVR-EQ,EQ,INE030A01027,1,0.10,2,,,0,0.00,,44641,1930.50,2359.50,,,1394,1,
NSE,CM,NSECM,22980,MUKKA PROTEINS LIMITED,MUKKA,MUKKA-EQ,EQ,INE0CG401037,1,0.01,2,,,0,0.00,,4358998,18.36,27.52,,,22980,1,
NSE,CM,NSECM,11325,MUKAND LTD.,MUKANDLTD,MUKANDLTD-EQ,EQ,INE304A01026,1,0.01,2,,,0,0.00,,722476,110.72,166.08,,Final Dividend - Rs. - 3.0000;07 Aug 2026,11325,1,
NSE,CM,NSECM,11155,CREATIVE NEWTECH LIMITED,CNL,CNL-EQ,EQ,INE985W01018,1,0.05,2,,,0,0.00,,101301,789.60,1184.40,3200;3300;3900,,11155,1,
NSE,CM,NSECM,5239,MAHA RASHTRA APEX COPR. L,MAHAPEXLTD,MAHAPEXLTD-EQ,EQ,INE843B01013,1,0.01,2,,,0,0.00,,921608,34.83,52.23,2300,,5239,1,
NSE,CM,NSECM,385,MAHINDRA LOGISTIC LIMITED,MAHLOG,MAHLOG-EQ,EQ,INE766P01016,1,0.05,2,,,0,0.00,,240117,333.10,499.60,2100,,385,1,
NSE,CM,NSECM,7880,NIPPONAMC - NETFAUTO,AUTOBEES,AUTOBEES-EQ,EQ,INF204KC1337,1,0.01,2,,,0,0.00,,352009,227.26,340.88,,,7880,1,
NSE,CM,NSECM,761581,CENTRAL MINE P N D INST L,CMPDI,CMPDI-EQ,EQ,INE05HV01027,1,0.01,2,,,0,0.00,,401980,198.75,298.11,,Final Dividend - Rs. - 1.0600;10 Aug 2026,761581,1,
NSE,CM,NSECM,1949,KSB LIMITED,KSB,KSB-EQ,EQ,INE999A01023,1,0.05,2,,,0,0.00,,115387,692.85,1039.25,2100,,1949,1,
NSE,CM,NSECM,5366,WINDLAS BIOTECH LIMITED,WINDLAS,WINDLAS-EQ,EQ,INE0H5O01029,1,0.05,2,,,0,0.00,,116552,686.40,1029.50,,,5366,1,
NSE,CM,NSECM,28314,ANUH PHARMA LIMITED,ANUHPHR,ANUHPHR-EQ,EQ,INE489G01022,1,0.01,2,,,0,0.00,,1264625,63.26,94.88,,Final Dividend - Rs. - 1.5000;05 Aug 2026,28314,1,
NSE,CM,NSECM,23740,TBO TEK LIMITED,TBOTEK,TBOTEK-EQ,EQ,INE673O01025,1,0.10,2,,,0,0.00,,69929,1143.20,1714.80,2100,,23740,1,
NSE,CM,NSECM,13352,MALU PAPER MILLS LIMITED,MALUPAPER,MALUPAPER-EQ,EQ,INE383H01017,1,0.01,2,,,0,0.00,,557836,28.55,42.81,1500;2200;2300,,13352,1,
NSE,CM,NSECM,22730,VIBHOR STEEL TUBES LTD,VSTL,VSTL-EQ,EQ,INE0QTF01015,1,0.01,2,,,0,0.00,,620070,88.92,133.36,2300,,22730,1,
NSE,CM,NSECM,10876,HDFCAMC - HDFCSILVER,HDFCSILVER,HDFCSILVER-EQ,EQ,INF179KC1DI2,1,0.01,2,,,0,0.00,,472861,169.15,253.71,,,10876,1,
NSE,CM,NSECM,28888,SENORES PHARMACEUTICALS L,SENORES,SENORES-EQ,EQ,INE0RB801010,1,0.10,2,,,0,0.00,,72026,1110.00,1665.00,2100;3300;3600;4100,,28888,1,
NSE,CM,NSECM,6711,IL&FS INVESTMENT MANAGERS,IVC,IVC-EQ,EQ,INE050B01023,1,0.01,2,,,0,0.00,,10268869,6.59,9.87,1600;2100,,6711,1,
NSE,CM,NSECM,29464,DSPAMC - NEXT30ADD,NEXT30ADD,NEXT30ADD-EQ,EQ,INF740KA1VE5,1,0.01,2,,,0,0.00,,356159,33.78,50.66,,,29464,1,
NSE,CM,NSECM,762638,DECCAN GOLD MINES LTD.,DECNGOLD,DECNGOLD-EQ,EQ,INE945F01025,1,0.01,2,,,0,0.00,,513949,155.62,233.42,3300;3900;4100,,762638,1,
NSE,CM,NSECM,9428,SKIPPER LIMITED,SKIPPER,SKIPPER-EQ,EQ,INE439E01022,1,0.05,2,,,0,0.00,,189113,422.95,634.35,,,9428,1,
NSE,CM,NSECM,20822,SURAJ ESTATE DEVELOPERS L,SURAJEST,SURAJEST-EQ,EQ,INE843S01025,1,0.01,2,,,0,0.00,,516620,154.85,232.27,,,20822,1,
NSE,CM,NSECM,13538,TECH MAHINDRA LIMITED,TECHM,TECHM-EQ,EQ,INE669C01036,1,0.10,2,,,0,0.00,,63702,1403.60,1715.40,,,13538,1,
NSE,CM,NSECM,578,LIKHITHA INFRASTRUC LTD,LIKHITHA,LIKHITHA-EQ,EQ,INE060901027,1,0.05,2,,,0,0.00,,441286,203.95,249.25,4100,,578,1,
NSE,CM,NSECM,595,CARBORUNDUM UNIVERSAL LTD,CARBORUNIV,CARBORUNIV-EQ,EQ,INE120A01034,1,0.10,2,,,0,0.00,,93912,851.50,1277.10,2100,Final Dividend - Rs. - 2.5000;31 Jul 2026,595,1,
NSE,CM,NSECM,20425,NACL INDUSTRIES LIMITED,NACLIND,NACLIND-EQ,EQ,INE295D01020,1,0.01,2,,,0,0.00,,508072,157.44,236.16,2100;4100;4300,,20425,1,
NSE,CM,NSECM,14707,TIME TECHNOPLAST LTD.,TIMETECHNO,TIMETECHNO-EQ,EQ,INE508G01029,1,0.01,2,,,0,0.00,,496596,161.01,241.51,,,14707,1,
NSE,CM,NSECM,4471,ELPRO INTERNATIONAL LTD,ELPROINTL,ELPROINTL-EQ,EQ,INE579B01039,1,0.01,2,,,0,0.00,,566398,158.87,194.17,1201;2300;3300;4100,,4471,1,
NSE,CM,NSECM,25447,GROWWAMC - GROWWLIQID,GROWWLIQID,GROWWLIQID-EQ,EQ,INF666M01IP5,1,0.01,2,,,0,0.00,,430841,104.53,115.53,,,25447,1,
NSE,CM,NSECM,761099,INSOLATION ENERGY LIMITED,INA,INA-EQ,EQ,INE0LGX01024,1,0.01,2,,,0,0.00,,888189,90.06,135.08,4100,,761099,1,
NSE,CM,NSECM,762712,H B ESTATE DEVELOPERS L,HBESD,HBESD-EQ,EQ,INE640B01021,1,0.01,2,,,0,0.00,,750789,59.21,88.81,2300,,762712,1,
NSE,CM,NSECM,13376,UTTAM SUGAR MILLS LTD.,UTTAMSUGAR,UTTAMSUGAR-EQ,EQ,INE786F01031,1,0.01,2,,,0,0.00,,437710,182.77,274.15,,,13376,1,
NSE,CM,NSECM,350,BANNARI AMMAN SUGARS LTD,BANARISUG,BANARISUG-EQ,EQ,INE459A01010,1,0.10,2,,,0,0.00,,28551,2801.50,4202.10,2300,,350,1,
NSE,CM,NSECM,3024,JINDAL SAW LIMITED,JINDALSAW,JINDALSAW-EQ,EQ,INE324A01032,1,0.05,2,,,0,0.00,,391378,204.30,306.40,,,3024,1,
NSE,CM,NSECM,1494,RESTAURANT BRAND ASIA LTD,RBA,RBA-EQ,EQ,INE07T201019,1,0.01,2,,,0,0.00,,1534129,52.13,78.19,1500;2200,,1494,1,
NSE,CM,NSECM,404,BERGER PAINTS (I) LTD,BERGEPAINT,BERGEPAINT-EQ,EQ,INE463A01038,1,0.05,2,,,0,0.00,,200551,398.40,597.50,2100,Dividend - Rs. - 4.0000;05 Aug 2026,404,1,
NSE,CM,NSECM,762817,NILE LTD.,NILE,NILE-EQ,EQ,INE445D01013,1,0.10,2,,,0,0.00,,55474,1442.10,2163.10,,,762817,1,
NSE,CM,NSECM,18566,R R KABEL LIMITED,RRKABEL,RRKABEL-EQ,EQ,INE777K01022,1,0.10,2,,,0,0.00,,40038,1994.90,2992.30,2100;3300;3500;3900,,18566,1,
NSE,CM,NSECM,19,STYRENIX PERFORMANCE LTD,STYRENIX,STYRENIX-EQ,EQ,INE189B01011,1,0.10,2,,,0,0.00,,40727,1964.00,2946.00,,,19,1,
NSE,CM,NSECM,3518,TORRENT PHARMACEUTICALS L,TORNTPHARM,TORNTPHARM-EQ,EQ,INE685A01028,1,0.10,2,,,0,0.00,,19778,4465.40,5457.60,2100,,3518,1,
NSE,CM,NSECM,10576,NIP IND ETF NIFTY BEES,NIFTYBEES,NIFTYBEES-EQ,EQ,INF204KB14I2,1,0.01,2,,,0,0.00,,367715,217.33,325.99,,,10576,1,
NSE,CM,NSECM,1708,JAY BHARAT MARUTI LTD,JAYBARMARU,JAYBARMARU-EQ,EQ,INE571B01036,1,0.01,2,,,0,0.00,,619730,153.30,169.42,201,Final Dividend - Rs. - 0.7000;18 Aug 2026,1708,1,
NSE,CM,NSECM,308,BAJAJ HINDUSTHAN SUGAR LT,BAJAJHIND,BAJAJHIND-EQ,EQ,INE306A01021,1,0.01,2,,,0,0.00,,5783020,13.84,20.74,,,308,1,
NSE,CM,NSECM,10590,LOYAL TEXTILE MILLS LTD,LOYALTEX,LOYALTEX-EQ,EQ,INE970D01010,1,0.01,2,,,0,0.00,,157496,184.55,225.55,2200;2300,,10590,1,
NSE,CM,NSECM,6262,SEL MANUFACTURING CO LTD,SELMC,SELMC-EQ,EQ,INE105I01020,1,0.01,2,,,0,0.00,,1083503,22.60,33.88,1500;2200;2300,,6262,1,
NSE,CM,NSECM,11265,TVS ELECTRONICS LTD,TVSELECT,TVSELECT-EQ,EQ,INE236G01019,1,0.05,2,,,0,0.00,,201347,397.35,595.95,2100,,11265,1,
NSE,CM,NSECM,25270,BAJAJ HOUSING FINANCE LTD,BAJAJHFL,BAJAJHFL-EQ,EQ,INE377Y01014,1,0.01,2,,,0,0.00,,1183190,75.78,92.60,,,25270,1,
NSE,CM,NSECM,762648,DR. AGARWAL'S EYE HOSP L,DRAGARWQ,DRAGARWQ-EQ,EQ,INE934C01018,1,0.50,2,,,0,0.00,,19910,4017.50,6025.50,2300,,762648,1,
NSE,CM,NSECM,17507,INCREDIBLE INDUSTRIES LTD,INCREDIBLE,INCREDIBLE-EQ,EQ,INE452L01012,1,0.01,2,,,0,0.00,,1529173,26.72,40.06,2300,,17507,1,
NSE,CM,NSECM,6863,BAJAJ HEALTHCARE LIMITED,BAJAJHCARE,BAJAJHCARE-EQ,EQ,INE411U01027,1,0.05,2,,,0,0.00,,309257,258.70,388.00,,,6863,1,
NSE,CM,NSECM,11677,INDOCO REMEDIES LTD.,INDOCO,INDOCO-EQ,EQ,INE873D01024,1,0.01,2,,,0,0.00,,410750,194.74,292.10,2200,,11677,1,
NSE,CM,NSECM,3291,STAR PAPER MILLS LTD,STARPAPER,STARPAPER-EQ,EQ,INE733A01018,1,0.01,2,,,0,0.00,,510392,118.20,177.30,2300,,3291,1,
NSE,CM,NSECM,2176,AKG EXIM LIMITED,AKG,AKG-EQ,EQ,INE00Y801016,1,0.01,2,,,0,0.00,,1039093,8.37,12.55,2100;2300,,2176,1,
NSE,CM,NSECM,17939,HINDUSTAN COPPER LTD,HINDCOPPER,HINDCOPPER-EQ,EQ,INE531E01026,1,0.05,2,,,0,0.00,,206942,386.55,579.75,2100;4200;4300,,17939,1,
NSE,CM,NSECM,4481,AARTI DRUGS LTD.,AARTIDRUGS,AARTIDRUGS-EQ,EQ,INE767A01016,1,0.05,2,,,0,0.00,,247158,323.60,485.40,,,4481,1,
NSE,CM,NSECM,2388,NELCO LTD,NELCO,NELCO-EQ,EQ,INE045B01015,1,0.05,2,,,0,0.00,,107199,746.25,1119.35,2100,,2388,1,
NSE,CM,NSECM,17903,ABBOTT INDIA LIMITED,ABBOTINDIA,ABBOTINDIA-EQ,EQ,INE358A01014,1,5.00,2,,,0,0.00,,3568,22405.00,33605.00,,Special Dividend - Rs. - 131.0000;24 Jul 2026,17903,1,
NSE,CM,NSECM,759316,RUBICON RESEARCH LIMITED,RUBICON,RUBICON-EQ,EQ,INE506V01022,1,0.10,2,,,0,0.00,,65655,1216.20,1824.20,2100;3300;3500;4100,Final Dividend - Rs. - 1.5000;07 Aug 2026,759316,1,
NSE,CM,NSECM,27067,VARDHMAN SPC STEEL LTD,VSSL,VSSL-EQ,EQ,INE050M01012,1,0.05,2,,,0,0.00,,337528,237.00,355.50,,,27067,1,
NSE,CM,NSECM,2439,NK INDUSTRIES LTD,NKIND,NKIND-EQ,EQ,INE542C01019,1,0.01,2,,,0,0.00,,196522,47.78,71.66,201;1500;2200;2300,,2439,1,
NSE,CM,NSECM,14068,SAGAR CEMENTS LIMITED,SAGCEM,SAGCEM-EQ,EQ,INE229C01021,1,0.01,2,,,0,0.00,,563217,142.04,213.04,2200,,14068,1,
NSE,CM,NSECM,4847,KRISHNA INST OF MED SCI L,KIMS,KIMS-EQ,EQ,INE967H01025,1,0.05,2,,,0,0.00,,125160,638.30,957.40,2100,,4847,1,
NSE,CM,NSECM,7844,ICICIPRAMC - ICICIAUTO,AUTOIETF,AUTOIETF-EQ,EQ,INF109KC10V2,1,0.01,2,,,0,0.00,,2598181,22.76,34.14,,,7844,1,
NSE,CM,NSECM,3546,TTK PRESTIGE LTD,TTKPRESTIG,TTKPRESTIG-EQ,EQ,INE690A01028,1,0.05,2,,,0,0.00,,155301,514.70,772.00,2100,Final Dividend - Rs. - 7.5000;29 Jul 2026,3546,1,
NSE,CM,NSECM,3496,THIRUMALAI CHEMICALS LTD,TIRUMALCHM,TIRUMALCHM-EQ,EQ,INE338A01024,1,0.01,2,,,0,0.00,,596132,134.20,201.28,2200,,3496,1,
NSE,CM,NSECM,14535,UTIAMC-UTIGOLDBETA,GOLDBETA,GOLDBETA-EQ,EQ,INF789F1AUX7,1,0.05,2,,,0,0.00,,827575,96.65,144.95,,,14535,1,
NSE,CM,NSECM,3375,SURYA ROSHNI LTD,SURYAROSNI,SURYAROSNI-EQ,EQ,INE335A01020,1,0.05,2,,,0,0.00,,420253,190.40,285.50,,,3375,1,
NSE,CM,NSECM,18721,NUVAMA WEALTH MANAGE LTD,NUVAMA,NUVAMA-EQ,EQ,INE531F01023,1,0.10,2,,,0,0.00,,50364,1782.10,2178.10,1001;2000,,18721,1,
NSE,CM,NSECM,22277,WORTH PERIPHERALS LIMITED,WORTHPERI,WORTHPERI-EQ,EQ,INE196Y01018,1,0.01,2,,,0,0.00,,515056,114.27,171.39,2300,,22277,1,
NSE,CM,NSECM,10310,AURUM PROPTECH LIMITED,AURUM,AURUM-EQ,EQ,INE898S01029,1,0.01,2,,,0,0.00,,451928,177.00,265.50,2100,,10310,1,
NSE,CM,NSECM,8546,CHALET HOTELS LIMITED,CHALET,CHALET-EQ,EQ,INE427F01016,1,0.05,2,,,0,0.00,,122635,651.55,977.25,,,8546,1,
NSE,CM,NSECM,4656,SHIVALIK BIMETAL CON. LTD,SBCL,SBCL-EQ,EQ,INE386D01027,1,0.05,2,,,0,0.00,,132315,604.60,906.80,2100;3500;4100,,4656,1,
NSE,CM,NSECM,25907,WAAREE ENERGIES LIMITED,WAAREEENER,WAAREEENER-EQ,EQ,INE377N01017,1,0.10,2,,,0,0.00,,36818,2431.80,2972.20,,,25907,1,
NSE,CM,NSECM,4055,PANACEA BIOTEC LTD,PANACEABIO,PANACEABIO-EQ,EQ,INE922B01023,1,0.05,2,,,0,0.00,,226626,419.15,463.25,2200;3900;4100,,4055,1,
NSE,CM,NSECM,14788,SUN PHARMA ADV.RES.CO.LTD,SPARC,SPARC-EQ,EQ,INE232I01014,1,0.01,2,,,0,0.00,,462410,194.61,237.85,201,,14788,1,
NSE,CM,NSECM,17032,THYROCARE TECH LTD,THYROCARE,THYROCARE-EQ,EQ,INE594H01019,1,0.05,2,,,0,0.00,,177149,451.40,677.10,1201;1600,,17032,1,
NSE,CM,NSECM,13528,GMR AIRPORTS LIMITED,GMRAIRPORT,GMRAIRPORT-EQ,EQ,INE776C01039,1,0.01,2,,,0,0.00,,929188,96.41,117.83,2100,,13528,1,
NSE,CM,NSECM,2535,P&G HYGIENE & HEALTH CARE,PGHH,PGHH-EQ,EQ,INE179A01014,1,0.50,2,,,0,0.00,,11133,7180.00,10769.00,,Final Dividend - Rs. - 60.0000;26 Aug 2026,2535,1,
NSE,CM,NSECM,18553,JUPITER LIFE LINE HOSP L,JLHL,JLHL-EQ,EQ,INE682M01020,1,0.10,2,,,0,0.00,,309142,258.60,387.80,2100,Stock  Split From Rs.10/- to Rs.2/-;24 Jul 2026,18553,1,
NSE,CM,NSECM,1164,NEWGEN SOFTWARE TECH LTD,NEWGEN,NEWGEN-EQ,EQ,INE619B01017,1,0.05,2,,,0,0.00,,197660,404.60,606.80,4300,,1164,1,
NSE,CM,NSECM,19525,INDUSTRIAL INV TRUST LTD,IITL,IITL-EQ,EQ,INE886A01014,1,0.01,2,,,0,0.00,,713759,105.62,158.42,2200;2300,,19525,1,
NSE,CM,NSECM,19234,LAURUS LABS LIMITED,LAURUSLABS,LAURUSLABS-EQ,EQ,INE947Q01028,1,0.10,2,,,0,0.00,,62082,1441.10,1761.30,2100,,19234,1,
NSE,CM,NSECM,15151,MADHAV MARBLE & GRANITE,MADHAV,MADHAV-EQ,EQ,INE925C01016,1,0.01,2,,,0,0.00,,292565,27.04,40.54,201;2100;2300,,15151,1,
NSE,CM,NSECM,758173,PROSTARM INFO SYSTEMS LTD,PROSTARM,PROSTARM-EQ,EQ,INE0BX301013,1,0.01,2,,,0,0.00,,808582,98.94,148.40,,,758173,1,
NSE,CM,NSECM,762869,R S D FINANCE LTD.,RSDFIN,RSDFIN-EQ,EQ,INE616F01022,1,0.01,2,,,0,0.00,,423348,66.25,99.37,2300,,762869,1,
NSE,CM,NSECM,17433,NETWEB TECH INDIA LTD,NETWEB,NETWEB-EQ,EQ,INE0NT901020,1,0.10,2,,,0,0.00,,24027,3324.80,4987.20,2100;3600;4300,,17433,1,
NSE,CM,NSECM,760874,GROWWAMC - GROWWHOSPI,GROWWHOSPI,GROWWHOSPI-EQ,EQ,INF666M01OD9,1,0.01,2,,,0,0.00,,715195,42.64,63.96,,,760874,1,
NSE,CM,NSECM,19731,GUJARAT PIPAVAV PORT LTD,GPPL,GPPL-EQ,EQ,INE517F01014,1,0.01,2,,,0,0.00,,670046,119.39,179.07,,,19731,1,
NSE,CM,NSECM,15085,UTIAMC-SILVERBETA,SILVERBETA,SILVERBETA-EQ,EQ,INF789F1AYK6,1,0.01,2,,,0,0.00,,468610,170.70,256.04,,,15085,1,
NSE,CM,NSECM,11374,TIPS FILMS LIMITED,TIPSFILMS,TIPSFILMS-EQ,EQ,INE0LQS01015,1,0.05,2,,,0,0.00,,141357,327.35,490.95,201;2200,,11374,1,
NSE,CM,NSECM,4529,ICICIPRAMC - ICICINXT50,NEXT50IETF,NEXT50IETF-EQ,EQ,INF109KC1NS5,1,0.01,2,,,0,0.00,,1320853,60.56,90.82,,,4529,1,
NSE,CM,NSECM,11864,PRIME SECURITIES LIMITED,PRIMESECU,PRIMESECU-EQ,EQ,INE032B01021,1,0.05,2,,,0,0.00,,364348,219.60,329.30,2100;2300,,11864,1,
NSE,CM,NSECM,757478,SCODA TUBES LIMITED,SCODATUBES,SCODATUBES-EQ,EQ,INE090501011,1,0.01,2,,,0,0.00,,680564,117.55,176.31,,,757478,1,
NSE,CM,NSECM,6977,ICDS LTD,ICDSLTD,ICDSLTD-EQ,EQ,INE613B01010,1,0.01,2,,,0,0.00,,425972,36.44,44.52,2300,,6977,1,
NSE,CM,NSECM,17388,ADANI POWER LTD,ADANIPOWER,ADANIPOWER-EQ,EQ,INE814H01029,1,0.01,2,,,0,0.00,,462831,192.30,235.02,,,17388,1,
NSE,CM,NSECM,30469,KOTAKMAMC - MID150,MID150,MID150-EQ,EQ,INF174KA1VW2,1,0.01,2,,,0,0.00,,185715,18.45,27.67,,,30469,1,
NSE,CM,NSECM,29251,ITC HOTELS LIMITED,ITCHOTELS,ITCHOTELS-EQ,EQ,INE379A01028,1,0.01,2,,,0,0.00,,624891,127.94,191.90,,,29251,1,
NSE,CM,NSECM,1663,SUNDROP BRANDS LIMITED,SUNDROP,SUNDROP-EQ,EQ,INE209A01019,1,0.05,2,,,0,0.00,,145546,549.65,824.45,2100,,1663,1,
NSE,CM,NSECM,16713,UNITED BREWERIES LTD,UBL,UBL-EQ,EQ,INE686F01025,1,0.10,2,,,0,0.00,,71388,1118.90,1678.30,2100,Final Dividend - Rs. - 10.0000;07 Aug 2026,16713,1,
NSE,CM,NSECM,181,RAJDARSHAN INDUSTRIES LTD,ARENTERP,ARENTERP-EQ,EQ,INE610C01014,1,0.01,2,,,0,0.00,,101640,35.40,53.08,201;2200;2300,,181,1,
NSE,CM,NSECM,13875,JINDAL DRILLING IND. LTD,JINDRILL,JINDRILL-EQ,EQ,INE742C01031,1,0.05,2,,,0,0.00,,165249,484.10,726.10,,,13875,1,
NSE,CM,NSECM,14782,151NSETEST,151NSETEST,151NSETEST-EQ,EQ,DUMMYSAN019,1,0.05,2,,,0,0.00,,0,180.00,220.00,,,14782,1,
NSE,CM,NSECM,5200,GRAUER & WEIL IND LTD,GRAUWEIL,GRAUWEIL-EQ,EQ,INE266D01021,1,0.01,2,,,0,0.00,,1351618,59.18,88.76,,,5200,1,
NSE,CM,NSECM,19142,USHA MARTIN EDU & SOL LTD,UMESLTD,UMESLTD-EQ,EQ,INE240C01028,1,0.01,2,,,0,0.00,,863796,5.13,5.65,2300,,19142,1,
NSE,CM,NSECM,419,BHANSALI ENG. POLYMERS LT,BEPL,BEPL-EQ,EQ,INE922A01025,1,0.01,2,,,0,0.00,,820734,97.45,146.17,,Interim Dividend - Rs. - 1.0000;23 Jul 2026,419,1,
NSE,CM,NSECM,10865,GVP INFOTECH LIMITED,GVPTECH,GVPTECH-EQ,EQ,INE382T01030,1,0.01,2,,,0,0.00,,5325572,5.40,8.10,2200,,10865,1,
NSE,CM,NSECM,10791,NUCLEUS SOFTWARE EXPORTS,NUCLEUS,NUCLEUS-EQ,EQ,INE096B01018,1,0.05,2,,,0,0.00,,137996,579.65,869.45,,,10791,1,
NSE,CM,NSECM,13565,SHREE RAMA NEWSPRINT LTD,RAMANEWS,RAMANEWS-EQ,EQ,INE278B01020,1,0.01,2,,,0,0.00,,3500106,22.86,34.28,1500;2200;2300,,13565,1,
NSE,CM,NSECM,1076,ZENSAR TECHNOLOGIES  LTD,ZENSARTECH,ZENSARTECH-EQ,EQ,INE520A01027,1,0.05,2,,,0,0.00,,197465,404.75,607.05,,,1076,1,
NSE,CM,NSECM,14562,ZENITH STEEL PIP IND LTD,ZENITHSTL,ZENITHSTL-EQ,EQ,INE318D01020,1,0.01,2,,,0,0.00,,4652569,5.25,6.41,,,14562,1,
NSE,CM,NSECM,10822,MOTILALAMC - MOQUALITY,MOQUALITY,MOQUALITY-EQ,EQ,INF247L01BH8,1,0.01,2,,,0,0.00,,51581,160.44,240.66,,,10822,1,
NSE,CM,NSECM,13057,UNIPARTS INDIA LIMITED,UNIPARTS,UNIPARTS-EQ,EQ,INE244O01017,1,0.05,2,,,0,0.00,,144998,551.60,827.40,,,13057,1,
NSE,CM,NSECM,5688,ARCHIES LTD,ARCHIES,ARCHIES-EQ,EQ,INE731A01020,1,0.01,2,,,0,0.00,,1104604,11.00,16.50,2200;2300,,5688,1,
NSE,CM,NSECM,11432,KRITI NUTRIENTS LIMITED,KRITINUT,KRITINUT-EQ,EQ,INE798K01010,1,0.01,2,,,0,0.00,,1329596,67.69,82.73,2300;4100,,11432,1,
NSE,CM,NSECM,21713,LASA SUPERGENERICS LTD,LASA,LASA-EQ,EQ,INE670X01014,1,0.01,2,,,0,0.00,,1638309,6.25,7.63,2200;2300,,21713,1,
NSE,CM,NSECM,13463,PIONEER EMBROIDERIES LTD,PIONEEREMB,PIONEEREMB-EQ,EQ,INE156C01018,1,0.01,2,,,0,0.00,,1007394,17.64,26.46,201;2100;2300,,13463,1,
NSE,CM,NSECM,7376,HP ADHESIVES LIMITED,HPAL,HPAL-EQ,EQ,INE0GSL01024,1,0.01,2,,,0,0.00,,3003843,26.64,39.94,,,7376,1,
NSE,CM,NSECM,357,NIPPON L I A M LTD,NAM-INDIA,NAM-INDIA-EQ,EQ,INE298J01013,1,0.10,2,,,0,0.00,,89428,1001.30,1223.70,,,357,1,
NSE,CM,NSECM,760125,FABTECH TECHNOLOGIES LTD,FABTECH,FABTECH-EQ,EQ,INE0HF201011,1,0.01,2,,,0,0.00,,667827,119.79,179.67,,Final Dividend - Rs. - 0.6000;17 Aug 2026,760125,1,
NSE,CM,NSECM,31837,SREELEATHERS LIMITED,SREEL,SREEL-EQ,EQ,INE099F01013,1,0.01,2,,,0,0.00,,438647,182.38,273.56,,,31837,1,
NSE,CM,NSECM,27020,A B INFRABUILD LIMITED,ABINFRA,ABINFRA-EQ,EQ,INE00YB01025,1,0.01,2,,,0,0.00,,9689794,8.26,12.38,3900;4100;4300,,27020,1,
NSE,CM,NSECM,2711,PRECOT LIMITED,PRECOT,PRECOT-EQ,EQ,INE283A01014,1,0.05,2,,,0,0.00,,121390,782.60,864.90,2300;3500;4100;4300,,2711,1,
NSE,CM,NSECM,761037,CEINSYS TECH LIMITED,CEINSYS,CEINSYS-EQ,EQ,INE016Q01014,1,0.05,2,,,0,0.00,,114925,696.05,1044.05,,,761037,1,
NSE,CM,NSECM,13359,KFIN TECHNOLOGIES LIMITED,KFINTECH,KFINTECH-EQ,EQ,INE138Y01010,1,0.05,2,,,0,0.00,,116484,772.00,943.50,,,13359,1,
NSE,CM,NSECM,5606,INTL CONVEYORS LIMITED,INTLCONV,INTLCONV-EQ,EQ,INE575C01027,1,0.01,2,,,0,0.00,,1332384,60.04,90.06,,,5606,1,
NSE,CM,NSECM,1576,GILLETTE INDIA LTD,GILLETTE,GILLETTE-EQ,EQ,INE322A01010,1,0.50,2,,,0,0.00,,12772,6263.00,9394.00,,Final Dividend - Rs. - 60.0000;24 Aug 2026,1576,1,
NSE,CM,NSECM,23184,MOTILALAMC - MOREALTY,MOREALTY,MOREALTY-EQ,EQ,INF247L01CI4,1,0.01,2,,,0,0.00,,948298,70.84,106.24,,,23184,1,
NSE,CM,NSECM,10176,SBI-ETF NIFTY 50,SETFNIF50,SETFNIF50-EQ,EQ,INF200KA1FS1,1,0.01,2,,,0,0.00,,386191,205.40,308.08,,,10176,1,
NSE,CM,NSECM,16819,QUANTUM NIFTY 50 ETF,QNIFTY,QNIFTY-EQ,EQ,INF082J01499,1,0.01,2,,,0,0.00,,78526,210.00,314.98,,,16819,1,
NSE,CM,NSECM,27095,SWAN CORP LIMITED,SWANCORP,SWANCORP-EQ,EQ,INE665A01038,1,0.05,2,,,0,0.00,,322232,248.25,372.35,,,27095,1,
NSE,CM,NSECM,14890,AKI INDIA LIMITED,AKI,AKI-EQ,EQ,INE642Z01026,1,0.01,2,,,0,0.00,,3374833,3.41,5.11,4200;4300,,14890,1,
NSE,CM,NSECM,22663,JANA SMALL FIN BANK LTD,JSFB,JSFB-EQ,EQ,INE953L01027,1,0.05,2,,,0,0.00,,186136,429.60,644.30,,,22663,1,
NSE,CM,NSECM,14774,111NSETEST,111NSETEST,111NSETEST-EQ,EQ,DUMMYSAN015,1,0.05,2,,,0,0.00,,0,180.00,220.00,,,14774,1,
NSE,CM,NSECM,762899,SHRI BAJRANG ALLIANCE L,SHBAJRG,SHBAJRG-EQ,EQ,INE402H01015,1,0.01,2,,,0,0.00,,294298,147.15,220.71,2300,,762899,1,
NSE,CM,NSECM,15399,EIH ASSOCIATED HOTELS LTD,EIHAHOTELS,EIHAHOTELS-EQ,EQ,INE276C01014,1,0.05,2,,,0,0.00,,321620,248.75,373.05,,Final Dividend - Rs. - 3.5000;28 Jul 2026,15399,1,
NSE,CM,NSECM,761814,TCC CONCEPT LIMITED,TCC,TCC-EQ,EQ,INE887D01016,1,0.05,2,,,0,0.00,,367676,217.60,326.30,,,761814,1,
NSE,CM,NSECM,2144,BHARAT DYNAMICS LIMITED,BDL,BDL-EQ,EQ,INE171Z01026,1,0.10,2,,,0,0.00,,80276,1118.70,1367.30,2100,,2144,1,
NSE,CM,NSECM,760229,MEESHO LIMITED,MEESHO,MEESHO-EQ,EQ,INE0VDM01015,1,0.01,2,,,0,0.00,,538000,148.20,222.28,2200,,760229,1,
NSE,CM,NSECM,27161,CINELINE INDIA LIMITED,CINELINE,CINELINE-EQ,EQ,INE704H01022,1,0.01,2,,,0,0.00,,1120511,69.37,104.05,2300,,27161,1,
NSE,CM,NSECM,16725,RPG LIFE SCIENCES LTD,RPGLIFE,RPGLIFE-EQ,EQ,INE105J01010,1,0.10,2,,,0,0.00,,34036,2349.60,3524.40,3200,,16725,1,
NSE,CM,NSECM,16657,ANIK INDUSTRIES LTD,ANIKINDS,ANIKINDS-EQ,EQ,INE087B01017,1,0.01,2,,,0,0.00,,907537,32.56,48.84,2200;2300;4200;4300,,16657,1,
NSE,CM,NSECM,14150,BODHI TREE MULTIMEDIA LTD,BTML,BTML-EQ,EQ,INE0EEJ01023,1,0.01,2,,,0,0.00,,5941516,5.57,8.35,,,14150,1,
NSE,CM,NSECM,4422,INDIAN CARD CLOTHING CO.,INDIANCARD,INDIANCARD-EQ,EQ,INE061A01014,1,0.01,2,,,0,0.00,,194273,179.18,268.76,2300,,4422,1,
NSE,CM,NSECM,11703,ALKEM LABORATORIES LTD.,ALKEM,ALKEM-EQ,EQ,INE540L01014,1,0.50,2,,,0,0.00,,17694,5070.50,6196.50,,,11703,1,
NSE,CM,NSECM,7456,DSPAMC - DSPQ50ETF,MIDQ50ADD,MIDQ50ADD-EQ,EQ,INF740KA1ZF3,1,0.01,2,,,0,0.00,,1301945,19.63,29.43,,,7456,1,
NSE,CM,NSECM,13587,ACTION CONST EQUIP LTD,ACE,ACE-EQ,EQ,INE731H01025,1,0.10,2,,,0,0.00,,96099,831.60,1247.20,,,13587,1,
NSE,CM,NSECM,759291,BLUESTONE JEWEL LFSTL LTD,BLUESTONE,BLUESTONE-EQ,EQ,INE304W01038,1,0.05,2,,,0,0.00,,129388,617.95,926.85,2100;2600;2900;3900,,759291,1,
NSE,CM,NSECM,762163,WATERWAYS LEISURE TOUR L,CORDELIA,CORDELIA-EQ,EQ,INE0LZF01013,1,0.05,2,,,0,0.00,,123938,725.80,887.00,,,762163,1,
NSE,CM,NSECM,9288,KRITIKA WIRES LIMITED,KRITIKA,KRITIKA-EQ,EQ,INE00Z501029,1,0.01,2,,,0,0.00,,8707354,4.38,6.56,,,9288,1,
NSE,CM,NSECM,9049,ROTO PUMPS LIMITED,ROTO,ROTO-EQ,EQ,INE535D01037,1,0.01,2,,,0,0.00,,1468744,54.47,81.69,2100,,9049,1,
NSE,CM,NSECM,18593,EMS LIMITED,EMSLIMITED,EMSLIMITED-EQ,EQ,INE0OV601013,1,0.05,2,,,0,0.00,,247944,363.00,443.60,,,18593,1,
NSE,CM,NSECM,3063,VEDANTA LIMITED,VEDL,VEDL-EQ,EQ,INE205A01025,1,0.05,2,,,0,0.00,,375396,238.20,291.10,1001;1600,,3063,1,
NSE,CM,NSECM,7083,STAR HEALTH & AL INS CO L,STARHEALTH,STARHEALTH-EQ,EQ,INE575P01011,1,0.05,2,,,0,0.00,,171821,464.65,696.95,2100,,7083,1,
NSE,CM,NSECM,21062,INNOVA CAPTAB LIMITED,INNOVACAP,INNOVACAP-EQ,EQ,INE0DUT01020,1,0.05,2,,,0,0.00,,105178,760.40,1140.50,,,21062,1,
NSE,CM,NSECM,305,BAJAJ HOLDINGS & INVS LTD,BAJAJHLDNG,BAJAJHLDNG-EQ,EQ,INE118A01012,1,1.00,2,,,0,0.00,,9347,9612.00,11746.00,2100,,305,1,
NSE,CM,NSECM,13810,GREENPANEL INDUSTRIES LTD,GREENPANEL,GREENPANEL-EQ,EQ,INE08ZM01014,1,0.01,2,,,0,0.00,,514788,155.40,233.08,2200,Final Dividend - Rs. - 0.5000;31 Jul 2026,13810,1,
NSE,CM,NSECM,21469,OPTIEMUS INFRACOM LTD,OPTIEMUS,OPTIEMUS-EQ,EQ,INE350C01017,1,0.05,2,,,0,0.00,,166645,480.00,719.90,2100;3200;4100,,21469,1,
NSE,CM,NSECM,804,SHIVA TEXYARN LIMITED,SHIVATEX,SHIVATEX-EQ,EQ,INE705C01020,1,0.01,2,,,0,0.00,,423879,123.94,185.90,2300,,804,1,
NSE,CM,NSECM,761197,GUJARAT KIDNEY N SUP SP L,GKSL,GKSL-EQ,EQ,INE0V0W01025,1,0.01,2,,,0,0.00,,779995,102.56,153.84,2100,,761197,1,
NSE,CM,NSECM,11856,SHAH ALLOYS LIMITED,SHAHALLOYS,SHAHALLOYS-EQ,EQ,INE640C01011,1,0.01,2,,,0,0.00,,647378,53.25,79.87,2300,,11856,1,
NSE,CM,NSECM,1448,HLV LIMITED,HLVLTD,HLVLTD-EQ,EQ,INE102A01024,1,0.01,2,,,0,0.00,,14164197,5.65,8.47,2100,,1448,1,
NSE,CM,NSECM,14582,SREE RAYALSEEMA HHP LTD.,SRHHYPOLTD,SRHHYPOLTD-EQ,EQ,INE917H01012,1,0.05,2,,,0,0.00,,209255,382.30,573.40,2300,,14582,1,
NSE,CM,NSECM,11343,AFFLE 3I LIMITED,AFFLE,AFFLE-EQ,EQ,INE00WC01027,1,0.10,2,,,0,0.00,,69130,1156.30,1734.30,,,11343,1,
NSE,CM,NSECM,4067,MARICO LIMITED,MARICO,MARICO-EQ,EQ,INE196A01026,1,0.05,2,,,0,0.00,,116852,770.05,941.15,2100,Final Dividend - Rs. - 4.0000;30 Jul 2026,4067,1,
NSE,CM,NSECM,762914,SIKA INTERPLANT SYSTEMS L,SIKA,SIKA-EQ,EQ,INE438E01032,1,0.10,2,,,0,0.00,,87728,911.70,1367.50,,Final Dividend - Rs. - 3.5000;05 Aug 2026,762914,1,
NSE,CM,NSECM,15180,KIRLOSKAR PNEUMATIC COM L,KIRLPNU,KIRLPNU-EQ,EQ,INE811A01020,1,0.10,2,,,0,0.00,,66776,1197.70,1796.50,4100,,15180,1,
NSE,CM,NSECM,163,APOLLO TYRES LTD,APOLLOTYRE,APOLLOTYRE-EQ,EQ,INE438A01022,1,0.05,2,,,0,0.00,,238161,335.75,503.55,,,163,1,
NSE,CM,NSECM,2463,MISHRA DHATU NIGAM LTD,MIDHANI,MIDHANI-EQ,EQ,INE099Z01011,1,0.05,2,,,0,0.00,,254594,314.20,471.20,2100,,2463,1,
NSE,CM,NSECM,29944,KOTAKMAMC - NIFTY100EW,NIFTY100EW,NIFTY100EW-EQ,EQ,INF174KA1UW4,1,0.01,2,,,0,0.00,,276133,27.73,41.59,,,29944,1,
NSE,CM,NSECM,758941,CAREER POINT EDUTECH LTD,CPEDU,CPEDU-EQ,EQ,INE0P6P01016,1,0.01,2,,,0,0.00,,536272,149.18,223.76,2300,,758941,1,
NSE,CM,NSECM,14366,VODAFONE IDEA LIMITED,IDEA,IDEA-EQ,EQ,INE669E01016,1,0.01,2,,,0,0.00,,7584011,11.82,14.44,4300,,14366,1,
NSE,CM,NSECM,2385,NAVNEET EDUCATION LTD,NAVNETEDUL,NAVNETEDUL-EQ,EQ,INE060A01024,1,0.01,2,,,0,0.00,,694387,115.18,172.76,,,2385,1,
NSE,CM,NSECM,6964,GO FASHION INDIA LTD,GOCOLORS,GOCOLORS-EQ,EQ,INE0BJS01011,1,0.05,2,,,0,0.00,,308444,259.35,388.95,3900;4200;4300,,6964,1,
NSE,CM,NSECM,759169,MANGALAM WORLDWIDE LTD,MWL,MWL-EQ,EQ,INE0JYY01029,1,0.05,2,,,0,0.00,,2777606,28.80,43.20,,Final Dividend - Rs. - 0.0300;23 Jul 2026,759169,1,
NSE,CM,NSECM,21001,PUNJAB & SIND BANK,PSB,PSB-EQ,EQ,INE608A01012,1,0.01,2,,,0,0.00,,4200585,19.02,28.52,,Final Dividend - Rs. - 0.3900;21 Jul 2026,21001,1,
NSE,CM,NSECM,10761,DSPAMC - DSPSILVETF,SILVERADD,SILVERADD-EQ,EQ,INF740KA1RE3,1,0.01,2,,,0,0.00,,469549,170.36,255.52,,,10761,1,
NSE,CM,NSECM,278,AUTOMOTIVE AXLES LIMITED,AUTOAXLES,AUTOAXLES-EQ,EQ,INE449A01011,1,0.10,2,,,0,0.00,,55580,1439.20,2158.60,,Final Dividend - Rs. - 32.0000;05 Aug 2026,278,1,
NSE,CM,NSECM,2229,MODI RUBBER LTD,MODIRUBBER,MODIRUBBER-EQ,EQ,INE832A01018,1,0.01,2,,,0,0.00,,794510,100.69,151.03,1500;2200;2300,,2229,1,
NSE,CM,NSECM,762346,RMC SWITCHGEARS LIMITED,RMC,RMC-EQ,EQ,INE655V01019,1,0.05,2,,,0,0.00,,345861,214.45,321.65,3900;4100,,762346,1,
NSE,CM,NSECM,762680,FERMENTA BIOTECH LTD.,FERMENTA,FERMENTA-EQ,EQ,INE225B01021,1,0.05,2,,,0,0.00,,231444,345.65,518.45,3900,Final Dividend - Rs. - 3.7500;05 Aug 2026,762680,1,
NSE,CM,NSECM,29075,STANDARD ENGNG TCNLGY LTD,SETL,SETL-EQ,EQ,INE0M4D01010,1,0.05,2,,,0,0.00,,366664,259.10,286.30,201;2100,,29075,1,
NSE,CM,NSECM,18783,BANDHANAMC - IDFNIFTYET,IDFNIFTYET,IDFNIFTYET-EQ,EQ,INF194KA1U07,1,0.01,2,,,0,0.00,,4672,210.78,316.16,,,18783,1,
NSE,CM,NSECM,30249,ISHAN DYES N CHEMICALS L,ISHANCH,ISHANCH-EQ,EQ,INE561M01018,1,0.01,2,,,0,0.00,,892852,41.72,62.56,201;2200;2300,,30249,1,
NSE,CM,NSECM,8342,ICICIPRAMC - ICICI5GSEC,GSEC5IETF,GSEC5IETF-EQ,EQ,INF109KC14A8,1,0.01,2,,,0,0.00,,102312,62.68,69.26,,,8342,1,
NSE,CM,NSECM,6908,VISHNU CHEMICALS LIMITED,VISHNU,VISHNU-EQ,EQ,INE270I01022,1,0.05,2,,,0,0.00,,158122,505.95,758.85,,Final Dividend - Rs. - 0.3000;21 Aug 2026,6908,1,
NSE,CM,NSECM,9897,AIRAN LIMITED,AIRAN,AIRAN-EQ,EQ,INE645W01026,1,0.01,2,,,0,0.00,,4088152,12.03,18.03,,,9897,1,
NSE,CM,NSECM,8937,E2E NETWORKS LIMITED,E2E,E2E-EQ,EQ,INE255Z01027,1,0.05,2,,,0,0.00,,193435,490.90,542.50,2100;2600;2900;3900,,8937,1,
NSE,CM,NSECM,11359,DHANLAXMI BANK LIMITED,DHANBANK,DHANBANK-EQ,EQ,INE680A01011,1,0.01,2,,,0,0.00,,2916034,27.44,41.14,,,11359,1,
NSE,CM,NSECM,18581,KIRLOSKAR BROTHERS LTD,KIRLOSBROS,KIRLOSBROS-EQ,EQ,INE732A01036,1,0.10,2,,,0,0.00,,54394,1468.90,2203.30,,Final Dividend - Rs. - 7.0000;24 Jul 2026,18581,1,
NSE,CM,NSECM,18840,NIRAJ ISPAT IND LTD,NIRAJISPAT,NIRAJISPAT-EQ,EQ,INE326T01011,1,0.01,2,,,0,0.00,,19618,171.45,209.55,2300;4100;4200;4300,,18840,1,
NSE,CM,NSECM,3499,TATA STEEL LIMITED,TATASTEEL,TATASTEEL-EQ,EQ,INE081A01020,1,0.01,2,,,0,0.00,,536790,164.41,200.93,,,3499,1,
NSE,CM,NSECM,11082,LIBAS CONSU PRODUCTS LTD,LIBAS,LIBAS-EQ,EQ,INE908V01012,1,0.01,2,,,0,0.00,,861466,8.04,12.04,2100;2300,,11082,1,
NSE,CM,NSECM,24524,SBIAMC - SBINEQWETF,SBINEQWETF,SBINEQWETF-EQ,EQ,INF200KB1282,1,0.01,2,,,0,0.00,,385598,26.49,39.73,,,24524,1,
NSE,CM,NSECM,2142,MAX FINANCIAL SERV LTD,MFSL,MFSL-EQ,EQ,INE180A01020,1,0.10,2,,,0,0.00,,65915,1364.00,1667.00,2100,,2142,1,
NSE,CM,NSECM,9356,MSTC LIMITED,MSTCLTD,MSTCLTD-EQ,EQ,INE255X01014,1,0.05,2,,,0,0.00,,164664,546.50,667.90,201,,9356,1,
NSE,CM,NSECM,17704,QUESS CORP LIMITED,QUESS,QUESS-EQ,EQ,INE615P01015,1,0.05,2,,,0,0.00,,338448,236.35,354.45,3300,Final Dividend - Rs. - 3.0000;07 Aug 2026,17704,1,
NSE,CM,NSECM,9921,ALANKIT LIMITED,ALANKIT,ALANKIT-EQ,EQ,INE914E01040,1,0.01,2,,,0,0.00,,8866868,6.37,9.55,,,9921,1,
NSE,CM,NSECM,11905,GENUS POWER INFRASTRU LTD,GENUSPOWER,GENUSPOWER-EQ,EQ,INE955D01029,1,0.05,2,,,0,0.00,,316715,252.50,378.70,,,11905,1,
NSE,CM,NSECM,9668,HIKAL LIMITED,HIKAL,HIKAL-EQ,EQ,INE475B01022,1,0.01,2,,,0,0.00,,459910,173.92,260.88,2200,,9668,1,
NSE,CM,NSECM,14278,ORIENT BELL LIMITED,ORIENTBELL,ORIENTBELL-EQ,EQ,INE607D01018,1,0.05,2,,,0,0.00,,312979,255.60,383.40,201;2300,Dividend - Rs. - 1.0000;24 Jul 2026,14278,1,
NSE,CM,NSECM,12101,HDFCAMC - HDFCNIFIT,HDFCNIFIT,HDFCNIFIT-EQ,EQ,INF179KC1IA8,1,0.01,2,,,0,0.00,,1322605,24.40,36.60,,,12101,1,
NSE,CM,NSECM,20956,SUNDARAM CLAYTON LIMITED,SUNCLAY,SUNCLAY-EQ,EQ,INE0Q3R01026,1,0.10,2,,,0,0.00,,73346,1090.60,1635.80,,,20956,1,
NSE,CM,NSECM,14599,GLOBAL SURFACES LIMITED,GSLSU,GSLSU-EQ,EQ,INE0JSX01015,1,0.01,2,,,0,0.00,,1385884,26.61,29.41,201;1500;2200,,14599,1,
NSE,CM,NSECM,20413,IOL CHEM AND PHARMA LTD,IOLCP,IOLCP-EQ,EQ,INE485C01029,1,0.01,2,,,0,0.00,,670122,119.38,179.06,201,,20413,1,
NSE,CM,NSECM,759402,ADVANCE AGROLIFE LIMITED,ADVANCE,ADVANCE-EQ,EQ,INE1B0W01010,1,0.01,2,,,0,0.00,,909963,87.92,131.86,,,759402,1,
NSE,CM,NSECM,19372,SPACENET ENTERS IND LTD,SPCENET,SPCENET-EQ,EQ,INE970N01027,1,0.01,2,,,0,0.00,,18564957,3.34,3.68,4100;4200;4300,,19372,1,
NSE,CM,NSECM,759880,TENNECO CLEAN AIR INDIA L,TENNIND,TENNIND-EQ,EQ,INE19RI01016,1,0.05,2,,,0,0.00,,184849,432.00,647.90,2100,,759880,1,
NSE,CM,NSECM,3475,THERMAX LTD,THERMAX,THERMAX-EQ,EQ,INE152A01029,1,0.50,2,,,0,0.00,,22042,3611.50,5416.50,2100,,3475,1,
NSE,CM,NSECM,12841,11NSETEST,11NSETEST,11NSETEST-EQ,EQ,DUMMYSAN001,1,0.05,2,,,0,0.00,,0,76.00,114.00,,,12841,1,
NSE,CM,NSECM,5378,ASAHI INDIA GLASS LIMITED,ASAHIINDIA,ASAHIINDIA-EQ,EQ,INE439A01020,1,0.05,2,,,0,0.00,,112421,710.65,1065.95,2100,,5378,1,
NSE,CM,NSECM,762807,NATIONAL STAND (INDIA) L,NATIONSTD,NATIONSTD-EQ,EQ,INE166R01015,1,0.10,2,,,0,0.00,,312298,304.20,336.20,201,,762807,1,
NSE,CM,NSECM,759587,STUDDS ACCESSORIES LTD,STUDDS,STUDDS-EQ,EQ,INE00Q601028,1,0.05,2,,,0,0.00,,221912,360.50,540.70,,,759587,1,
NSE,CM,NSECM,9020,VAXTEX COTFAB LIMITED,VCL,VCL-EQ,EQ,INE098201036,1,0.01,2,,,0,0.00,,6008696,0.95,1.03,4100;4200;4300,,9020,1,
NSE,CM,NSECM,757,CRISIL LTD,CRISIL,CRISIL-EQ,EQ,INE007A01025,1,0.10,2,,,0,0.00,,23034,3469.80,5204.60,,Interim Dividend - Rs. - 10.0000;27 Jul 2026,757,1,
NSE,CM,NSECM,760923,KN AGRI RESOURCES LIMITED,KNAGRI,KNAGRI-EQ,EQ,INE0KNW01016,1,0.01,2,,,0,0.00,,468053,170.92,256.36,2300,,760923,1,
NSE,CM,NSECM,18391,RBL BANK LIMITED,RBLBANK,RBLBANK-EQ,EQ,INE976G01028,1,0.05,2,,,0,0.00,,283075,317.65,388.15,2100,,18391,1,
NSE,CM,NSECM,359,RAJ OIL MILLS LIMITED,ROML,ROML-EQ,EQ,INE294G01026,1,0.01,2,,,0,0.00,,490128,35.61,53.41,2300,,359,1,
NSE,CM,NSECM,5507,SERVOTECH REN POW SYS LTD,SERVOTECH,SERVOTECH-EQ,EQ,INE782X01033,1,0.01,2,,,0,0.00,,1045437,76.52,114.76,2100;4100;4300,,5507,1,
NSE,CM,NSECM,16986,COUNTRY CONDO S LIMITED,COUNCODOS,COUNCODOS-EQ,EQ,INE695B01025,1,0.01,2,,,0,0.00,,2537430,5.76,7.04,201;2100,,16986,1,
NSE,CM,NSECM,5382,EPIGRAL LIMITED,EPIGRAL,EPIGRAL-EQ,EQ,INE071N01016,1,0.10,2,,,0,0.00,,85979,930.20,1395.20,4300,,5382,1,
NSE,CM,NSECM,19783,MUFIN GREEN FINANCE LTD,MUFIN,MUFIN-EQ,EQ,INE08KJ01020,1,0.01,2,,,0,0.00,,804339,99.46,149.18,2100,,19783,1,
NSE,CM,NSECM,11399,SALZER ELECTRONICS LTD,SALZERELEC,SALZERELEC-EQ,EQ,INE457F01013,1,0.05,2,,,0,0.00,,173608,460.80,691.10,,,11399,1,
NSE,CM,NSECM,10859,DREAMFOLKS SERVICES LTD,DREAMFOLKS,DREAMFOLKS-EQ,EQ,INE0JS101016,1,0.01,2,,,0,0.00,,1491821,53.63,80.43,4300,,10859,1,
NSE,CM,NSECM,17875,GODREJ PROPERTIES LTD,GODREJPROP,GODREJPROP-EQ,EQ,INE484J01027,1,0.10,2,,,0,0.00,,49098,1825.90,2231.50,,Final Dividend - Rs. - 10.0000;28 Jul 2026,17875,1,
NSE,CM,NSECM,14947,MOTILAL OSWAL FIN LTD,MOTILALOFS,MOTILALOFS-EQ,EQ,INE338I01027,1,0.05,2,,,0,0.00,,114406,784.80,959.10,,,14947,1,
NSE,CM,NSECM,759434,WEWORK INDIA MANAGEMENT L,WEWORK,WEWORK-EQ,EQ,INE085001019,1,0.05,2,,,0,0.00,,140390,569.60,854.30,2100,,759434,1,
NSE,CM,NSECM,12749,DJ MEDIAPRINT & LOG LTD,DJML,DJML-EQ,EQ,INE0B1K01014,1,0.01,2,,,0,0.00,,874193,102.96,125.82,,,12749,1,
NSE,CM,NSECM,9168,UTIAMC-SNXT50BETA,SNXT50BETA,SNXT50BETA-EQ,EQ,INF789F1AUU3,1,0.01,2,,,0,0.00,,116574,74.06,111.08,,,9168,1,
NSE,CM,NSECM,20188,VA TECH WABAG LTD,WABAG,WABAG-EQ,EQ,INE956G01038,1,0.10,2,,,0,0.00,,48979,1633.00,2449.40,3500;4100,,20188,1,
NSE,CM,NSECM,762623,JOHN COCKERILL INDIA LTD.,COCKERILL,COCKERILL-EQ,EQ,INE515A01019,1,0.50,2,,,0,0.00,,11183,8044.00,9831.00,3300;3900;4100,,762623,1,
NSE,CM,NSECM,759244,JAIN RESOURCE RECYCLING L,JAINREC,JAINREC-EQ,EQ,INE0YD401026,1,0.05,2,,,0,0.00,,292976,272.80,409.20,3900,,759244,1,
NSE,CM,NSECM,757431,MOTILALAMC - MOPSE,MOPSE,MOPSE-EQ,EQ,INF247L01FO5,1,0.01,2,,,0,0.00,,5884,80.97,121.45,,,757431,1,
NSE,CM,NSECM,10511,UTIAMC-NIFTYBETA,NIFTYBETA,NIFTYBETA-EQ,EQ,INF789F1AZC0,1,0.01,2,,,0,0.00,,375660,211.50,317.24,,,10511,1,
NSE,CM,NSECM,6227,DHUNSERI TEA & IND. LTD.,DTIL,DTIL-EQ,EQ,INE341R01014,1,0.01,2,,,0,0.00,,343591,105.89,158.83,2300,Final Dividend - Rs. - 2.0000;12 Aug 2026,6227,1,
NSE,CM,NSECM,3608,AXISAMC-HEALTHAXIS,HEALTHAXIS,HEALTHAXIS-EQ,EQ,INF846K01Z12,1,0.01,2,,,0,0.00,,50833,132.70,199.04,,,3608,1,
NSE,CM,NSECM,11794,SAKSOFT LIMITED,SAKSOFT,SAKSOFT-EQ,EQ,INE667G01023,1,0.01,2,,,0,0.00,,594093,151.47,185.13,4100,Final Dividend - Rs. - 0.5500;31 Jul 2026,11794,1,
NSE,CM,NSECM,5549,ABM INTERNATIONAL LTD,ABMINTLLTD,ABMINTLLTD-EQ,EQ,INE251C01025,1,0.01,2,,,0,0.00,,307640,36.92,45.12,2200;2300,,5549,1,
NSE,CM,NSECM,24798,GROWWAMC - GROWWEV,GROWWEV,GROWWEV-EQ,EQ,INF666M01IH2,1,0.01,2,,,0,0.00,,2962506,25.32,37.98,,,24798,1,
NSE,CM,NSECM,11778,GOKALDAS EXPORTS LTD.,GOKEX,GOKEX-EQ,EQ,INE887G01027,1,0.05,2,,,0,0.00,,120387,664.40,996.60,2100,,11778,1,
NSE,CM,NSECM,2664,PIDILITE INDUSTRIES LTD,PIDILITIND,PIDILITIND-EQ,EQ,INE318A01026,1,0.10,2,,,0,0.00,,63101,1413.90,1727.90,2100,Final Dividend - Rs. - 11.5000;23 Jul 2026,2664,1,
NSE,CM,NSECM,759397,SOLEX ENERGY LIMITED,SOLEX,SOLEX-EQ,EQ,INE880Y01017,1,0.10,2,,,0,0.00,,106608,750.40,1125.60,,,759397,1,
NSE,CM,NSECM,10661,PONNIE SUGARS (ERODE) LTD,PONNIERODE,PONNIERODE-EQ,EQ,INE838E01017,1,0.05,2,,,0,0.00,,281167,252.80,379.20,,,10661,1,
NSE,CM,NSECM,762658,ELCID INVESTMENTS LTD.,ELCIDIN,ELCIDIN-EQ,EQ,INE927X01018,1,5.00,2,,,0,0.00,,912,87600.00,131400.00,2300,Final Dividend - Rs. - 25.0000;24 Jul 2026,762658,1,
NSE,CM,NSECM,1826,KAMAT HOTELS (I) LTD,KAMATHOTEL,KAMATHOTEL-EQ,EQ,INE967C01018,1,0.01,2,,,0,0.00,,591310,135.29,202.93,,,1826,1,
NSE,CM,NSECM,29439,SUPREME HOLDIN N HOSP I L,SUPREME,SUPREME-EQ,EQ,INE822E01011,1,0.01,2,,,0,0.00,,1263751,36.22,54.32,2100,,29439,1,
NSE,CM,NSECM,9685,TRIDENT LIMITED,TRIDENT,TRIDENT-EQ,EQ,INE064C01022,1,0.01,2,,,0,0.00,,3979940,20.10,30.14,,,9685,1,
NSE,CM,NSECM,3384,SWARAJ ENGINES LTD,SWARAJENG,SWARAJENG-EQ,EQ,INE277A01016,1,0.10,2,,,0,0.00,,28016,2855.20,4282.80,,,3384,1,
NSE,CM,NSECM,19933,EDELAMC - EGOLD,EGOLD,EGOLD-EQ,EQ,INF754K01SE6,1,0.05,2,,,0,0.00,,696817,114.80,172.20,,,19933,1,
NSE,CM,NSECM,380,BOMBAY BURMAH TRADING COR,BBTC,BBTC-EQ,EQ,INE050A01025,1,0.10,2,,,0,0.00,,68515,1166.60,1749.80,,,380,1,
NSE,CM,NSECM,13693,INFOMEDIA PRESS LIMITED,INFOMEDIA,INFOMEDIA-EQ,EQ,INE669A01022,1,0.01,2,,,0,0.00,,1641348,4.46,6.68,100;1500;2200;2300,,13693,1,
NSE,CM,NSECM,15414,TITAGARH RAIL SYSTEMS LTD,TITAGARH,TITAGARH-EQ,EQ,INE615H01020,1,0.05,2,,,0,0.00,,122013,655.60,983.30,2100,,15414,1,
NSE,CM,NSECM,24870,INVENTURE GRO & SEC LTD,INVENTURE,INVENTURE-EQ,EQ,INE878H01024,1,0.01,2,,,0,0.00,,34334998,0.72,1.06,,,24870,1,
NSE,CM,NSECM,7942,ICICIPRAMC - ICICISILVE,SILVERIETF,SILVERIETF-EQ,EQ,INF109KC1Y56,1,0.01,2,,,0,0.00,,452950,176.44,264.66,,,7942,1,
NSE,CM,NSECM,14786,MIRAEAMC - MANV30F,LOWVOL,LOWVOL-EQ,EQ,INF769K01JU9,1,0.01,2,,,0,0.00,,75642,165.11,247.65,,,14786,1,
NSE,CM,NSECM,1901,CUMMINS INDIA LTD,CUMMINSIND,CUMMINSIND-EQ,EQ,INE298A01020,1,0.50,2,,,0,0.00,,17739,5040.50,6160.50,2100,,1901,1,
NSE,CM,NSECM,757817,MOTILALAMC - MOMIDMTM,MOMIDMTM,MOMIDMTM-EQ,EQ,INF247L01FQ0,1,0.01,2,,,0,0.00,,253096,49.89,74.83,,,757817,1,
NSE,CM,NSECM,21501,SIS LIMITED,SIS,SIS-EQ,EQ,INE285J01028,1,0.05,2,,,0,0.00,,228482,350.05,525.05,2100,,21501,1,
NSE,CM,NSECM,641,DILIGENT MEDIA CORP LTD.,DNAMEDIA,DNAMEDIA-EQ,EQ,INE016M01021,1,0.01,2,,,0,0.00,,3849051,2.24,3.34,100;2200;2300,,641,1,
NSE,CM,NSECM,22717,ENTERO HEALTHCARE SOLU L,ENTERO,ENTERO-EQ,EQ,INE010601016,1,0.10,2,,,0,0.00,,81290,983.70,1475.50,,,22717,1,
NSE,CM,NSECM,13451,RATNAMANI MET & TUB LTD.,RATNAMANI,RATNAMANI-EQ,EQ,INE703B01027,1,0.10,2,,,0,0.00,,41703,1915.60,2873.40,,Final Dividend - Rs. - 10.0000;11 Aug 2026,13451,1,
NSE,CM,NSECM,759007,ATLANTA ELECTRICALS LTD,ATLANTAELE,ATLANTAELE-EQ,EQ,INE0Z4F01028,1,0.10,2,,,0,0.00,,62823,1510.40,1669.20,201,,759007,1,
NSE,CM,NSECM,27213,ENVIRO INFRA ENGINEERS L,EIEL,EIEL-EQ,EQ,INE0LLY01014,1,0.01,2,,,0,0.00,,454095,176.13,264.19,,,27213,1,
NSE,CM,NSECM,11667,DWARIKESH SUGAR IND LTD,DWARKESH,DWARKESH-EQ,EQ,INE366A01041,1,0.01,2,,,0,0.00,,2308855,34.65,51.97,,Final Dividend - Rs. - 0.1000;30 Jul 2026,11667,1,
NSE,CM,NSECM,11880,JSW HOLDINGS LIMITED,JSWHL,JSWHL-EQ,EQ,INE824G01012,1,1.00,2,,,0,0.00,,9200,9779.00,11951.00,2100,,11880,1,
NSE,CM,NSECM,15377,PUDUMJEE PAPER PRO. LTD,PDMJEPAPER,PDMJEPAPER-EQ,EQ,INE865T01018,1,0.01,2,,,0,0.00,,1090214,73.38,110.06,,,15377,1,
NSE,CM,NSECM,1412,AGI GREENPAC LIMITED,AGI,AGI-EQ,EQ,INE415A01038,1,0.05,2,,,0,0.00,,148608,538.30,807.40,,,1412,1,
NSE,CM,NSECM,128,ROUTE MOBILE LIMITED,ROUTE,ROUTE-EQ,EQ,INE450U01017,1,0.05,2,,,0,0.00,,175840,454.85,682.25,,Interim Dividend - Rs. - 4.0000;29 Jul 2026,128,1,
NSE,CM,NSECM,1964,TRENT LTD,TRENT,TRENT-EQ,EQ,INE849A01020,1,0.10,2,,,0,0.00,,34127,2601.50,3179.50,2100,,1964,1,
NSE,CM,NSECM,11884,MAN INDUSTRIES (I) LTD.,MANINDS,MANINDS-EQ,EQ,INE993A01026,1,0.05,2,,,0,0.00,,189623,421.90,632.80,4100,,11884,1,
NSE,CM,NSECM,6944,GANESHA ECOSPHERE LIMITED,GANECOS,GANECOS-EQ,EQ,INE845D01014,1,0.05,2,,,0,0.00,,82664,967.55,1451.25,2100;3200;3500,,6944,1,
NSE,CM,NSECM,18371,NAGA DHUNSERI GROUP LTD,NDGL,NDGL-EQ,EQ,INE756C01015,1,0.10,2,,,0,0.00,,32698,2219.60,3329.40,2200;2300,,18371,1,
NSE,CM,NSECM,2792,EASY TRIP PLANNERS LTD,EASEMYTRIP,EASEMYTRIP-EQ,EQ,INE07O001026,1,0.01,2,,,0,0.00,,14638333,5.47,8.19,2200,,2792,1,
NSE,CM,NSECM,7422,MOTILALAMC - MONQ50,MONQ50,MONQ50-EQ,EQ,INF247L01AU3,1,0.01,2,,,0,0.00,,479872,94.79,142.17,,,7422,1,
NSE,CM,NSECM,25780,APL APOLLO TUBES LTD,APLAPOLLO,APLAPOLLO-EQ,EQ,INE702C01027,1,0.10,2,,,0,0.00,,54697,1640.60,2005.00,,,25780,1,
NSE,CM,NSECM,199,MAS FINANCIAL SERV LTD,MASFIN,MASFIN-EQ,EQ,INE348L01012,1,0.05,2,,,0,0.00,,318812,250.85,376.25,,,199,1,
NSE,CM,NSECM,6364,NATIONAL ALUMINIUM CO LTD,NATIONALUM,NATIONALUM-EQ,EQ,INE139A01034,1,0.05,2,,,0,0.00,,290186,309.55,378.25,4300,,6364,1,
NSE,CM,NSECM,14111,NETWORK18 MEDIA & INV LTD,NETWORK18,NETWORK18-EQ,EQ,INE870H01013,1,0.01,2,,,0,0.00,,3492629,22.90,34.34,2200,,14111,1,
NSE,CM,NSECM,17520,RATTANINDIA POWER LIMITED,RTNPOWER,RTNPOWER-EQ,EQ,INE399K01017,1,0.01,2,,,0,0.00,,11583317,6.91,10.35,2100,,17520,1,
NSE,CM,NSECM,6596,SONATA SOFTWARE LTD,SONATSOFTW,SONATSOFTW-EQ,EQ,INE269A01021,1,0.05,2,,,0,0.00,,346884,230.50,345.70,,,6596,1,
NSE,CM,NSECM,19434,SICAL LOGISTICS LIMITED,SICALLOG,SICALLOG-EQ,EQ,INE075B01020,1,0.01,2,,,0,0.00,,1029994,92.22,101.92,,,19434,1,
NSE,CM,NSECM,14742,AXISAMC-SENSEXAXIS,SENSEXAXIS,SENSEXAXIS-EQ,EQ,INF846K010Q0,1,0.01,2,,,0,0.00,,522552,63.36,95.02,,,14742,1,
NSE,CM,NSECM,2435,NIP IND ETF CONSUMPTION,CONSUMBEES,CONSUMBEES-EQ,EQ,INF204KA1LD7,1,0.01,2,,,0,0.00,,501457,104.94,157.40,,,2435,1,
NSE,CM,NSECM,1375,HINDUSTAN CONSTRUCTION CO,HCC,HCC-EQ,EQ,INE549A01026,1,0.01,2,,,0,0.00,,4665271,17.15,25.71,4100,,1375,1,
NSE,CM,NSECM,6297,BIRLASLAMC - HEALTHY,HEALTHY,HEALTHY-EQ,EQ,INF209KB10C2,1,0.01,2,,,0,0.00,,1553069,13.42,20.12,,,6297,1,
NSE,CM,NSECM,13720,JHS SVEND. LAB. LTD,JHS,JHS-EQ,EQ,INE544H01014,1,0.01,2,,,0,0.00,,2858167,6.75,8.23,2200;2300,,13720,1,
NSE,CM,NSECM,756324,NETWORK PEOPLE SRV TECH L,NPST,NPST-EQ,EQ,INE0FFK01017,1,0.10,2,,,0,0.00,,65803,1367.30,1671.10,2100;3900;4100;4300,,756324,1,
NSE,CM,NSECM,6705,ONE 97 COMMUNICATIONS LTD,PAYTM,PAYTM-EQ,EQ,INE982J01020,1,0.10,2,,,0,0.00,,77479,1154.90,1411.50,2100,,6705,1,
NSE,CM,NSECM,759723,PHYSICSWALLAH LIMITED,PWL,PWL-EQ,EQ,INE0LP301011,1,0.01,2,,,0,0.00,,779128,102.44,153.66,2200;3900;4100,,759723,1,
NSE,CM,NSECM,22440,UTIAMC-BANKBETA,BANKBETA,BANKBETA-EQ,EQ,INF789F1AUV1,1,0.01,2,,,0,0.00,,1708138,46.84,70.24,,,22440,1,
NSE,CM,NSECM,16943,ASHOKA METCAST LIMITED,ASHOKAMET,ASHOKAMET-EQ,EQ,INE760Y01011,1,0.01,2,,,0,0.00,,817368,11.33,16.99,2300,,16943,1,
NSE,CM,NSECM,15067,BEML LAND ASSETS LIMITED,BLAL,BLAL-EQ,EQ,INE0N7W01012,1,0.01,2,,,0,0.00,,568404,140.74,211.10,100;2100,,15067,1,
NSE,CM,NSECM,25392,PANAMA PETROCHEM LTD,PANAMAPET,PANAMAPET-EQ,EQ,INE305C01029,1,0.05,2,,,0,0.00,,200656,448.45,548.05,3300;3900;4100,Dividend - Rs. - 3.0000;17 Aug 2026,25392,1,
NSE,CM,NSECM,25724,RUPA & COMPANY LTD,RUPA,RUPA-EQ,EQ,INE895B01021,1,0.01,2,,,0,0.00,,612735,130.56,195.82,,,25724,1,
NSE,CM,NSECM,1491,IFCI LTD,IFCI,IFCI-EQ,EQ,INE039A01010,1,0.01,2,,,0,0.00,,1425291,56.10,84.14,4100,,1491,1,
NSE,CM,NSECM,759453,VIKRAM SOLAR LIMITED,VIKRAMSOLR,VIKRAMSOLR-EQ,EQ,INE078V01014,1,0.01,2,,,0,0.00,,546791,146.24,219.36,4300,,759453,1,
NSE,CM,NSECM,17927,BAYER CROPSCIENCE LTD,BAYERCROP,BAYERCROP-EQ,EQ,INE462A01022,1,0.10,2,,,0,0.00,,23683,3374.00,5061.00,,Final Dividend - Rs. - 60.0000;05 Aug 2026,17927,1,
NSE,CM,NSECM,759103,HIGHWAY INFRASTRUCTURE L,HILINFRA,HILINFRA-EQ,EQ,INE00RL01028,1,0.01,2,,,0,0.00,,2279424,35.10,52.64,4200;4300,,759103,1,
NSE,CM,NSECM,14043,SARLA PERF. FIBERS LTD,SARLAPOLY,SARLAPOLY-EQ,EQ,INE453D01025,1,0.01,2,,,0,0.00,,999828,80.01,120.01,2200,Final Dividend - Rs. - 2.0000;22 Jul 2026,14043,1,
NSE,CM,NSECM,5578,ACUTAAS CHEMICALS LIMITED,ACUTAAS,ACUTAAS-EQ,EQ,INE00FF01025,1,0.10,2,,,0,0.00,,30618,2607.60,3911.40,201;2100,,5578,1,
NSE,CM,NSECM,3009,KOHINOOR FOODS LIMITED,KOHINOOR,KOHINOOR-EQ,EQ,INE080B01012,1,0.01,2,,,0,0.00,,1212238,18.34,27.50,,,3009,1,
NSE,CM,NSECM,14917,TAKE SOLUTIONS LTD,TAKE,TAKE-EQ,EQ,INE142I01023,1,0.01,2,,,0,0.00,,4809925,19.76,21.82,201;2100,,14917,1,
NSE,CM,NSECM,17364,VINATI ORGANICS LTD,VINATIORGA,VINATIORGA-EQ,EQ,INE410B01037,1,0.10,2,,,0,0.00,,76815,1040.10,1560.10,,,17364,1,
NSE,CM,NSECM,19813,HONASA CONSUMER LIMITED,HONASA,HONASA-EQ,EQ,INE0J5401028,1,0.05,2,,,0,0.00,,222673,358.90,538.30,2100,,19813,1,
NSE,CM,NSECM,10585,ICICIPRAMC - ICICIMOM30,MOM30IETF,MOM30IETF-EQ,EQ,INF109KC17C7,1,0.01,2,,,0,0.00,,3250830,24.61,36.91,,,10585,1,
NSE,CM,NSECM,12173,HINDUSTAN FOODS LIMITED,HNDFDS,HNDFDS-EQ,EQ,INE254N01026,1,0.05,2,,,0,0.00,,173247,461.80,692.60,,,12173,1,
NSE,CM,NSECM,2277,MRF LTD,MRF,MRF-EQ,EQ,INE883A01011,1,5.00,2,,,0,0.00,,762,104605.00,156905.00,,,2277,1,
NSE,CM,NSECM,27176,NTPC GREEN ENERGY LIMITED,NTPCGREEN,NTPCGREEN-EQ,EQ,INE0ONG01011,1,0.01,2,,,0,0.00,,1036437,77.06,115.58,2100,,27176,1,
NSE,CM,NSECM,3010,AXISAMC-ITAXIS,ITAXIS,ITAXIS-EQ,EQ,INF846K01Y96,1,0.01,2,,,0,0.00,,147171,251.62,377.42,,,3010,1,
NSE,CM,NSECM,19020,JSW INFRASTRUCTURE LTD,JSWINFRA,JSWINFRA-EQ,EQ,INE880J01026,1,0.05,2,,,0,0.00,,308699,290.45,354.95,,,19020,1,
NSE,CM,NSECM,10666,PUNJAB NATIONAL BANK,PNB,PNB-EQ,EQ,INE160A01022,1,0.01,2,,,0,0.00,,896448,99.35,121.41,,,10666,1,
NSE,CM,NSECM,11212,S H KELKAR AND CO. LTD.,SHK,SHK-EQ,EQ,INE500L01026,1,0.01,2,,,0,0.00,,710928,112.52,168.78,,,11212,1,
NSE,CM,NSECM,7361,SBI-ETF NIFTY BANK,SETFNIFBK,SETFNIFBK-EQ,EQ,INF200KA1580,1,0.01,2,,,0,0.00,,171965,465.08,697.62,,,7361,1,
NSE,CM,NSECM,1597,INGERSOLL-RAND INDIA LTD,INGERRAND,INGERRAND-EQ,EQ,INE177A01018,1,0.10,2,,,0,0.00,,22948,3483.50,5225.10,2100,,1597,1,
NSE,CM,NSECM,1333,HDFC BANK LTD,HDFCBANK,HDFCBANK-EQ,EQ,INE040A01034,1,0.05,2,,,0,0.00,,123205,668.55,817.05,,,1333,1,
NSE,CM,NSECM,759998,EDELAMC - ENIFTY,ENIFTY,ENIFTY-EQ,EQ,INF754K01VX0,1,0.01,2,,,0,0.00,,214817,19.22,28.82,,,759998,1,
NSE,CM,NSECM,13950,KOTAKMAMC - KOTAKLIQ,LIQUID1,LIQUID1-EQ,EQ,INF174KA1LV5,1,0.01,2,,,0,0.00,,89696,1059.03,1170.49,,,13950,1,
NSE,CM,NSECM,19877,MUSIC BROADCAST LIMITED,RADIOCITY,RADIOCITY-EQ,EQ,INE919I01024,1,0.01,2,,,0,0.00,,11303918,5.76,7.04,2200;2300,,19877,1,
NSE,CM,NSECM,722,SBIAMC - SBIETFPB,SBIETFPB,SBIETFPB-EQ,EQ,INF200KA1S22,1,0.01,2,,,0,0.00,,358977,222.84,334.26,,,722,1,
NSE,CM,NSECM,29687,UNIONAMC - UNIONGOLD,UNIONGOLD,UNIONGOLD-EQ,EQ,INF582M01KS4,1,0.05,2,,,0,0.00,,662462,112.50,168.70,,,29687,1,
NSE,CM,NSECM,3827,ZUARI INDUSTRIES LIMITED,ZUARIIND,ZUARIIND-EQ,EQ,INE217A01012,1,0.05,2,,,0,0.00,,389090,205.60,308.40,1500;2200,,3827,1,
NSE,CM,NSECM,760961,FRACTAL ANALYTICS LIMITED,FRACTAL,FRACTAL-EQ,EQ,INE212S01015,1,0.05,2,,,0,0.00,,127081,629.40,944.10,,,760961,1,
NSE,CM,NSECM,7196,EDELAMC - BBETF0432,BBETF0432,BBETF0432-EQ,EQ,INF754K01OB1,1,0.01,2,,,0,0.00,,74044,1079.71,1619.55,,,7196,1,
NSE,CM,NSECM,30125,SAMMAAN CAPITAL LIMITED,SAMMAANCAP,SAMMAANCAP-EQ,EQ,INE148I01020,1,0.01,2,,,0,0.00,,621424,128.52,192.76,2200,,30125,1,
NSE,CM,NSECM,2627,KOTAKMAMC - KOTAKIT,IT,IT-EQ,EQ,INF174KA1GC5,1,0.01,2,,,0,0.00,,3121640,25.36,38.04,,,2627,1,
NSE,CM,NSECM,15174,TRANS & RECTI. LTD,TARIL,TARIL-EQ,EQ,INE763I01026,1,0.05,2,,,0,0.00,,338886,236.00,354.00,4300,,15174,1,
NSE,CM,NSECM,760740,AMAGI MEDIA LABS LIMITED,AMAGI,AMAGI-EQ,EQ,INE121R01077,1,0.05,2,,,0,0.00,,163983,487.25,730.85,2100;3300;3900;4100,,760740,1,
NSE,CM,NSECM,20560,DOLLAR INDUSTRIES LIMITED,DOLLAR,DOLLAR-EQ,EQ,INE325C01035,1,0.05,2,,,0,0.00,,387540,206.40,309.60,,Final Dividend - Rs. - 3.0000;28 Jul 2026,20560,1,
NSE,CM,NSECM,14490,NCL INDUSTRIES LIMITED,NCLIND,NCLIND-EQ,EQ,INE732C01016,1,0.01,2,,,0,0.00,,541480,147.74,221.60,,,14490,1,
NSE,CM,NSECM,10350,CSL FINANCE LIMITED,CSLFINANCE,CSLFINANCE-EQ,EQ,INE718F01018,1,0.01,2,,,0,0.00,,467635,171.08,256.60,,,10350,1,
NSE,CM,NSECM,3417,HONEYWELL AUTOMATION IND,HONAUT,HONAUT-EQ,EQ,INE671A01010,1,5.00,2,,,0,0.00,,2669,29880.00,44810.00,2100,,3417,1,
NSE,CM,NSECM,2259,MOREPEN LAB. LTD,MOREPENLAB,MOREPENLAB-EQ,EQ,INE083A01026,1,0.01,2,,,0,0.00,,1858657,43.04,64.56,,,2259,1,
NSE,CM,NSECM,335,BALKRISHNA IND. LTD,BALKRISIND,BALKRISIND-EQ,EQ,INE787D01026,1,0.10,2,,,0,0.00,,49488,1610.80,2416.20,,,335,1,
NSE,CM,NSECM,14732,DLF LIMITED,DLF,DLF-EQ,EQ,INE271C01023,1,0.05,2,,,0,0.00,,155943,573.50,700.90,2100,Final Dividend - Rs. - 8.0000;27 Jul 2026,14732,1,
NSE,CM,NSECM,758697,GROWWAMC - GROWWNIFTY,GROWWNIFTY,GROWWNIFTY-EQ,EQ,INF666M01LL8,1,0.01,2,,,0,0.00,,1136772,7.72,11.56,,,758697,1,
NSE,CM,NSECM,17598,ASSO ALCOHOLS & BREW LTD,ASALCBR,ASALCBR-EQ,EQ,INE073G01016,1,0.05,2,,,0,0.00,,121719,657.20,985.70,,,17598,1,
NSE,CM,NSECM,759797,EURO PRATIK SALES LIMITED,EUROPRATIK,EUROPRATIK-EQ,EQ,INE198501012,1,0.05,2,,,0,0.00,,331433,241.35,361.95,,,759797,1,
NSE,CM,NSECM,21406,AVADH SUG & ENERGY LTD,AVADHSUGAR,AVADHSUGAR-EQ,EQ,INE349W01017,1,0.05,2,,,0,0.00,,190334,420.30,630.40,,,21406,1,
NSE,CM,NSECM,5097,ETERNAL LIMITED,ETERNAL,ETERNAL-EQ,EQ,INE758T01015,1,0.05,2,,,0,0.00,,357061,252.00,308.00,2100,,5097,1,
NSE,CM,NSECM,15073,BARAK VALLEY CEM. LTD.,BVCL,BVCL-EQ,EQ,INE139I01011,1,0.01,2,,,0,0.00,,724630,32.64,48.94,201;2100;2300,,15073,1,
NSE,CM,NSECM,7518,TREJHARA SOLUTIONS LTD,TREJHARA,TREJHARA-EQ,EQ,INE00CA01015,1,0.01,2,,,0,0.00,,720704,124.88,152.62,2300,,7518,1,
NSE,CM,NSECM,676,EXIDE INDUSTRIES LTD,EXIDEIND,EXIDEIND-EQ,EQ,INE302A01020,1,0.05,2,,,0,0.00,,225248,398.70,487.30,2000,,676,1,
NSE,CM,NSECM,17044,NIP IND ETF SHARIAH BEES,SHARIABEES,SHARIABEES-EQ,EQ,INF732E01128,1,0.01,2,,,0,0.00,,41611,364.19,546.27,,,17044,1,
NSE,CM,NSECM,1508,ASTER DM HEALTHCARE LTD.,ASTERDM,ASTERDM-EQ,EQ,INE914M01019,1,0.05,2,,,0,0.00,,126938,628.55,942.75,2100,,1508,1,
NSE,CM,NSECM,13786,TORRENT POWER LTD,TORNTPOWER,TORNTPOWER-EQ,EQ,INE813H01021,1,0.10,2,,,0,0.00,,69537,1147.30,1720.90,,,13786,1,
NSE,CM,NSECM,619,CENTURY ENKA LTD,CENTENKA,CENTENKA-EQ,EQ,INE485A01015,1,0.05,2,,,0,0.00,,174148,459.40,689.00,,Dividend - Rs. - 11.0000;13 Aug 2026,619,1,
NSE,CM,NSECM,756015,CAPITAL INDIA FINANCE LTD,CIFL,CIFL-EQ,EQ,INE345H01024,1,0.01,2,,,0,0.00,,4987139,16.04,24.06,2300,,756015,1,
NSE,CM,NSECM,6600,GENUS P&B LIMITED,GENUSPAPER,GENUSPAPER-EQ,EQ,INE949P01018,1,0.01,2,,,0,0.00,,8389247,9.54,14.30,,,6600,1,
NSE,CM,NSECM,10417,DYNAMIC CABLES LIMITED,DYCL,DYCL-EQ,EQ,INE600Y01019,1,0.05,2,,,0,0.00,,248494,321.95,482.85,,,10417,1,
NSE,CM,NSECM,27754,INNOVANA THINKLABS LTD,INNOVANA,INNOVANA-EQ,EQ,INE403Y01018,1,0.05,2,,,0,0.00,,290395,275.50,413.20,2300,,27754,1,
NSE,CM,NSECM,15017,MAAN ALUMINIUM LIMITED,MAANALU,MAANALU-EQ,EQ,INE215I01027,1,0.01,2,,,0,0.00,,870619,91.89,137.83,2100,,15017,1,
NSE,CM,NSECM,14334,HIMADRI SPECIALITY CHEM L,HSCL,HSCL-EQ,EQ,INE019C01026,1,0.05,2,,,0,0.00,,126638,631.65,947.45,3500,,14334,1,
NSE,CM,NSECM,761025,GLOBE INTL CARRIERS LTD,GICL,GICL-EQ,EQ,INE947T01022,1,0.01,2,,,0,0.00,,3660914,15.89,17.55,201,,761025,1,
NSE,CM,NSECM,23027,LANCOR HOLDINGS LIMITED,LANCORHOL,LANCORHOL-EQ,EQ,INE572G01025,1,0.01,2,,,0,0.00,,2405102,23.23,28.39,2300,,23027,1,
NSE,CM,NSECM,13925,NATIONAL FERT. LTD,NFL,NFL-EQ,EQ,INE870D01012,1,0.01,2,,,0,0.00,,1422185,56.25,84.37,,,13925,1,
NSE,CM,NSECM,4394,MIRZA INTERNATIONAL LIMIT,MIRZAINT,MIRZAINT-EQ,EQ,INE771A01026,1,0.01,2,,,0,0.00,,2852209,28.05,42.07,2200,,4394,1,
NSE,CM,NSECM,9599,DELHIVERY LIMITED,DELHIVERY,DELHIVERY-EQ,EQ,INE148O01028,1,0.05,2,,,0,0.00,,215667,416.30,508.80,2100,,9599,1,
NSE,CM,NSECM,22415,LOVABLE LINGERIE LTD,LOVABLE,LOVABLE-EQ,EQ,INE597L01014,1,0.01,2,,,0,0.00,,483958,57.57,86.35,,,22415,1,
NSE,CM,NSECM,23175,KRYSTAL INTEGRATED SER L,KRYSTAL,KRYSTAL-EQ,EQ,INE0QN801017,1,0.05,2,,,0,0.00,,166265,481.15,721.65,2300,,23175,1,
NSE,CM,NSECM,317,BAJAJ FINANCE LIMITED,BAJFINANCE,BAJFINANCE-EQ,EQ,INE296A01032,1,0.10,2,,,0,0.00,,93388,911.60,1114.00,,,317,1,
NSE,CM,NSECM,13409,GODAWARI POW & ISP LTD,GPIL,GPIL-EQ,EQ,INE177H01039,1,0.05,2,,,0,0.00,,415973,192.15,288.15,,Final Dividend - Rs. - 1.0000;14 Aug 2026,13409,1,
NSE,CM,NSECM,758973,VIKRAN ENGINEERING LTD,VIKRAN,VIKRAN-EQ,EQ,INE01R501028,1,0.01,2,,,0,0.00,,1399940,57.15,85.71,,,758973,1,
NSE,CM,NSECM,17197,PAKKA LIMITED,PAKKA,PAKKA-EQ,EQ,INE551D01018,1,0.01,2,,,0,0.00,,1398783,57.20,85.78,4300,,17197,1,
NSE,CM,NSECM,19496,SECMARK CONSULTANCY LTD,SECMARK,SECMARK-EQ,EQ,INE0BTM01013,1,0.01,2,,,0,0.00,,341615,115.37,140.99,2100;2300,,19496,1,
NSE,CM,NSECM,3980,TAMILNADU NEWSPRT & PAPER,TNPL,TNPL-EQ,EQ,INE107A01015,1,0.01,2,,,0,0.00,,667742,119.80,179.70,,,3980,1,
NSE,CM,NSECM,17945,COHANCE LIFESCIENCES LTD,COHANCE,COHANCE-EQ,EQ,INE03QK01018,1,0.05,2,,,0,0.00,,239486,333.70,500.50,201;1600;2100,,17945,1,
NSE,CM,NSECM,10993,INDO RAMA SYNTHETICS LTD,INDORAMA,INDORAMA-EQ,EQ,INE156A01020,1,0.01,2,,,0,0.00,,2064620,38.75,58.11,4300,,10993,1,
NSE,CM,NSECM,7886,MAHALAXMI RUBTECH LIMITED,MHLXMIRU,MHLXMIRU-EQ,EQ,INE112D01035,1,0.01,2,,,0,0.00,,347281,132.61,146.55,3900;4100,,7886,1,
NSE,CM,NSECM,761364,DSPAMC - BANK10ADD,BANK10ADD,BANK10ADD-EQ,EQ,INF740KA1YH2,1,0.01,2,,,0,0.00,,5856682,13.48,20.20,,,761364,1,
NSE,CM,NSECM,11979,HT MEDIA LIMITED,HTMEDIA,HTMEDIA-EQ,EQ,INE501G01024,1,0.01,2,,,0,0.00,,4121980,19.41,29.11,,,11979,1,
NSE,CM,NSECM,7287,JTL INDUSTRIES LIMITED,JTLIND,JTLIND-EQ,EQ,INE391J01032,1,0.01,2,,,0,0.00,,1376570,58.12,87.16,4100,,7287,1,
NSE,CM,NSECM,2241,MODERN THREADS INDIA LTD,MODTHREAD,MODTHREAD-EQ,EQ,INE794W01014,1,0.01,2,,,0,0.00,,1137146,42.90,52.42,2300,,2241,1,
NSE,CM,NSECM,10321,THE P K TEA PROD CO LTD,PKTEA,PKTEA-EQ,EQ,INE431F01018,1,0.05,2,,,0,0.00,,101234,541.75,812.55,2200;2300,,10321,1,
NSE,CM,NSECM,762538,A K CAPITAL SERVICES LTD.,AKCAPIT,AKCAPIT-EQ,EQ,INE701G01012,1,0.10,2,,,0,0.00,,56831,1407.60,2111.40,2300,Final Dividend - Rs. - 22.0000;21 Aug 2026,762538,1,
NSE,CM,NSECM,2595,3P LAND HOLDINGS LIMITED,3PLAND,3PLAND-EQ,EQ,INE105C01023,1,0.01,2,,,0,0.00,,588598,25.26,37.88,2300,,2595,1,
NSE,CM,NSECM,7936,AVANTI FEEDS LIMITED,AVANTIFEED,AVANTIFEED-EQ,EQ,INE871C01038,1,0.05,2,,,0,0.00,,102319,781.65,1172.45,4100;4300,Final Dividend - Rs. - 10.0000;07 Aug 2026,7936,1,
NSE,CM,NSECM,17207,DSPAMC - DSPIT,ITADD,ITADD-EQ,EQ,INF740KA1SX1,1,0.01,2,,,0,0.00,,1755821,24.22,36.32,,,17207,1,
NSE,CM,NSECM,760254,CORONA REMEDIES LIMITED,CORONA,CORONA-EQ,EQ,INE02ZQ01018,1,0.10,2,,,0,0.00,,47275,1690.40,2535.60,2100,,760254,1,
NSE,CM,NSECM,1630,ION EXCHANGE (INDIA) LTD,IONEXCHANG,IONEXCHANG-EQ,EQ,INE570A01022,1,0.05,2,,,0,0.00,,235105,340.10,510.10,,,1630,1,
NSE,CM,NSECM,28879,CARRARO INDIA LIMITED,CARRARO,CARRARO-EQ,EQ,INE0V7W01012,1,0.05,2,,,0,0.00,,187211,427.20,640.80,,,28879,1,
NSE,CM,NSECM,3626,ICICIPRAMC - ICICIPHARM,HEALTHIETF,HEALTHIETF-EQ,EQ,INF109KC1Q72,1,0.01,2,,,0,0.00,,447047,133.79,200.67,,,3626,1,
NSE,CM,NSECM,22360,M TEK COPPER LIMITED,MCL,MCL-EQ,EQ,INE813V01022,1,0.01,2,,,0,0.00,,887568,48.04,58.70,,,22360,1,
NSE,CM,NSECM,19184,SHEELA FOAM LIMITED,SFL,SFL-EQ,EQ,INE916U01025,1,0.05,2,,,0,0.00,,131152,609.60,914.30,2100,,19184,1,
NSE,CM,NSECM,7200,SHRIRAM PROPERTIES LTD,SHRIRAMPPS,SHRIRAMPPS-EQ,EQ,INE217L01019,1,0.01,2,,,0,0.00,,1176149,68.02,102.02,,,7200,1,
NSE,CM,NSECM,759934,SESHAASAI TECHNOLOGIES L,STYL,STYL-EQ,EQ,INE04VU01023,1,0.05,2,,,0,0.00,,260020,346.05,422.85,3200;3300,,759934,1,
NSE,CM,NSECM,3718,VOLTAS LTD,VOLTAS,VOLTAS-EQ,EQ,INE226A01021,1,0.10,2,,,0,0.00,,75109,1194.60,1460.00,2100,,3718,1,
NSE,CM,NSECM,18504,TV VISION LIMITED,TVVISION,TVVISION-EQ,EQ,INE871L01013,1,0.01,2,,,0,0.00,,1266944,3.76,5.64,100;1500;2200;2300,,18504,1,
NSE,CM,NSECM,25634,ESSAR SHIPPING LTD,ESSARSHPNG,ESSARSHPNG-EQ,EQ,INE122M01019,1,0.01,2,,,0,0.00,,4957696,16.14,24.20,2200,,25634,1,
NSE,CM,NSECM,9917,NEOGEN CHEMICALS LIMITED,NEOGEN,NEOGEN-EQ,EQ,INE136S01016,1,0.10,2,,,0,0.00,,48464,1650.30,2475.30,2100;3500;4100,Final Dividend - Rs. - 1.0000;13 Aug 2026,9917,1,
NSE,CM,NSECM,3748,WEIZMANN LTD,WEIZMANIND,WEIZMANIND-EQ,EQ,INE080A01014,1,0.01,2,,,0,0.00,,506647,61.76,92.62,2300,,3748,1,
NSE,CM,NSECM,757645,ATHER ENERGY LIMITED,ATHERENERG,ATHERENERG-EQ,EQ,INE0LEZ01016,1,0.10,2,,,0,0.00,,82370,967.00,1450.40,2200;3400;3500;4000,,757645,1,
NSE,CM,NSECM,3088,INDOSTAR CAPITAL FIN LTD,INDOSTAR,INDOSTAR-EQ,EQ,INE896L01010,1,0.05,2,,,0,0.00,,383837,208.40,312.60,,,3088,1,
NSE,CM,NSECM,14198,TIMKEN INDIA LTD.,TIMKEN,TIMKEN-EQ,EQ,INE325A01013,1,0.10,2,,,0,0.00,,31966,2501.60,3752.40,2100,Final Dividend - Rs. - 2.5000;31 Jul 2026,14198,1,
NSE,CM,NSECM,3078,SHANTHI GEARS LTD,SHANTIGEAR,SHANTIGEAR-EQ,EQ,INE631A01022,1,0.05,2,,,0,0.00,,238048,336.00,504.00,,,3078,1,
NSE,CM,NSECM,14751,021NSETEST,021NSETEST,021NSETEST-EQ,EQ,DUMMYSAN006,1,0.05,2,,,0,0.00,,0,180.00,220.00,,,14751,1,
NSE,CM,NSECM,25640,LIC MF - LIC GOLD ETF,LICMFGOLD,LICMFGOLD-EQ,EQ,INF767K01SM1,1,0.05,2,,,0,0.00,,772767,103.55,155.25,,,25640,1,
NSE,CM,NSECM,758551,RAYMOND REALTY LIMITED,RAYMONDREL,RAYMONDREL-EQ,EQ,INE1SY401010,1,0.05,2,,,0,0.00,,152719,523.65,785.45,4100,,758551,1,
NSE,CM,NSECM,11536,TATA CONSULTANCY SERV LT,TCS,TCS-EQ,EQ,INE467B01029,1,0.10,2,,,0,0.00,,43416,2028.90,2479.70,,,11536,1,
NSE,CM,NSECM,11471,EXCEL INDUSTRIES LTD,EXCELINDUS,EXCELINDUS-EQ,EQ,INE369A01029,1,0.05,2,,,0,0.00,,107277,745.75,1118.55,,,11471,1,
NSE,CM,NSECM,6068,AIRO LAM LIMITED,AIROLAM,AIROLAM-EQ,EQ,INE801L01010,1,0.01,2,,,0,0.00,,490564,68.71,103.05,2300,,6068,1,
NSE,CM,NSECM,3892,HATSUN AGRO PRODUCT LTD.,HATSUN,HATSUN-EQ,EQ,INE473B01035,1,0.05,2,,,0,0.00,,112709,709.50,1064.20,2100,,3892,1,
NSE,CM,NSECM,751745,GROWWAMC - SMALLGROWW,SMALLGROWW,SMALLGROWW-EQ,EQ,INF666M01PG9,1,0.01,2,,,0,0.00,,49270,37.42,56.12,,,751745,1,
NSE,CM,NSECM,3426,TATA POWER CO LTD,TATAPOWER,TATAPOWER-EQ,EQ,INE245A01021,1,0.05,2,,,0,0.00,,265212,337.00,411.80,,,3426,1,
NSE,CM,NSECM,15184,BRIGADE ENTER. LTD,BRIGADE,BRIGADE-EQ,EQ,INE791I01019,1,0.05,2,,,0,0.00,,190151,420.40,630.50,,Final Dividend - Rs. - 2.0000;05 Aug 2026,15184,1,
NSE,CM,NSECM,761514,GROWWAMC - GROWWPSUBK,GROWWPSUBK,GROWWPSUBK-EQ,EQ,INF666M01OG2,1,0.01,2,,,0,0.00,,24931,66.63,99.93,,,761514,1,
NSE,CM,NSECM,21362,SALASAR TECHNO ENGG. LTD.,SALASAR,SALASAR-EQ,EQ,INE170V01027,1,0.01,2,,,0,0.00,,16748858,4.78,7.16,2100,,21362,1,
NSE,CM,NSECM,758981,R&B DENIMS LIMITED,RNBDENIMS,RNBDENIMS-EQ,EQ,INE012Q01039,1,0.01,2,,,0,0.00,,8826393,8.81,9.73,201,,758981,1,
NSE,CM,NSECM,19233,AARTI SURFACTANTS LIMITED,AARTISURF,AARTISURF-EQ,EQ,INE09EO01013,1,0.05,2,,,0,0.00,,262049,305.30,457.90,,,19233,1,
NSE,CM,NSECM,20063,HEALTH X PLATFORM LIMITED,HEALTHX,HEALTHX-EQ,EQ,INE019J01013,1,0.05,2,,,0,0.00,,319630,250.30,375.40,1500;2200;2300,,20063,1,
NSE,CM,NSECM,27079,K.P. ENERGY LIMITED,KPEL,KPEL-EQ,EQ,INE127T01021,1,0.05,2,,,0,0.00,,330243,242.25,363.35,,,27079,1,
NSE,CM,NSECM,1139,GIC HOUSING FINANCE LTD,GICHSGFIN,GICHSGFIN-EQ,EQ,INE289B01019,1,0.01,2,,,0,0.00,,680838,117.50,176.24,,,1139,1,
NSE,CM,NSECM,2955,KALYAN JEWELLERS IND LTD,KALYANKJIL,KALYANKJIL-EQ,EQ,INE303R01014,1,0.05,2,,,0,0.00,,173499,516.20,630.90,501,,2955,1,
NSE,CM,NSECM,30893,CMR GREEN TECHNOLOGIES L,CMRGREEN,CMRGREEN-EQ,EQ,INE00WV01027,1,0.05,2,,,0,0.00,,458482,196.25,239.85,,,30893,1,
NSE,CM,NSECM,2303,HINDUSTAN AERONAUTICS LTD,HAL,HAL-EQ,EQ,INE066F01020,1,0.10,2,,,0,0.00,,21399,4116.10,5030.70,,Final Dividend - Rs. - 10.0000;14 Aug 2026,2303,1,
NSE,CM,NSECM,20160,CANTABIL RETAIL LTD,CANTABIL,CANTABIL-EQ,EQ,INE068L01024,1,0.01,2,,,0,0.00,,416934,191.87,287.79,,,20160,1,
NSE,CM,NSECM,4014,NAVA LIMITED,NAVA,NAVA-EQ,EQ,INE725A01030,1,0.05,2,,,0,0.00,,179987,443.85,665.75,,Final Dividend - Rs. - 5.5000;07 Aug 2026,4014,1,
NSE,CM,NSECM,760407,ICICI PRUDENTIAL AMC LTD,ICICIAMC,ICICIAMC-EQ,EQ,INE346A01027,1,0.10,2,,,0,0.00,,31631,2813.10,3438.10,2100,,760407,1,
NSE,CM,NSECM,761192,KRISHNA DEF AND ALD IND L,KRISHNADEF,KRISHNADEF-EQ,EQ,INE0J5601015,1,0.10,2,,,0,0.00,,75935,1053.50,1580.10,2100,,761192,1,
NSE,CM,NSECM,4503,MPHASIS LIMITED,MPHASIS,MPHASIS-EQ,EQ,INE356A01018,1,0.10,2,,,0,0.00,,43518,2059.30,2516.90,,,4503,1,
NSE,CM,NSECM,3908,PREMIER POLYFILM LTD,PREMIERPOL,PREMIERPOL-EQ,EQ,INE309M01020,1,0.01,2,,,0,0.00,,1260993,63.44,95.16,3200,,3908,1,
NSE,CM,NSECM,1467,JSW DULUX LIMITED,JSWDULUX,JSWDULUX-EQ,EQ,INE133A01011,1,0.10,2,,,0,0.00,,33926,2355.20,3532.60,,,1467,1,
NSE,CM,NSECM,20877,PSP PROJECTS LIMITED,PSPPROJECT,PSPPROJECT-EQ,EQ,INE488V01015,1,0.10,2,,,0,0.00,,96962,825.00,1237.40,2100;4100,,20877,1,
NSE,CM,NSECM,11439,NIP IND ETF BANK BEES,BANKBEES,BANKBEES-EQ,EQ,INF204KB15I9,1,0.01,2,,,0,0.00,,170572,468.79,703.17,,,11439,1,
NSE,CM,NSECM,18431,BIGBLOC CONSTRUCTION LTD,BIGBLOC,BIGBLOC-EQ,EQ,INE412U01025,1,0.01,2,,,0,0.00,,2094187,38.20,57.30,2200,,18431,1,
NSE,CM,NSECM,27075,MIRAEAMC - LIQUIDPLUS,LIQUIDPLUS,LIQUIDPLUS-EQ,EQ,INF769K01MY5,1,0.01,2,,,0,0.00,,91268,1040.82,1150.36,,,27075,1,
NSE,CM,NSECM,21623,APEX FROZEN FOODS LIMITED,APEX,APEX-EQ,EQ,INE346W01013,1,0.05,2,,,0,0.00,,262436,304.80,457.20,,,21623,1,
NSE,CM,NSECM,11441,LICNAMC - LICNFESGP,LICNETFSEN,LICNETFSEN-EQ,EQ,INF767K01OT5,1,0.01,2,,,0,0.00,,116000,689.61,1034.41,,,11441,1,
NSE,CM,NSECM,20788,MOTISONS JEWELLERS LTD,MOTISONS,MOTISONS-EQ,EQ,INE0FRK01020,1,0.01,2,,,0,0.00,,7057089,11.34,17.00,,,20788,1,
NSE,CM,NSECM,7109,JULLUNDUR MOT AGENCY LTD,JMA,JMA-EQ,EQ,INE412C01023,1,0.01,2,,,0,0.00,,746901,70.68,106.02,2300,,7109,1,
NSE,CM,NSECM,4229,Z F STEERING GEAR (I) LTD,ZFSTEERING,ZFSTEERING-EQ,EQ,INE116C01012,1,0.05,2,,,0,0.00,,144055,555.35,832.95,2300,,4229,1,
NSE,CM,NSECM,11971,GOLDIAM INTERNATIONAL LTD,GOLDIAM,GOLDIAM-EQ,EQ,INE025B01025,1,0.05,2,,,0,0.00,,286057,279.60,419.40,,,11971,1,
NSE,CM,NSECM,14607,TGB BANQUETS&HOTELS LTD,TGBHOTELS,TGBHOTELS-EQ,EQ,INE797H01018,1,0.01,2,,,0,0.00,,957664,6.85,10.27,2300,,14607,1,
NSE,CM,NSECM,275,AUROBINDO PHARMA LTD,AUROPHARMA,AUROPHARMA-EQ,EQ,INE406A01037,1,0.10,2,,,0,0.00,,65016,1378.80,1685.20,,,275,1,
NSE,CM,NSECM,8797,OBCL LIMITED,OBCL,OBCL-EQ,EQ,INE426Z01016,1,0.01,2,,,0,0.00,,689406,41.92,62.86,2200;2300,,8797,1,
NSE,CM,NSECM,762543,AMBALAL SARABHAI ENT L,AMBALALSA,AMBALALSA-EQ,EQ,INE432A01017,1,0.01,2,,,0,0.00,,2505907,25.92,38.86,2300,,762543,1,
NSE,CM,NSECM,757754,PICCADILY AGRO INDUSTRI L,PICCADIL,PICCADIL-EQ,EQ,INE546C01010,1,0.05,2,,,0,0.00,,135634,589.80,884.60,2100;3200,,757754,1,
NSE,CM,NSECM,9652,RELIANCE CHEMOTEX IND LTD,RELCHEMQ,RELCHEMQ-EQ,EQ,INE750D01016,1,0.01,2,,,0,0.00,,246673,101.84,152.74,2300,,9652,1,
NSE,CM,NSECM,10738,ORACLE FIN SERV SOFT LTD.,OFSS,OFSS-EQ,EQ,INE881D01027,1,1.00,2,,,0,0.00,,9314,9587.00,11717.00,,,10738,1,
NSE,CM,NSECM,24944,MOTILALAMC - MODEFENCE,MODEFENCE,MODEFENCE-EQ,EQ,INF247L01DJ0,1,0.01,2,,,0,0.00,,970561,82.43,123.63,,,24944,1,
NSE,CM,NSECM,14286,MIRAEAMC - MAGOLDETF,GOLDETF,GOLDETF-EQ,EQ,INF769K01JP9,1,0.01,2,,,0,0.00,,716323,111.68,167.50,,,14286,1,
NSE,CM,NSECM,22649,PARKHOTELS,PARKHOTELS,PARKHOTELS-EQ,EQ,INE988S01028,1,0.01,2,,,0,0.00,,817008,97.92,146.86,,,22649,1,
NSE,CM,NSECM,11975,RANE (MADRAS) LIMITED,RML,RML-EQ,EQ,INE050H01012,1,0.10,2,,,0,0.00,,88437,904.40,1356.40,3300;3900;4100,Final Dividend - Rs. - 16.0000;29 Jul 2026,11975,1,
NSE,CM,NSECM,2859,RAYMOND LTD,RAYMOND,RAYMOND-EQ,EQ,INE301A01014,1,0.05,2,,,0,0.00,,169895,470.75,706.05,2100;4100,,2859,1,
NSE,CM,NSECM,7780,BRAND CONCEPTS LIMITED,BCONCEPTS,BCONCEPTS-EQ,EQ,INE977Y01011,1,0.01,2,,,0,0.00,,408156,149.23,223.83,2100;4300,,7780,1,
NSE,CM,NSECM,11006,NIP IND ETF LIQUID BEES,LIQUIDBEES,LIQUIDBEES-EQ,EQ,INF732E01037,1,0.01,2,,,0,0.00,,99948,950.00,1050.00,,,11006,1,
NSE,CM,NSECM,28859,PROZONE REALTY LIMITED,PROZONER,PROZONER-EQ,EQ,INE195N01013,1,0.01,2,,,0,0.00,,2283090,35.04,52.56,,,28859,1,
NSE,CM,NSECM,18497,SAB EVENTS & GOVERNANCE,SABEVENTS,SABEVENTS-EQ,EQ,INE860T01019,1,0.01,2,,,0,0.00,,342816,7.29,8.05,100;201;2200;2300,,18497,1,
NSE,CM,NSECM,21578,COMMERCIAL SYN BAGS LTD,COMSYN,COMSYN-EQ,EQ,INE073V01015,1,0.01,2,,,0,0.00,,560149,142.82,214.22,,,21578,1,
NSE,CM,NSECM,21690,DIXON TECHNO (INDIA) LTD,DIXON,DIXON-EQ,EQ,INE935N01020,1,1.00,2,,,0,0.00,,7207,12462.00,15230.00,2100,,21690,1,
NSE,CM,NSECM,11593,HDFCAMC - HDFCSENSEX,HDFCSENSEX,HDFCSENSEX-EQ,EQ,INF179KC1HX2,1,0.01,2,,,0,0.00,,1154949,69.27,103.89,,,11593,1,
NSE,CM,NSECM,1196,KANSAI NEROLAC PAINTS LTD,KANSAINER,KANSAINER-EQ,EQ,INE531A01024,1,0.01,2,,,0,0.00,,517576,154.56,231.82,,,1196,1,
NSE,CM,NSECM,25252,KROSS LIMITED,KROSS,KROSS-EQ,EQ,INE0O6601022,1,0.01,2,,,0,0.00,,485109,164.91,247.35,,,25252,1,
NSE,CM,NSECM,3247,NITIRAJ ENGINEERS LTD,NITIRAJ,NITIRAJ-EQ,EQ,INE439T01012,1,0.01,2,,,0,0.00,,335206,176.18,264.26,2100;2300,,3247,1,
NSE,CM,NSECM,15129,RENAISSANCE GLOBAL LTD,RGL,RGL-EQ,EQ,INE722H01024,1,0.01,2,,,0,0.00,,846648,94.49,141.73,,,15129,1,
NSE,CM,NSECM,21704,DISHMAN CARBO AMCIS LTD,DCAL,DCAL-EQ,EQ,INE385W01011,1,0.01,2,,,0,0.00,,544663,146.87,220.29,4300,,21704,1,
NSE,CM,NSECM,762690,GUJARAT NATURAL RES L,GNRL,GNRL-EQ,EQ,INE207H01018,1,0.01,2,,,0,0.00,,1080635,74.03,111.03,,,762690,1,
NSE,CM,NSECM,21740,CHOLAMANDALAM FIN HOL LTD,CHOLAHLDNG,CHOLAHLDNG-EQ,EQ,INE149A01033,1,0.10,2,,,0,0.00,,65908,1213.40,1820.00,,Final Dividend - Rs. - 1.3000;07 Aug 2026,21740,1,
NSE,CM,NSECM,9750,ETHOS LIMITED,ETHOSLTD,ETHOSLTD-EQ,EQ,INE04TZ01018,1,0.10,2,,,0,0.00,,39011,2050.30,3075.30,2100,,9750,1,
NSE,CM,NSECM,2717,PRECISION WIRES INDIA LTD,PRECWIRE,PRECWIRE-EQ,EQ,INE372C01037,1,0.05,2,,,0,0.00,,268361,298.00,447.00,201,Final Dividend - Rs. - 0.5500;31 Jul 2026,2717,1,
NSE,CM,NSECM,5428,TRIGYN TECHNOLOGIES LTD,TRIGYN,TRIGYN-EQ,EQ,INE948A01012,1,0.01,2,,,0,0.00,,1006692,43.60,65.40,201;2100,,5428,1,
NSE,CM,NSECM,7835,WONDER ELECTRICALS LTD,WEL,WEL-EQ,EQ,INE02WG01024,1,0.01,2,,,0,0.00,,932426,96.52,117.96,2100;4100,,7835,1,
NSE,CM,NSECM,11065,NATH BIO-GENES (I) LTD,NATHBIOGEN,NATHBIOGEN-EQ,EQ,INE448G01010,1,0.01,2,,,0,0.00,,620612,128.91,193.35,2300,,11065,1,
NSE,CM,NSECM,4775,DCM FINANCIAL SERVICES LT,DCMFINSERV,DCMFINSERV-EQ,EQ,INE891B01012,1,0.01,2,,,0,0.00,,614169,4.52,5.52,100;1500;2200;2300,,4775,1,
NSE,CM,NSECM,1360,HIMATSINGKA SEIDE LTD,HIMATSEIDE,HIMATSEIDE-EQ,EQ,INE049A01027,1,0.01,2,,,0,0.00,,1241829,64.42,96.62,,,1360,1,
NSE,CM,NSECM,19224,MIRAEAMC - SENSEXETF,SENSEXETF,SENSEXETF-EQ,EQ,INF769K01KT9,1,0.01,2,,,0,0.00,,178054,63.00,94.50,,,19224,1,
NSE,CM,NSECM,757099,MOTILALAMC - MOMGF,MOMGF,MOMGF-EQ,EQ,INF247L01FK3,1,0.01,2,,,0,0.00,,3268,127.09,190.63,,,757099,1,
NSE,CM,NSECM,13501,ALLCARGO LOGISTICS LTD,ALLCARGO,ALLCARGO-EQ,EQ,INE418H01029,1,0.01,2,,,0,0.00,,12406098,6.45,9.67,2100;4000;4200;4300,,13501,1,
NSE,CM,NSECM,25807,LLOYDS ENTERPRISES LTD,LLOYDSENT,LLOYDSENT-EQ,EQ,INE080I01025,1,0.01,2,,,0,0.00,,1280593,62.44,93.64,4100,,25807,1,
NSE,CM,NSECM,15239,ADITYA BIRLA MONEY LTD,BIRLAMONEY,BIRLAMONEY-EQ,EQ,INE865C01022,1,0.01,2,,,0,0.00,,757617,105.60,158.38,,,15239,1,
NSE,CM,NSECM,13218,SULA VINEYARDS LIMITED,SULA,SULA-EQ,EQ,INE142Q01026,1,0.01,2,,,0,0.00,,667554,119.84,179.74,,,13218,1,
NSE,CM,NSECM,29113,CARE RATINGS LIMITED,CARERATING,CARERATING-EQ,EQ,INE752H01013,1,0.10,2,,,0,0.00,,59496,1344.00,2016.00,,,29113,1,
NSE,CM,NSECM,762929,TAAL TECH LTD.,TAALTECH,TAALTECH-EQ,EQ,INE524T01011,1,0.10,2,,,0,0.00,,26201,3052.90,4579.30,,,762929,1,
NSE,CM,NSECM,3906,CAPLIN POINT LAB LTD.,CAPLIPOINT,CAPLIPOINT-EQ,EQ,INE475E01026,1,0.10,2,,,0,0.00,,40513,1973.70,2960.50,,,3906,1,
NSE,CM,NSECM,762675,FEDDERS HOLDING LTD.,FEDDERSHOL,FEDDERSHOL-EQ,EQ,INE417D01020,1,0.01,2,,,0,0.00,,2191001,36.52,54.76,,,762675,1,
NSE,CM,NSECM,5192,KOVAI MEDICAL CENTER & HO,KOVAI,KOVAI-EQ,EQ,INE177F01017,1,0.50,2,,,0,0.00,,17101,4676.00,7014.00,,Final Dividend - Rs. - 15.0000;19 Aug 2026,5192,1,
NSE,CM,NSECM,759929,SOLARWORLD ENERGY SOL LTD,SOLARWORLD,SOLARWORLD-EQ,EQ,INE0TY101024,1,0.01,2,,,0,0.00,,495159,161.55,242.31,4300,,759929,1,
NSE,CM,NSECM,27061,ACME SOLAR HOLDINGS LTD,ACMESOLAR,ACMESOLAR-EQ,EQ,INE622W01025,1,0.05,2,,,0,0.00,,272852,329.30,402.40,2100;3500;4100,,27061,1,
NSE,CM,NSECM,14957,MAGNUM VENTURES LTD.,MAGNUM,MAGNUM-EQ,EQ,INE387I01016,1,0.01,2,,,0,0.00,,2237049,17.48,21.36,2200;2300,,14957,1,
NSE,CM,NSECM,7412,KOTAKMAMC - KOTAKALPHA,ALPHA,ALPHA-EQ,EQ,INF174KA1IA5,1,0.01,2,,,0,0.00,,1958051,40.86,61.28,,,7412,1,
NSE,CM,NSECM,8311,BLUE STAR LIMITED,BLUESTARCO,BLUESTARCO-EQ,EQ,INE472A01039,1,0.10,2,,,0,0.00,,61066,1473.50,1800.90,2100,,8311,1,
NSE,CM,NSECM,6568,LAXMI COTSPIN LIMITED,LAXMICOT,LAXMICOT-EQ,EQ,INE801V01019,1,0.01,2,,,0,0.00,,560727,12.71,15.53,2200;2300;4100,,6568,1,
NSE,CM,NSECM,27052,SAGILITY LIMITED,SAGILITY,SAGILITY-EQ,EQ,INE0W2G01015,1,0.01,2,,,0,0.00,,2471740,32.34,48.50,1600,Final Dividend - Rs. - 0.1000;07 Aug 2026,27052,1,
NSE,CM,NSECM,2088,MAHARASHTRA SEAMLESS LTD,MAHSEAMLES,MAHSEAMLES-EQ,EQ,INE271B01025,1,0.05,2,,,0,0.00,,174868,457.25,685.85,,,2088,1,
NSE,CM,NSECM,34,ADOR WELDING LTD,ADOR,ADOR-EQ,EQ,INE045A01017,1,0.10,2,,,0,0.00,,66930,1195.20,1792.60,3300,,34,1,
NSE,CM,NSECM,857,DHAMPUR SUGAR MILLS LTD.,DHAMPURSUG,DHAMPURSUG-EQ,EQ,INE041A01016,1,0.01,2,,,0,0.00,,703576,113.70,170.54,,,857,1,
NSE,CM,NSECM,10753,UNION BANK OF INDIA,UNIONBANK,UNIONBANK-EQ,EQ,INE692A01016,1,0.01,2,,,0,0.00,,580153,153.45,187.55,,,10753,1,
NSE,CM,NSECM,761693,MOTILALAMC - MOBANK10,MOBANK10,MOBANK10-EQ,EQ,INF247L01GV8,1,0.01,2,,,0,0.00,,112813,13.48,20.20,,,761693,1,
NSE,CM,NSECM,759891,MOTILALAMC - MOIPO,MOIPO,MOIPO-EQ,EQ,INF247L01GI5,1,0.01,2,,,0,0.00,,40873,36.56,54.84,,,759891,1,
NSE,CM,NSECM,15214,DHUNSERI VENTURES LIMITED,DVL,DVL-EQ,EQ,INE477B01010,1,0.01,2,,,0,0.00,,409858,195.18,292.76,2200;2300,Final Dividend - Rs. - 1.5000;11 Aug 2026,15214,1,
NSE,CM,NSECM,4892,SAREGAMA INDIA LIMITED,SAREGAMA,SAREGAMA-EQ,EQ,INE979A01025,1,0.05,2,,,0,0.00,,201292,397.20,595.80,,,4892,1,
NSE,CM,NSECM,10447,UNITED SPIRITS LIMITED,UNITDSPR,UNITDSPR-EQ,EQ,INE854D01024,1,0.10,2,,,0,0.00,,67642,1320.50,1613.90,2100,,10447,1,
NSE,CM,NSECM,1672,H.G.INFRA ENGINEERING LTD,HGINFRA,HGINFRA-EQ,EQ,INE926X01010,1,0.05,2,,,0,0.00,,186258,429.50,644.20,4300,Final Dividend - Rs. - 2.0000;12 Aug 2026,1672,1,
NSE,CM,NSECM,24948,L&T FINANCE LIMITED,LTF,LTF-EQ,EQ,INE498L01015,1,0.05,2,,,0,0.00,,328220,272.20,332.60,,,24948,1,
NSE,CM,NSECM,1997,LIC HOUSING FINANCE LTD,LICHSGFIN,LICHSGFIN-EQ,EQ,INE115A01026,1,0.05,2,,,0,0.00,,185370,485.10,592.80,,Final Dividend - Rs. - 10.0000;21 Aug 2026,1997,1,
NSE,CM,NSECM,16777,MIRAEAMC - MASILVER,SILVERAG,SILVERAG-EQ,EQ,INF769K01KG6,1,0.01,2,,,0,0.00,,464816,172.11,258.15,,,16777,1,
NSE,CM,NSECM,22947,EXICOM TELE SYSTEMS LTD,EXICOM,EXICOM-EQ,EQ,INE777F01014,1,0.01,2,,,0,0.00,,623771,128.24,192.36,201;2200,,22947,1,
NSE,CM,NSECM,10999,MARUTI SUZUKI INDIA LTD.,MARUTI,MARUTI-EQ,EQ,INE585B01010,1,1.00,2,,,0,0.00,,7230,12098.00,14786.00,,Final Dividend - Rs. - 140.0000;07 Aug 2026,10999,1,
NSE,CM,NSECM,17279,BLS INTL SERVS LTD,BLS,BLS-EQ,EQ,INE153T01027,1,0.05,2,,,0,0.00,,427797,186.90,280.30,,,17279,1,
NSE,CM,NSECM,6216,CAMLIN FINE SCIENCES LTD,CAMLINFINE,CAMLINFINE-EQ,EQ,INE052I01032,1,0.01,2,,,0,0.00,,803347,99.58,149.36,2200;4300,,6216,1,
NSE,CM,NSECM,5385,AAVAS FINANCIERS LIMITED,AAVAS,AAVAS-EQ,EQ,INE216P01012,1,0.10,2,,,0,0.00,,72468,1103.20,1654.80,,,5385,1,
NSE,CM,NSECM,17747,NIIT LEARNING SYSTEMS LTD,NIITMTS,NIITMTS-EQ,EQ,INE342G01023,1,0.01,2,,,0,0.00,,434352,184.15,276.21,4100,,17747,1,
NSE,CM,NSECM,761688,SHALIBHADRA FINANCE LTD,SAHLIBHFI,SAHLIBHFI-EQ,EQ,INE861D01011,1,0.01,2,,,0,0.00,,1010049,62.35,93.51,2300,,761688,1,
NSE,CM,NSECM,17851,D-LINK INDIA LTD,DLINKINDIA,DLINKINDIA-EQ,EQ,INE250K01012,1,0.05,2,,,0,0.00,,221123,361.80,542.60,,,17851,1,
NSE,CM,NSECM,760709,KOTAKMAMC - NEXT50ETF,NEXT50ETF,NEXT50ETF-EQ,EQ,INF174KA1YO3,1,0.01,2,,,0,0.00,,87027,57.80,86.70,,,760709,1,
NSE,CM,NSECM,527,UTI ASSET MNGMT CO LTD,UTIAMC,UTIAMC-EQ,EQ,INE094J01016,1,0.05,2,,,0,0.00,,113356,705.15,1057.65,,,527,1,
NSE,CM,NSECM,21428,TATAAML-TATSILV,TATSILV,TATSILV-EQ,EQ,INF277KA1984,1,0.01,2,,,0,0.00,,4653630,17.19,25.77,,,21428,1,
NSE,CM,NSECM,1085,GABRIEL INDIA LTD,GABRIEL,GABRIEL-EQ,EQ,INE524A01029,1,0.10,2,,,0,0.00,,73257,1090.80,1636.20,2100,,1085,1,
NSE,CM,NSECM,757862,GNG ELECTRONICS LIMITED,EBGNG,EBGNG-EQ,EQ,INE18JU01028,1,0.05,2,,,0,0.00,,174664,543.75,600.95,3500;3900;4100,,757862,1,
NSE,CM,NSECM,2844,RANE HOLDINGS LIMITED,RANEHOLDIN,RANEHOLDIN-EQ,EQ,INE384A01010,1,0.10,2,,,0,0.00,,57510,1390.80,2086.00,3300,Final Dividend - Rs. - 47.0000;06 Aug 2026,2844,1,
NSE,CM,NSECM,16783,GE VERNOVA T&D INDIA LTD,GVT&D,GVT&D-EQ,EQ,INE200A01026,1,0.10,2,,,0,0.00,,23811,3741.70,4573.10,2100;4100,Dividend - Rs. - 10.0000;21 Aug 2026,16783,1,
NSE,CM,NSECM,29577,NIP IND ETF NIFTY 100,NIF100BEES,NIF100BEES-EQ,EQ,INF204K014N5,1,0.01,2,,,0,0.00,,378299,211.48,317.20,,,29577,1,
NSE,CM,NSECM,758889,SG MART LIMITED,SGMART,SGMART-EQ,EQ,INE385F01024,1,0.05,2,,,0,0.00,,140024,570.85,856.25,2100;3500;4100,,758889,1,
NSE,CM,NSECM,760259,WAKEFIT INNOVATIONS LTD,WAKEFIT,WAKEFIT-EQ,EQ,INE0E7301029,1,0.01,2,,,0,0.00,,771007,103.76,155.64,4100,,760259,1,
NSE,CM,NSECM,14828,W.S.INDUSTRIES (I) LTD.,WSI,WSI-EQ,EQ,INE100D01014,1,0.01,2,,,0,0.00,,1604805,49.85,74.77,2100,,14828,1,
NSE,CM,NSECM,30472,AONEAMC - AONELIQUID,AONELIQUID,AONELIQUID-EQ,EQ,INF1J2R01056,1,0.01,2,,,0,0.00,,91565,1015.90,1122.82,,,30472,1,
NSE,CM,NSECM,23365,AQYLON NEXUS LIMITED,AQYLON,AQYLON-EQ,EQ,INE416A01051,1,0.01,2,,,0,0.00,,3809509,24.94,27.56,100;1201;2100,,23365,1,
NSE,CM,NSECM,25872,GROWWAMC - GROWWGOLD,GROWWGOLD,GROWWGOLD-EQ,EQ,INF666M01OE7,1,0.01,2,,,0,0.00,,7127431,11.23,16.83,,,25872,1,
NSE,CM,NSECM,760946,KWALITY WALL'S (INDIA) L,KWIL,KWIL-EQ,EQ,INE2KCE01013,1,0.01,2,,,0,0.00,,3124955,25.60,38.40,2200,,760946,1,
NSE,CM,NSECM,22602,PTC INDIA FIN SERV LTD,PFS,PFS-EQ,EQ,INE560K01014,1,0.01,2,,,0,0.00,,3415019,23.43,35.13,,,22602,1,
NSE,CM,NSECM,15283,KNR CONSTRU LTD.,KNRCON,KNRCON-EQ,EQ,INE634I01029,1,0.01,2,,,0,0.00,,824860,96.98,145.46,,,15283,1,
NSE,CM,NSECM,9111,ARVIND FASHIONS LIMITED,ARVINDFASN,ARVINDFASN-EQ,EQ,INE955V01021,1,0.05,2,,,0,0.00,,216079,370.15,555.15,,,9111,1,
NSE,CM,NSECM,1327,HCL INFOSYSTEMS LTD,HCL-INSYS,HCL-INSYS-EQ,EQ,INE236A01020,1,0.01,2,,,0,0.00,,8818216,9.08,13.60,100;1500;2200,,1327,1,
NSE,CM,NSECM,11547,HDFCAMC - HDFCLOWVOL,HDFCLOWVOL,HDFCLOWVOL-EQ,EQ,INF179KC1HU8,1,0.01,2,,,0,0.00,,554239,16.50,24.74,,,11547,1,
NSE,CM,NSECM,4007,CORAL INDIA FIN & HOUS LT,CORALFINAC,CORALFINAC-EQ,EQ,INE558D01021,1,0.01,2,,,0,0.00,,1317881,26.00,39.00,2300,,4007,1,
NSE,CM,NSECM,25358,PG ELECTROPLAST LTD,PGEL,PGEL-EQ,EQ,INE457L01029,1,0.05,2,,,0,0.00,,174628,515.25,629.65,2100,,25358,1,
NSE,CM,NSECM,11457,KOTAKMAMC - KTKNV20ETF,NV20,NV20-EQ,EQ,INF174KA1ZE1,1,0.01,2,,,0,0.00,,1833231,11.10,16.64,,,11457,1,
NSE,CM,NSECM,10604,BHARTI AIRTEL LIMITED,BHARTIARTL,BHARTIARTL-EQ,EQ,INE397D01024,1,0.10,2,,,0,0.00,,48745,1708.40,2088.00,,Final Dividend - Rs. - 24.0000;24 Jul 2026,10604,1,
NSE,CM,NSECM,7862,GE POWER INDIA LIMITED,GVPIL,GVPIL-EQ,EQ,INE878A01011,1,0.05,2,,,0,0.00,,124840,760.70,840.70,201,Final Dividend - Rs. - 7.0000;31 Jul 2026,7862,1,
NSE,CM,NSECM,13839,DONEAR IND. LIMITED,DONEAR,DONEAR-EQ,EQ,INE668D01028,1,0.01,2,,,0,0.00,,1165630,68.64,102.94,2300,,13839,1,
NSE,CM,NSECM,3099,SHREE DIGVIJAY CEM CO LTD,SHREDIGCEM,SHREDIGCEM-EQ,EQ,INE232A01011,1,0.01,2,,,0,0.00,,1312930,60.93,91.39,,,3099,1,
NSE,CM,NSECM,756925,PRIMO CHEMICALS LIMITED,PRIMO,PRIMO-EQ,EQ,INE607A01022,1,0.01,2,,,0,0.00,,4476078,17.88,26.80,2100,,756925,1,
NSE,CM,NSECM,9592,VENUS PIPES & TUBES LTD,VENUSPIPES,VENUSPIPES-EQ,EQ,INE0JA001018,1,0.10,2,,,0,0.00,,58812,1360.10,2040.10,4100,,9592,1,
NSE,CM,NSECM,762742,KIRAN VYAPAR LTD.,KIRANVYPAR,KIRANVYPAR-EQ,EQ,INE555P01013,1,0.01,2,,,0,0.00,,499190,160.26,240.38,2300,,762742,1,
NSE,CM,NSECM,757965,SMARTWORKS COWORKING SP L,SMARTWORKS,SMARTWORKS-EQ,EQ,INE0NAZ01010,1,0.05,2,,,0,0.00,,207156,386.05,579.05,2100,,757965,1,
NSE,CM,NSECM,764126,LASER POWER & INFRA LTD,LASERPOWER,LASERPOWER-EQ,EQ,INE17IR01028,1,0.01,2,,,0,0.00,,325092,276.77,338.27,,,764126,1,
NSE,CM,NSECM,3694,VINDHYA TELELINKS LTD,VINDHYATEL,VINDHYATEL-EQ,EQ,INE707A01012,1,0.10,2,,,0,0.00,,53185,1504.00,2256.00,201;2200,Final Dividend - Rs. - 6.0000;27 Jul 2026,3694,1,
NSE,CM,NSECM,13620,ANANT RAJ LIMITED,ANANTRAJ,ANANTRAJ-EQ,EQ,INE242C01024,1,0.05,2,,,0,0.00,,170220,469.25,703.85,,Final Dividend - Rs. - 1.0000;31 Jul 2026,13620,1,
NSE,CM,NSECM,758667,NIPPONAMC - MANUFGBEES,MANUFGBEES,MANUFGBEES-EQ,EQ,INF204KC1GH6,1,0.01,2,,,0,0.00,,22985,127.88,191.82,,,758667,1,
NSE,CM,NSECM,11369,TTK HEALTHCARE LIMITED,TTKHLTCARE,TTKHLTCARE-EQ,EQ,INE910C01018,1,0.05,2,,,0,0.00,,95477,837.80,1256.60,,,11369,1,
NSE,CM,NSECM,17395,SBIAMC - SETF10GILT,SETF10GILT,SETF10GILT-EQ,EQ,INF200KA1JT1,1,0.01,2,,,0,0.00,,378618,250.85,277.25,,,17395,1,
NSE,CM,NSECM,14597,ALPHAGEO (INDIA) LIMITED,ALPHAGEO,ALPHAGEO-EQ,EQ,INE137C01018,1,0.01,2,,,0,0.00,,208126,163.72,245.58,2200;2300,,14597,1,
NSE,CM,NSECM,6803,STEELCAST LIMITED,STEELCAS,STEELCAS-EQ,EQ,INE124E01038,1,0.05,2,,,0,0.00,,326065,245.35,367.95,,Interim Dividend;07 Aug 2026,6803,1,
NSE,CM,NSECM,928,ELECTROSTEEL CASTINGS LTD,ELECTCAST,ELECTCAST-EQ,EQ,INE086A01029,1,0.01,2,,,0,0.00,,1386587,57.68,86.52,,,928,1,
NSE,CM,NSECM,14063,WANBURY LIMITED,WANBURY,WANBURY-EQ,EQ,INE107F01022,1,0.05,2,,,0,0.00,,301281,265.55,398.25,3500;4100,,14063,1,
NSE,CM,NSECM,11319,LICNAMC - LICNFENGP,LICNETFN50,LICNETFN50-EQ,EQ,INF767K01OS7,1,0.01,2,,,0,0.00,,373823,214.00,321.00,,,11319,1,
NSE,CM,NSECM,17770,THE GROB TEA COMPANY LTD,GROBTEA,GROBTEA-EQ,EQ,INE646C01018,1,0.05,2,,,0,0.00,,38007,719.85,1079.75,2300,,17770,1,
NSE,CM,NSECM,20071,INTENSE TECHNOLOGIES LTD,INTENTECH,INTENTECH-EQ,EQ,INE781A01025,1,0.01,2,,,0,0.00,,772518,72.36,108.54,2200;2300,,20071,1,
NSE,CM,NSECM,5168,SBIAMC - SBIETFCON,SBIETFCON,SBIETFCON-EQ,EQ,INF200KA1X17,1,0.01,2,,,0,0.00,,62888,97.25,145.87,,,5168,1,
NSE,CM,NSECM,21195,GTPL HATHWAY LIMITED,GTPL,GTPL-EQ,EQ,INE869I01013,1,0.01,2,,,0,0.00,,1647919,48.55,72.81,2100,,21195,1,
NSE,CM,NSECM,3506,TITAN COMPANY LIMITED,TITAN,TITAN-EQ,EQ,INE280A01028,1,0.10,2,,,0,0.00,,21305,4209.30,5144.70,2100,,3506,1,
NSE,CM,NSECM,27334,SURAKSHA DIAGNOSTIC LTD,SURAKSHA,SURAKSHA-EQ,EQ,INE877V01027,1,0.05,2,,,0,0.00,,395291,202.40,303.50,,Final Dividend - Rs. - 0.5000;26 Aug 2026,27334,1,
NSE,CM,NSECM,761670,AMIR CHAND JAG KUM (E) L,AEROPLANE,AEROPLANE-EQ,EQ,INE05TO01019,1,0.01,2,,,0,0.00,,532357,178.45,197.23,501,,761670,1,
NSE,CM,NSECM,5911,PARAS DEF AND SPCE TECH L,PARAS,PARAS-EQ,EQ,INE045601023,1,0.10,2,,,0,0.00,,83648,1075.70,1314.70,201;2100,,5911,1,
NSE,CM,NSECM,14552,THE PHOENIX MILLS LTD,PHOENIXLTD,PHOENIXLTD-EQ,EQ,INE211B01039,1,0.10,2,,,0,0.00,,49710,1809.70,2211.70,,,14552,1,
NSE,CM,NSECM,1507,MOTILALAMC - G5,MOGSEC,MOGSEC-EQ,EQ,INF247L01AK4,1,0.01,2,,,0,0.00,,768126,61.76,68.26,,,1507,1,
NSE,CM,NSECM,4809,KCP SUGAR IND CORP LTD.,KCPSUGIND,KCPSUGIND-EQ,EQ,INE790B01024,1,0.01,2,,,0,0.00,,3590563,22.28,33.42,2600;2900;3200,,4809,1,
NSE,CM,NSECM,10485,RAM RATNA WIRES LIMITED,RAMRAT,RAMRAT-EQ,EQ,INE207E01023,1,0.05,2,,,0,0.00,,241399,331.30,496.90,,Final Dividend - Rs. - 2.5000;22 Jul 2026,10485,1,
NSE,CM,NSECM,11491,APAR INDUSTRIES LTD.,APARINDS,APARINDS-EQ,EQ,INE372A01015,1,1.00,2,,,0,0.00,,7190,11112.00,16666.00,2100;3500;4100;4300,,11491,1,
NSE,CM,NSECM,20831,MUTHOOT MICROFIN LIMITED,MUTHOOTMF,MUTHOOTMF-EQ,EQ,INE046W01019,1,0.01,2,,,0,0.00,,399803,200.09,300.13,,,20831,1,
NSE,CM,NSECM,18883,SJVN LTD,SJVN,SJVN-EQ,EQ,INE002L01015,1,0.01,2,,,0,0.00,,1477601,54.07,81.09,,,18883,1,
NSE,CM,NSECM,1250,CASTROL INDIA LIMITED,CASTROLIND,CASTROLIND-EQ,EQ,INE172A01027,1,0.01,2,,,0,0.00,,541048,147.84,221.74,,,1250,1,
NSE,CM,NSECM,24742,CEIGALL INDIA LIMITED,CEIGALL,CEIGALL-EQ,EQ,INE0AG901020,1,0.05,2,,,0,0.00,,296495,303.40,370.80,,,24742,1,
NSE,CM,NSECM,7211,JET FREIGHT LOGISTICS LTD,JETFREIGHT,JETFREIGHT-EQ,EQ,INE982V01025,1,0.01,2,,,0,0.00,,1517402,18.31,27.45,,,7211,1,
NSE,CM,NSECM,23480,SINCLAIRS HOTELS LIMITED,SINCLAIR,SINCLAIR-EQ,EQ,INE985A01022,1,0.01,2,,,0,0.00,,1337423,59.82,89.72,2300,,23480,1,
NSE,CM,NSECM,27144,BLACKBUCK LIMITED,BLACKBUCK,BLACKBUCK-EQ,EQ,INE0UIZ01018,1,0.05,2,,,0,0.00,,185353,431.50,647.20,2100,,27144,1,
NSE,CM,NSECM,19913,AVENUE SUPERMARTS LIMITED,DMART,DMART-EQ,EQ,INE192R01011,1,0.10,2,,,0,0.00,,24783,3617.00,4420.60,2100,,19913,1,
NSE,CM,NSECM,7838,TATAAML - NETF,NETF,NETF-EQ,EQ,INF277K015R5,1,0.01,2,,,0,0.00,,385287,207.64,311.44,,,7838,1,
NSE,CM,NSECM,9158,BALAJI TELEFILMS LIMITED.,BALAJITELE,BALAJITELE-EQ,EQ,INE794B01026,1,0.01,2,,,0,0.00,,1189887,67.24,100.84,2200,,9158,1,
NSE,CM,NSECM,4391,GULF OIL LUB. IND. LTD.,GULFOILLUB,GULFOILLUB-EQ,EQ,INE635Q01029,1,0.10,2,,,0,0.00,,98438,812.60,1218.80,,,4391,1,
NSE,CM,NSECM,757031,MOTILALAMC - MOINFRA,MOINFRA,MOINFRA-EQ,EQ,INF247L01FL1,1,0.01,2,,,0,0.00,,16545,48.38,72.56,,,757031,1,
NSE,CM,NSECM,29008,TVS HOLDINGS LIMITED,TVSHLTD,TVSHLTD-EQ,EQ,INE105A01035,1,1.00,2,,,0,0.00,,6817,11707.00,17559.00,,,29008,1,
NSE,CM,NSECM,27353,ROSSELL TECHSYS LIMITED,ROSSTECH,ROSSTECH-EQ,EQ,INE0OJW01016,1,0.05,2,,,0,0.00,,101666,786.65,1179.95,2100,,27353,1,
NSE,CM,NSECM,6843,SARTHAK METALS LIMITED,SMLT,SMLT-EQ,EQ,INE017W01010,1,0.01,2,,,0,0.00,,447653,53.44,80.14,2300,,6843,1,
NSE,CM,NSECM,19876,LAXMI GOLDORNA HOUSE LTD,LGHL,LGHL-EQ,EQ,INE258Y01016,1,0.01,2,,,0,0.00,,490405,163.13,244.69,2100;2300,,19876,1,
NSE,CM,NSECM,24378,RELIABLE DATA SERVICE LTD,RELIABLE,RELIABLE-EQ,EQ,INE375Y01018,1,0.01,2,,,0,0.00,,337462,115.11,172.65,2300,,24378,1,
NSE,CM,NSECM,13900,CREST VENTURES LIMITED,CREST,CREST-EQ,EQ,INE559D01011,1,0.05,2,,,0,0.00,,264752,302.20,453.20,2300,Final Dividend - Rs. - 1.0000;14 Aug 2026,13900,1,
NSE,CM,NSECM,760051,GROWWAMC - GROWWCAPM,GROWWCAPM,GROWWCAPM-EQ,EQ,INF666M01MM4,1,0.01,2,,,0,0.00,,1261477,8.88,13.30,,,760051,1,
NSE,CM,NSECM,1624,INDIAN OIL CORP LTD,IOC,IOC-EQ,EQ,INE242A01010,1,0.01,2,,,0,0.00,,720182,124.63,152.31,,,1624,1,
NSE,CM,NSECM,13536,VIDHI SPCLTY F INGRDNTS L,VIDHIING,VIDHIING-EQ,EQ,INE632C01026,1,0.05,2,,,0,0.00,,321994,248.45,372.65,,,13536,1,
NSE,CM,NSECM,338,BALMER LAWRIE & CO LTD,BALMLAWRIE,BALMLAWRIE-EQ,EQ,INE164A01016,1,0.01,2,,,0,0.00,,572690,139.68,209.52,,,338,1,
NSE,CM,NSECM,4973,NIPPONAMC - NETFPHARMA,PHARMABEES,PHARMABEES-EQ,EQ,INF204KC1089,1,0.01,2,,,0,0.00,,3792163,21.10,31.64,,,4973,1,
NSE,CM,NSECM,4201,SOMA TEXTILES & INDUST LT,SOMATEX,SOMATEX-EQ,EQ,INE314C01013,1,0.01,2,,,0,0.00,,989502,96.01,106.11,201,,4201,1,
NSE,CM,NSECM,21484,STEL HOLDINGS LIMITED,STEL,STEL-EQ,EQ,INE577L01016,1,0.05,2,,,0,0.00,,179994,444.45,666.65,2100;2300,,21484,1,
NSE,CM,NSECM,9354,TAJ GVK HOTELS & RESORTS,TAJGVK,TAJGVK-EQ,EQ,INE586B01026,1,0.05,2,,,0,0.00,,277829,287.95,431.85,,,9354,1,
NSE,CM,NSECM,25398,ARKADE DEVELOPERS LIMITED,ARKADE,ARKADE-EQ,EQ,INE0QRL01017,1,0.01,2,,,0,0.00,,737269,108.49,162.73,2100,,25398,1,
NSE,CM,NSECM,1937,KREBS BIOCHEMICALS & IND,KREBSBIO,KREBSBIO-EQ,EQ,INE268B01013,1,0.01,2,,,0,0.00,,705030,46.71,57.09,1500;2200;2300,,1937,1,
NSE,CM,NSECM,1994,LIBERTY SHOES LTD,LIBERTSHOE,LIBERTSHOE-EQ,EQ,INE557B01019,1,0.05,2,,,0,0.00,,387215,206.60,309.90,,,1994,1,
NSE,CM,NSECM,547,BRITANNIA INDUSTRIES LTD,BRITANNIA,BRITANNIA-EQ,EQ,INE216A01030,1,0.50,2,,,0,0.00,,18545,4842.00,5917.00,2100,Final Dividend - Rs. - 90.5000;31 Jul 2026,547,1,
NSE,CM,NSECM,2816,RALLIS INDIA LTD,RALLIS,RALLIS-EQ,EQ,INE613A01020,1,0.01,2,,,0,0.00,,457195,174.98,262.46,,,2816,1,
NSE,CM,NSECM,12848,N1NSETEST,N1NSETEST,N1NSETEST-EQ,EQ,DUMMYSAN003,1,0.05,2,,,0,0.00,,0,236.00,354.00,,,12848,1,
NSE,CM,NSECM,6446,ICICIPRAMC - ICICICONSU,CONSUMIETF,CONSUMIETF-EQ,EQ,INF109KC1V42,1,0.01,2,,,0,0.00,,151975,97.62,146.42,,,6446,1,
NSE,CM,NSECM,8510,GATEWAY DISTRIPARKS LTD,GATEWAY,GATEWAY-EQ,EQ,INE079J01017,1,0.01,2,,,0,0.00,,1773234,45.11,67.65,,,8510,1,
NSE,CM,NSECM,762792,MERCANTILE VENTURES LTD.,MERCANTILE,MERCANTILE-EQ,EQ,INE689O01013,1,0.01,2,,,0,0.00,,3659723,19.62,29.42,2300,,762792,1,
NSE,CM,NSECM,16192,PAVNA INDUSTRIES LIMITED,PAVNAIND,PAVNAIND-EQ,EQ,INE07S101038,1,0.01,2,,,0,0.00,,4562629,12.88,19.30,2300;4100;4200;4300,,16192,1,
NSE,CM,NSECM,17256,ALBERT DAVID LIMITED,ALBERTDAVD,ALBERTDAVD-EQ,EQ,INE155C01010,1,0.05,2,,,0,0.00,,143191,558.70,838.00,2200;2300,Final Dividend - Rs. - 5.0000;30 Jul 2026,17256,1,
NSE,CM,NSECM,16395,MMP INDUSTRIES LIMITED,MMP,MMP-EQ,EQ,INE511Y01018,1,0.05,2,,,0,0.00,,354975,225.40,338.00,,,16395,1,
NSE,CM,NSECM,4843,SNOWMAN LOGISTICS LTD.,SNOWMAN,SNOWMAN-EQ,EQ,INE734N01019,1,0.01,2,,,0,0.00,,2747092,29.12,43.68,2100,,4843,1,
NSE,CM,NSECM,20534,GRAVITA INDIA LIMITED,GRAVITA,GRAVITA-EQ,EQ,INE024L01027,1,0.10,2,,,0,0.00,,56241,1420.60,2130.80,,,20534,1,
NSE,CM,NSECM,7463,MANAKSIA STEELS LTD,MANAKSTEEL,MANAKSTEEL-EQ,EQ,INE824Q01011,1,0.01,2,,,0,0.00,,1413961,63.65,77.79,,,7463,1,
NSE,CM,NSECM,3396,TAINWALA CHEMICAL AND PLA,TAINWALCHM,TAINWALCHM-EQ,EQ,INE123C01018,1,0.01,2,,,0,0.00,,306197,161.50,242.24,,,3396,1,
NSE,CM,NSECM,762717,INDUSTRIAL & PRU INV CO L,INDPRUD,INDPRUD-EQ,EQ,INE620D01011,1,0.50,2,,,0,0.00,,15218,5256.00,7884.00,2300,Final Dividend - Rs. - 120.0000;12 Aug 2026,762717,1,
NSE,CM,NSECM,20906,A2Z INFRA ENGINEERING LTD,A2ZINFRA,A2ZINFRA-EQ,EQ,INE619I01012,1,0.01,2,,,0,0.00,,5804980,11.22,13.70,,,20906,1,
NSE,CM,NSECM,11896,GEOJIT FINANCIAL SER L,GEOJITFSL,GEOJITFSL-EQ,EQ,INE007B01023,1,0.01,2,,,0,0.00,,1312989,60.92,91.38,,,11896,1,
NSE,CM,NSECM,758448,ALL TIME PLASTICS LIMITED,ALLTIME,ALLTIME-EQ,EQ,INE0GV601021,1,0.01,2,,,0,0.00,,452723,176.70,265.04,,,758448,1,
NSE,CM,NSECM,526,BHARAT PETROLEUM CORP  LT,BPCL,BPCL-EQ,EQ,INE029A01011,1,0.05,2,,,0,0.00,,321048,279.15,341.15,,,526,1,
NSE,CM,NSECM,13761,BHARAT BIJLEE LTD,BBL,BBL-EQ,EQ,INE464A01036,1,0.10,2,,,0,0.00,,39684,2015.60,3023.20,,,13761,1,
NSE,CM,NSECM,20159,ARIHANT SUPERSTRUCT LTD,ARIHANTSUP,ARIHANTSUP-EQ,EQ,INE643K01018,1,0.05,2,,,0,0.00,,380771,210.10,315.10,2300,,20159,1,
NSE,CM,NSECM,20532,AXISAMC-GOLDAXIS,GOLDAXIS,GOLDAXIS-EQ,EQ,INF846K01W80,1,0.01,2,,,0,0.00,,835685,95.72,143.58,,,20532,1,
NSE,CM,NSECM,22433,HDFCAMC - HDFCNIFBAN,HDFCNIFBAN,HDFCNIFBAN-EQ,EQ,INF179KC1HY0,1,0.01,2,,,0,0.00,,1716091,46.61,69.91,,,22433,1,
NSE,CM,NSECM,3066,SESHASAYEE PAPER & BOARDS,SESHAPAPER,SESHAPAPER-EQ,EQ,INE630A01024,1,0.01,2,,,0,0.00,,434286,184.19,276.27,,,3066,1,
NSE,CM,NSECM,14479,DIVGI TORQTRANSFER SYST L,DIVGIITTS,DIVGIITTS-EQ,EQ,INE753U01022,1,0.05,2,,,0,0.00,,105724,756.50,1134.70,2100,,14479,1,
NSE,CM,NSECM,14523,ICRA LIMITED,ICRA,ICRA-EQ,EQ,INE725G01011,1,0.50,2,,,0,0.00,,20807,3843.50,5764.50,,Special Dividend - Rs. - 35.0000;23 Jul 2026,14523,1,
NSE,CM,NSECM,762782,MAC CHARLES (INDIA) LTD.,MCCHRLS-B,MCCHRLS-B-EQ,EQ,INE435D01014,1,0.05,2,,,0,0.00,,140841,568.00,851.90,100;2300,,762782,1,
NSE,CM,NSECM,10905,GENESYS INTL CORPN LTD,GENESYS,GENESYS-EQ,EQ,INE727B01026,1,0.05,2,,,0,0.00,,335868,267.95,327.45,3900;4200;4300,,10905,1,
NSE,CM,NSECM,6278,MEDICAMEN BIOTECH LIMITED,MEDICAMEQ,MEDICAMEQ-EQ,EQ,INE646B01010,1,0.05,2,,,0,0.00,,413474,193.50,290.20,201,,6278,1,
NSE,CM,NSECM,2320,SMC GLOBAL SECURITIES LTD,SMCGLOBAL,SMCGLOBAL-EQ,EQ,INE103C01036,1,0.01,2,,,0,0.00,,1325082,60.37,90.55,,,2320,1,
NSE,CM,NSECM,29204,STALLION IND FLUOROCHEM L,STALLION,STALLION-EQ,EQ,INE0RYC01010,1,0.01,2,,,0,0.00,,413380,193.52,290.28,2100;2900;3200;3900,,29204,1,
NSE,CM,NSECM,14853,OMAXE LIMITED,OMAXE,OMAXE-EQ,EQ,INE800H01010,1,0.01,2,,,0,0.00,,1140749,70.13,105.19,1500;2200,,14853,1,
NSE,CM,NSECM,9819,HAVELLS INDIA LIMITED,HAVELLS,HAVELLS-EQ,EQ,INE176B01034,1,0.10,2,,,0,0.00,,80954,1104.30,1349.50,,,9819,1,
NSE,CM,NSECM,19646,MAX ESTATES LIMITED,MAXESTATES,MAXESTATES-EQ,EQ,INE03EI01018,1,0.05,2,,,0,0.00,,258145,309.75,464.55,2100,,19646,1,
NSE,CM,NSECM,7425,HEC INFRA PROJECTS LTD,HECPROJECT,HECPROJECT-EQ,EQ,INE558R01013,1,0.01,2,,,0,0.00,,354406,111.57,167.35,,,7425,1,
NSE,CM,NSECM,21508,COCHIN SHIPYARD LIMITED,COCHINSHIP,COCHINSHIP-EQ,EQ,INE704P01025,1,0.10,2,,,0,0.00,,71556,1253.20,1531.60,2100,,21508,1,
NSE,CM,NSECM,25996,EDELAMC - EMULTIMQ,EMULTIMQ,EMULTIMQ-EQ,EQ,INF754K01TF1,1,0.01,2,,,0,0.00,,260533,32.66,48.98,,,25996,1,
NSE,CM,NSECM,312,TUBE INVEST OF INDIA LTD,TIINDIA,TIINDIA-EQ,EQ,INE974X01010,1,0.10,2,,,0,0.00,,36001,2490.30,3043.70,,Final Dividend - Rs. - 1.5000;07 Aug 2026,312,1,
NSE,CM,NSECM,21254,ICICI PR NIF LW VL 30 ETF,LOWVOLIETF,LOWVOLIETF-EQ,EQ,INF109KC19U5,1,0.01,2,,,0,0.00,,4513872,17.72,26.58,,,21254,1,
NSE,CM,NSECM,5449,CHEMPLAST SANMAR LIMITED,CHEMPLASTS,CHEMPLASTS-EQ,EQ,INE488A01050,1,0.01,2,,,0,0.00,,494249,161.84,242.74,1500;2200,,5449,1,
NSE,CM,NSECM,14972,KAVERI SEED CO. LTD.,KSCL,KSCL-EQ,EQ,INE455I01029,1,0.05,2,,,0,0.00,,119646,668.40,1002.60,,,14972,1,
NSE,CM,NSECM,11301,LUX INDUSTRIES LIMITED,LUXIND,LUXIND-EQ,EQ,INE150G01020,1,0.10,2,,,0,0.00,,81523,1104.00,1349.20,4100,,11301,1,
NSE,CM,NSECM,13082,KOTAKMAMC - KOTAKSILVE,SILVER1,SILVER1-EQ,EQ,INF174KA1ZD3,1,0.01,2,,,0,0.00,,4664049,17.16,25.72,,,13082,1,
NSE,CM,NSECM,13643,ELECON ENG. CO. LTD,ELECON,ELECON-EQ,EQ,INE205B01031,1,0.05,2,,,0,0.00,,236965,337.35,505.95,,,13643,1,
NSE,CM,NSECM,19036,PODDAR PIGMENTS LIMITED,PODDARMENT,PODDARMENT-EQ,EQ,INE371C01013,1,0.01,2,,,0,0.00,,346945,211.19,316.77,2300,,19036,1,
NSE,CM,NSECM,166,ANDHRA PAPER LIMITED,ANDHRAPAP,ANDHRAPAP-EQ,EQ,INE435A01051,1,0.01,2,,,0,0.00,,1630371,49.07,73.59,2100,Final Dividend - Rs. - 0.5000;04 Aug 2026,166,1,
NSE,CM,NSECM,30244,BHARAT SEATS LIMITED,BHARATSE,BHARATSE-EQ,EQ,INE415D01024,1,0.01,2,,,0,0.00,,458376,174.52,261.76,3600;4300,,30244,1,
NSE,CM,NSECM,10633,HDFCAMC - HDFCNIF100,HDFCNIF100,HDFCNIF100-EQ,EQ,INF179KC1HR4,1,0.01,2,,,0,0.00,,947880,20.61,30.91,,,10633,1,
NSE,CM,NSECM,27303,SAMPANN UTPADAN INDIA LTD,SAMPANN,SAMPANN-EQ,EQ,INE735M01018,1,0.01,2,,,0,0.00,,1596085,22.06,33.08,2300,,27303,1,
NSE,CM,NSECM,761270,ALGOQUANT FINTECH LIMITED,ALGOQUANT,ALGOQUANT-EQ,EQ,INE598D01035,1,0.01,2,,,0,0.00,,1461698,54.73,82.09,,,761270,1,
NSE,CM,NSECM,17764,REFEX INDUSTRIES LIMITED,REFEX,REFEX-EQ,EQ,INE056I01025,1,0.05,2,,,0,0.00,,316427,252.80,379.20,,Final Dividend - Rs. - 1.0000;24 Jul 2026,17764,1,
NSE,CM,NSECM,5732,AXISAMC-CONSUMAXIS,CONSUMAXIS,CONSUMAXIS-EQ,EQ,INF846K016C7,1,0.01,2,,,0,0.00,,37749,96.99,145.47,,,5732,1,
NSE,CM,NSECM,13423,ELIN ELECTRONICS LIMITED,ELIN,ELIN-EQ,EQ,INE050401020,1,0.01,2,,,0,0.00,,988814,80.91,121.35,,,13423,1,
NSE,CM,NSECM,3018,SAURASHTRA CEMENT LIMITED,SAURASHCEM,SAURASHCEM-EQ,EQ,INE626A01014,1,0.01,2,,,0,0.00,,1796620,44.53,66.79,4300,,3018,1,
NSE,CM,NSECM,25786,KANANI INDUSTRIES LTD,KANANIIND,KANANIIND-EQ,EQ,INE879E01037,1,0.01,2,,,0,0.00,,6470282,1.20,1.78,,,25786,1,
NSE,CM,NSECM,27839,SAI LIFE SCIENCES LIMITED,SAILIFE,SAILIFE-EQ,EQ,INE570L01029,1,0.10,2,,,0,0.00,,81027,986.40,1479.40,2100,,27839,1,
NSE,CM,NSECM,3594,UNITECH LTD,UNITECH,UNITECH-EQ,EQ,INE694A01020,1,0.01,2,,,0,0.00,,22829841,4.17,4.59,1500;2200;4100;4300,,3594,1,
NSE,CM,NSECM,1181,GODFREY PHILLIPS INDIA LT,GODFRYPHLP,GODFRYPHLP-EQ,EQ,INE260B01028,1,0.10,2,,,0,0.00,,46949,1916.70,2342.50,,,1181,1,
NSE,CM,NSECM,157,APOLLO HOSPITALS ENTER. L,APOLLOHOSP,APOLLOHOSP-EQ,EQ,INE437A01024,1,0.50,2,,,0,0.00,,11214,7925.00,9686.00,2100,Final Dividend - Rs. - 10.0000;14 Aug 2026,157,1,
NSE,CM,NSECM,18679,HPL ELECTRIC & POWER LTD,HPL,HPL-EQ,EQ,INE495S01016,1,0.05,2,,,0,0.00,,299832,266.80,400.20,,,18679,1,
NSE,CM,NSECM,23729,AADHAR HOUSING FINANCE L,AADHARHFC,AADHARHFC-EQ,EQ,INE883F01010,1,0.05,2,,,0,0.00,,201593,396.00,594.00,,,23729,1,
NSE,CM,NSECM,2912,RELIANCE INDUSTRIAL INFRA,RIIL,RIIL-EQ,EQ,INE046A01015,1,0.05,2,,,0,0.00,,137061,583.65,875.45,2100,,2912,1,
NSE,CM,NSECM,16795,ARCHIDPLY IND. LTD,ARCHIDPLY,ARCHIDPLY-EQ,EQ,INE877I01016,1,0.01,2,,,0,0.00,,649584,66.36,99.52,2300,,16795,1,
NSE,CM,NSECM,11966,BIKAJI FOODS INTERN LTD,BIKAJI,BIKAJI-EQ,EQ,INE00E101023,1,0.05,2,,,0,0.00,,158464,504.60,756.80,2100,,11966,1,
NSE,CM,NSECM,1372,HINDUSTAN COMPOSITES LTD.,HINDCOMPOS,HINDCOMPOS-EQ,EQ,INE310C01029,1,0.05,2,,,0,0.00,,233423,342.75,514.05,,,1372,1,
NSE,CM,NSECM,5701,CITY UNION BANK LTD,CUB,CUB-EQ,EQ,INE491A01021,1,0.01,2,,,0,0.00,,454770,175.80,263.70,,Dividend - Rs. - 2.0000;31 Jul 2026,5701,1,
NSE,CM,NSECM,8654,MOTILALAMC - MOLOWVOL,MOLOWVOL,MOLOWVOL-EQ,EQ,INF247L01BL0,1,0.01,2,,,0,0.00,,692067,29.44,44.14,,,8654,1,
NSE,CM,NSECM,4,21ST CENTURY MGMT SERVICE,21STCENMGM,21STCENMGM-EQ,EQ,INE253B01015,1,0.01,2,,,0,0.00,,343348,36.37,37.85,201;2200;2300,,4,1,
NSE,CM,NSECM,760,CG POWER AND IND SOL LTD,CGPOWER,CGPOWER-EQ,EQ,INE067A01029,1,0.05,2,,,0,0.00,,114972,780.95,954.45,2100,,760,1,
NSE,CM,NSECM,19867,AMINES & PLASTICIZERS LTD,AMNPLST,AMNPLST-EQ,EQ,INE275D01022,1,0.01,2,,,0,0.00,,514711,155.42,233.12,2300,,19867,1,
NSE,CM,NSECM,11932,FUSION FINANCE LIMITED,FUSION,FUSION-EQ,EQ,INE139R01012,1,0.01,2,,,0,0.00,,461930,173.19,259.77,2100,,11932,1,
NSE,CM,NSECM,12072,SHEETAL COOL PRODUCTS LTD,SCPL,SCPL-EQ,EQ,INE501Y01019,1,0.05,2,,,0,0.00,,175170,456.70,685.00,3300;3500;3900,,12072,1,
NSE,CM,NSECM,30274,ZERODHAAMC - SILVERCASE,SILVERCASE,SILVERCASE-EQ,EQ,INF0R8F01091,1,0.01,2,,,0,0.00,,4466115,17.92,26.86,,,30274,1,
NSE,CM,NSECM,13592,HANDSON GBL MNGMNT LTD,HGM,HGM-EQ,EQ,INE596H01014,1,0.01,2,,,0,0.00,,411854,37.39,56.07,201;2200;2300,,13592,1,
NSE,CM,NSECM,24117,BARODABNP - BBNPNBETF,BBNPNBETF,BBNPNBETF-EQ,EQ,INF251K01TL6,1,0.01,2,,,0,0.00,,27374,45.64,68.44,,,24117,1,
NSE,CM,NSECM,759342,PACE DIGITEK LIMITED,PACEDIGITK,PACEDIGITK-EQ,EQ,INE0S3G01027,1,0.01,2,,,0,0.00,,511998,156.20,234.30,,,759342,1,
NSE,CM,NSECM,8077,KOTAKMAMC - KOTAKMID50,MIDCAP,MIDCAP-EQ,EQ,INF174KA1ZC5,1,0.01,2,,,0,0.00,,3656297,14.45,21.67,,,8077,1,
NSE,CM,NSECM,19401,BOROSIL LIMITED,BOROLTD,BOROLTD-EQ,EQ,INE02PY01013,1,0.01,2,,,0,0.00,,430394,185.88,278.80,,,19401,1,
NSE,CM,NSECM,3512,TAMILNADU TELECOMMUNICATI,TNTELE,TNTELE-EQ,EQ,INE141D01018,1,0.01,2,,,0,0.00,,1493453,7.32,10.96,100;2200;2300,,3512,1,
NSE,CM,NSECM,762844,PRAVEG LTD.,PRAVEG,PRAVEG-EQ,EQ,INE722B01019,1,0.01,2,,,0,0.00,,350754,228.07,342.09,501,,762844,1,
NSE,CM,NSECM,3715,VLS FINANCE LTD,VLSFINANCE,VLSFINANCE-EQ,EQ,INE709A01018,1,0.05,2,,,0,0.00,,394460,202.80,304.20,,,3715,1,
NSE,CM,NSECM,22,ACC LIMITED,ACC,ACC-EQ,EQ,INE012A01025,1,0.10,2,,,0,0.00,,74550,1072.80,1609.00,,,22,1,
NSE,CM,NSECM,14423,LA OPALA RG LIMITED,LAOPALA,LAOPALA-EQ,EQ,INE059D01020,1,0.01,2,,,0,0.00,,542344,147.48,221.22,,,14423,1,
NSE,CM,NSECM,11606,GUFIC BIOSCIENCES LTD.,GUFICBIO,GUFICBIO-EQ,EQ,INE742B01025,1,0.05,2,,,0,0.00,,263942,303.10,454.60,2100,,11606,1,
NSE,CM,NSECM,760392,RUDRA GLOBAL INFRA PROD L,RUDRA,RUDRA-EQ,EQ,INE027T01023,1,0.01,2,,,0,0.00,,3281242,12.98,19.46,2300,,760392,1,
NSE,CM,NSECM,18131,YASHO INDUSTRIES LIMITED,YASHO,YASHO-EQ,EQ,INE616Z01012,1,0.10,2,,,0,0.00,,32541,2457.60,3686.40,201;2100,Final Dividend - Rs. - 0.5000;30 Jul 2026,18131,1,
NSE,CM,NSECM,762978,W P I L LTD.,WPIL,WPIL-EQ,EQ,INE765D01022,1,0.05,2,,,0,0.00,,221907,360.40,540.50,,Final Dividend - Rs. - 2.0000;31 Jul 2026,762978,1,
NSE,CM,NSECM,625,ADITYA BIRLA REAL EST LTD,ABREL,ABREL-EQ,EQ,INE055A01016,1,0.10,2,,,0,0.00,,72712,1099.40,1649.00,2200,,625,1,
NSE,CM,NSECM,21131,TEJAS NETWORKS LIMITED,TEJASNET,TEJASNET-EQ,EQ,INE010J01012,1,0.05,2,,,0,0.00,,201681,396.35,594.45,2200;4100,,21131,1,
NSE,CM,NSECM,11743,JINDAL PHOTO LIMITED,JINDALPHOT,JINDALPHOT-EQ,EQ,INE796G01012,1,0.10,2,,,0,0.00,,92918,860.90,1291.30,2100,,11743,1,
NSE,CM,NSECM,14557,ARO GRANITE IND. LTD.,AROGRANITE,AROGRANITE-EQ,EQ,INE210C01013,1,0.01,2,,,0,0.00,,500308,20.01,30.01,201;2200;2300,,14557,1,
NSE,CM,NSECM,9348,INDIAN OVERSEAS BANK,IOB,IOB-EQ,EQ,INE565A01014,1,0.01,2,,,0,0.00,,2946257,27.11,40.65,,,9348,1,
NSE,CM,NSECM,5313,UGRO CAPITAL LIMITED,UGROCAP,UGROCAP-EQ,EQ,INE583D01011,1,0.01,2,,,0,0.00,,1077855,74.22,111.32,4100,,5313,1,
NSE,CM,NSECM,756782,KRISHIVAL FOODS LIMITED,KRISHIVAL,KRISHIVAL-EQ,EQ,INE0GGO01015,1,0.05,2,,,0,0.00,,258020,310.05,465.05,2300,,756782,1,
NSE,CM,NSECM,1406,HINDUSTAN PETROLEUM CORP,HINDPETRO,HINDPETRO-EQ,EQ,INE094A01015,1,0.05,2,,,0,0.00,,261721,343.00,419.20,2100,Final Dividend - Rs. - 19.2500;14 Aug 2026,1406,1,
NSE,CM,NSECM,13511,MUNJAL AUTO IND. LTD.,MUNJALAU,MUNJALAU-EQ,EQ,INE672B01032,1,0.01,2,,,0,0.00,,1002298,79.82,119.72,,,13511,1,
NSE,CM,NSECM,16859,SINDHU TRADE LINKS LTD,SINDHUTRAD,SINDHUTRAD-EQ,EQ,INE325D01025,1,0.01,2,,,0,0.00,,4089194,19.56,29.34,2100,,16859,1,
NSE,CM,NSECM,16921,20 MICRONS LTD,20MICRONS,20MICRONS-EQ,EQ,INE144J01027,1,0.01,2,,,0,0.00,,489634,163.39,245.07,,,16921,1,
NSE,CM,NSECM,24321,VRAJ IRON AND STEEL LTD,VRAJ,VRAJ-EQ,EQ,INE0S2V01010,1,0.01,2,,,0,0.00,,773903,103.37,155.05,,,24321,1,
NSE,CM,NSECM,2829,ANUPAM RASAYAN INDIA LTD,ANURAS,ANURAS-EQ,EQ,INE930P01018,1,0.10,2,,,0,0.00,,79920,999.70,1499.50,2100,,2829,1,
NSE,CM,NSECM,23066,GOPAL SNACKS LIMITED,GOPAL,GOPAL-EQ,EQ,INE0L9R01028,1,0.05,2,,,0,0.00,,387214,232.45,284.05,,,23066,1,
NSE,CM,NSECM,15337,RAIN INDUSTRIES LIMITED,RAIN,RAIN-EQ,EQ,INE855B01025,1,0.01,2,,,0,0.00,,443975,180.19,270.27,3300;3900;4100,,15337,1,
NSE,CM,NSECM,7679,MONARCH NETWORTH CAP LTD,MONARCH,MONARCH-EQ,EQ,INE903D01011,1,0.05,2,,,0,0.00,,279520,286.20,429.30,,,7679,1,
NSE,CM,NSECM,16682,PTC INDUSTRIES LIMITED,PTCIL,PTCIL-EQ,EQ,INE596F01018,1,1.00,2,,,0,0.00,,5636,14186.00,21278.00,2100,,16682,1,
NSE,CM,NSECM,29284,VMART RETAIL LTD,VMART,VMART-EQ,EQ,INE665J01013,1,0.05,2,,,0,0.00,,137935,579.75,869.55,,,29284,1,
NSE,CM,NSECM,14339,GANESH HOUSING LIMITED,GANESHHOU,GANESHHOU-EQ,EQ,INE460C01014,1,0.05,2,,,0,0.00,,125079,639.55,959.25,,,14339,1,
NSE,CM,NSECM,17869,JSW ENERGY LIMITED,JSWENERGY,JSWENERGY-EQ,EQ,INE121E01018,1,0.05,2,,,0,0.00,,179680,496.50,606.80,,,17869,1,
NSE,CM,NSECM,14900,SAHYADRI INDUSTRIES LTD,SAHYADRI,SAHYADRI-EQ,EQ,INE280H01015,1,0.05,2,,,0,0.00,,355545,225.00,337.50,2300,Final Dividend - Rs. - 1.5000;07 Aug 2026,14900,1,
NSE,CM,NSECM,25606,MOTILALAMC - MOMENTUM50,MOMENTUM50,MOMENTUM50-EQ,EQ,INF247L01DK8,1,0.01,2,,,0,0.00,,1915646,41.76,62.64,,,25606,1,
NSE,CM,NSECM,14180,NMDC STEEL LIMITED,NSLNISP,NSLNISP-EQ,EQ,INE0NNS01018,1,0.01,2,,,0,0.00,,2414818,33.13,49.69,2100,,14180,1,
NSE,CM,NSECM,7053,ACCELYA SOLN INDIA LTD,ACCELYA,ACCELYA-EQ,EQ,INE793A01012,1,0.10,2,,,0,0.00,,86287,927.20,1390.60,,,7053,1,
NSE,CM,NSECM,758858,ADITYA INFOTECH LIMITED,CPPLUS,CPPLUS-EQ,EQ,INE819V01029,1,0.10,2,,,0,0.00,,28165,3366.30,3720.50,201;2100,,758858,1,
NSE,CM,NSECM,5426,NUVOCO VISTAS CORP LTD,NUVOCO,NUVOCO-EQ,EQ,INE118D01016,1,0.05,2,,,0,0.00,,280723,284.85,427.25,,,5426,1,
NSE,CM,NSECM,2809,RAJSHREE SUGAR & CHEMICAL,RAJSREESUG,RAJSREESUG-EQ,EQ,INE562B01019,1,0.01,2,,,0,0.00,,1083533,23.98,35.96,2100;2300,,2809,1,
NSE,CM,NSECM,9931,VIKAS LIFECARE LIMITED,VIKASLIFE,VIKASLIFE-EQ,EQ,INE161L01027,1,0.01,2,,,0,0.00,,60745760,1.18,1.44,2200,,9931,1,
NSE,CM,NSECM,7627,SHREE RAMA MULTI TECH LTD,SHREERAMA,SHREERAMA-EQ,EQ,INE879A01019,1,0.01,2,,,0,0.00,,2488776,32.15,48.21,,,7627,1,
NSE,CM,NSECM,29459,MOSCHIP TECHNOLOGIES LTD,MOSCHIP,MOSCHIP-EQ,EQ,INE935B01025,1,0.01,2,,,0,0.00,,431359,185.44,278.14,2100,,29459,1,
NSE,CM,NSECM,17313,LLOYDS METALS N ENERGY L,LLOYDSME,LLOYDSME-EQ,EQ,INE281B01032,1,0.10,2,,,0,0.00,,51212,1552.40,2328.60,,,17313,1,
NSE,CM,NSECM,14385,PONDY OXIDES & CHEM LTD,POCL,POCL-EQ,EQ,INE063E01061,1,0.10,2,,,0,0.00,,190007,421.00,631.40,,Stock  Split From Rs.5/- to Rs.2/-;21 Jul 2026,14385,1,
NSE,CM,NSECM,6943,TARSONS PRODUCTS LIMITED,TARSONS,TARSONS-EQ,EQ,INE144Z01023,1,0.05,2,,,0,0.00,,319715,250.20,375.30,501;2100,,6943,1,
NSE,CM,NSECM,760482,WEALTH - TWCGOLDETF,TWCGOLDETF,TWCGOLDETF-EQ,EQ,INF2F0001370,1,0.01,2,,,0,0.00,,55107,114.42,171.62,,,760482,1,
NSE,CM,NSECM,15347,GSS INFOTECH LIMITED,GSS,GSS-EQ,EQ,INE871H01011,1,0.01,2,,,0,0.00,,855327,10.90,13.32,2200;2300;4200;4300,,15347,1,
NSE,CM,NSECM,15146,JYOTHY LABS LIMITED,JYOTHYLAB,JYOTHYLAB-EQ,EQ,INE668F01031,1,0.01,2,,,0,0.00,,503450,158.86,238.28,,,15146,1,
NSE,CM,NSECM,18250,PYRAMID TECHNOPLAST LTD,PYRAMID,PYRAMID-EQ,EQ,INE0MIS01010,1,0.01,2,,,0,0.00,,608971,131.37,197.05,,,18250,1,
NSE,CM,NSECM,5475,GARDEN REACH SHIP&ENG LTD,GRSE,GRSE-EQ,EQ,INE382Z01011,1,0.10,2,,,0,0.00,,38946,2052.70,3078.90,,,5475,1,
NSE,CM,NSECM,20152,ASK AUTOMOTIVE LIMITED,ASKAUTOLTD,ASKAUTOLTD-EQ,EQ,INE491J01022,1,0.05,2,,,0,0.00,,196155,407.45,611.15,,Final Dividend - Rs. - 1.8500;31 Jul 2026,20152,1,
NSE,CM,NSECM,13951,PARAMOUNT COMM LTD,PARACABLES,PARACABLES-EQ,EQ,INE074B01023,1,0.01,2,,,0,0.00,,1622189,55.48,67.80,201,,13951,1,
NSE,CM,NSECM,4566,RUCHI INFRASTRUCTURE LTD,RUCHINFRA,RUCHINFRA-EQ,EQ,INE413B01023,1,0.01,2,,,0,0.00,,7718014,4.80,7.18,2300,,4566,1,
NSE,CM,NSECM,3570,UCAL LIMITED,UCAL,UCAL-EQ,EQ,INE139B01016,1,0.01,2,,,0,0.00,,723114,91.92,137.88,201;2200,,3570,1,
NSE,CM,NSECM,760073,JAYKAY ENTERPRISES LTD,JAYKAY,JAYKAY-EQ,EQ,INE903A01025,1,0.01,2,,,0,0.00,,605442,132.13,198.19,,,760073,1,
NSE,CM,NSECM,11868,63 MOONS TECHNOLOGIES LTD,63MOONS,63MOONS-EQ,EQ,INE111B01023,1,0.05,2,,,0,0.00,,141137,566.65,849.95,2200,,11868,1,
NSE,CM,NSECM,760054,MOTILALAMC - MOMNC,MOMNC,MOMNC-EQ,EQ,INF247L01GK1,1,0.01,2,,,0,0.00,,24523,25.87,38.79,,,760054,1,
NSE,CM,NSECM,1628,MRS BECTORS FOOD SPE LTD,BECTORFOOD,BECTORFOOD-EQ,EQ,INE495P01020,1,0.01,2,,,0,0.00,,483816,165.31,247.95,501,,1628,1,
NSE,CM,NSECM,11591,HDFCAMC - HDFCNIFTY,HDFCNIFTY,HDFCNIFTY-EQ,EQ,INF179KC1965,1,0.01,2,,,0,0.00,,372071,214.98,322.46,,,11591,1,
NSE,CM,NSECM,5435,APTUS VALUE HSG FIN I LTD,APTUS,APTUS-EQ,EQ,INE852O01025,1,0.05,2,,,0,0.00,,360533,221.75,332.55,,,5435,1,
NSE,CM,NSECM,761528,INNOVISION LIMITED,INNOVISION,INNOVISION-EQ,EQ,INE0ADB01012,1,0.05,2,,,0,0.00,,350506,228.25,342.35,,,761528,1,
NSE,CM,NSECM,17053,HMA AGRO INDUSTRIES LTD,HMAAGRO,HMAAGRO-EQ,EQ,INE0ECP01024,1,0.01,2,,,0,0.00,,4685701,17.08,25.60,,,17053,1,
NSE,CM,NSECM,13421,EMKAY GLOBAL FIN SERV LTD,EMKAY,EMKAY-EQ,EQ,INE296H01011,1,0.05,2,,,0,0.00,,417531,191.60,287.40,,Final Dividend - Rs. - 1.5000;03 Aug 2026,13421,1,
NSE,CM,NSECM,764180,UTIAMC - LIQUIDBETA,LIQUIDBETA,LIQUIDBETA-EQ,EQ,INF789F1AG68,1,0.01,2,,,0,0.00,,9972,951.13,1051.23,,,764180,1,
NSE,CM,NSECM,21275,SUMMIT SECURITIES LTD,SUMMITSEC,SUMMITSEC-EQ,EQ,INE519C01017,1,0.10,2,,,0,0.00,,67437,1186.30,1779.30,,,21275,1,
NSE,CM,NSECM,759951,JARO INS OF TEC MG N RE L,JARO,JARO-EQ,EQ,INE00YJ01010,1,0.05,2,,,0,0.00,,210209,380.60,570.80,,Final Dividend - Rs. - 3.0000;21 Jul 2026,759951,1,
NSE,CM,NSECM,17839,GILLANDERS ARBUTHNOT LTD,GILLANDERS,GILLANDERS-EQ,EQ,INE047B01011,1,0.01,2,,,0,0.00,,697893,70.39,105.57,2300,,17839,1,
NSE,CM,NSECM,13236,SADBHAV ENGINEERING LTD,SADBHAV,SADBHAV-EQ,EQ,INE226H01026,1,0.01,2,,,0,0.00,,5610364,7.11,8.69,700,,13236,1,
NSE,CM,NSECM,193,ARVIND LIMITED,ARVIND,ARVIND-EQ,EQ,INE034A01011,1,0.05,2,,,0,0.00,,189525,421.80,632.60,3500;4100,,193,1,
NSE,CM,NSECM,827,DEEPAK FERTILIZERS & PETR,DEEPAKFERT,DEEPAKFERT-EQ,EQ,INE501A01019,1,0.10,2,,,0,0.00,,63496,1258.60,1887.80,,,827,1,
NSE,CM,NSECM,10925,GODREJ INDUSTRIES LTD,GODREJIND,GODREJIND-EQ,EQ,INE233A01035,1,0.10,2,,,0,0.00,,74769,1065.80,1598.60,,,10925,1,
NSE,CM,NSECM,762777,MAJESTIC AUTO LTD.,MAJESAUT,MAJESAUT-EQ,EQ,INE201B01022,1,0.05,2,,,0,0.00,,236510,338.25,507.35,,Final Dividend - Rs. - 25.0000;10 Aug 2026,762777,1,
NSE,CM,NSECM,13198,ICICIPRAMC - ICICICOMMO,COMMOIETF,COMMOIETF-EQ,EQ,INF109KC19O8,1,0.01,2,,,0,0.00,,435422,79.78,119.66,,,13198,1,
NSE,CM,NSECM,18571,GNA AXLES LIMITED,GNA,GNA-EQ,EQ,INE934S01014,1,0.05,2,,,0,0.00,,197223,405.60,608.40,201,,18571,1,
NSE,CM,NSECM,16827,KOKUYO CAMLIN LIMITED,KOKUYOCMLN,KOKUYOCMLN-EQ,EQ,INE760A01029,1,0.01,2,,,0,0.00,,1192310,67.10,100.64,,Final Dividend - Rs. - 0.3000;30 Jul 2026,16827,1,
NSE,CM,NSECM,7420,MANAK ALUMINIUM CO. LTD.,MANAKALUCO,MANAKALUCO-EQ,EQ,INE859Q01017,1,0.01,2,,,0,0.00,,2142962,28.19,42.27,4100;4200;4300,,7420,1,
NSE,CM,NSECM,7411,NILA SPACES LIMITED,NILASPACES,NILASPACES-EQ,EQ,INE00S901012,1,0.01,2,,,0,0.00,,8410321,9.52,14.26,,,7411,1,
NSE,CM,NSECM,24856,SARASWATI SAREE DEPOT LTD,SSDL,SSDL-EQ,EQ,INE0PQ101010,1,0.01,2,,,0,0.00,,1294912,41.98,62.96,,,24856,1,
NSE,CM,NSECM,637,CHAMBAL FERTILIZERS LTD,CHAMBLFERT,CHAMBLFERT-EQ,EQ,INE085A01013,1,0.05,2,,,0,0.00,,231976,344.80,517.20,,Final Dividend - Rs. - 6.0000;11 Aug 2026,637,1,
NSE,CM,NSECM,14309,INDIAN BANK,INDIANB,INDIANB-EQ,EQ,INE562A01011,1,0.05,2,,,0,0.00,,119878,743.50,908.70,,,14309,1,
NSE,CM,NSECM,761046,MIRAEAMC - DEFENCE,DEFENCE,DEFENCE-EQ,EQ,INF769K01QC2,1,0.01,2,,,0,0.00,,591191,62.44,93.64,,,761046,1,
NSE,CM,NSECM,4522,SIGNET INDUSTRIES LIMITED,SIGIND,SIGIND-EQ,EQ,INE529F01035,1,0.01,2,,,0,0.00,,962588,35.66,53.48,2300,,4522,1,
NSE,CM,NSECM,14871,UDAYSHIVAKUMAR INFRA LTD,USK,USK-EQ,EQ,INE0N0Y01013,1,0.01,2,,,0,0.00,,1810177,19.58,23.92,2100;2300,,14871,1,
NSE,CM,NSECM,762685,FRONTIER SPRINGS LTD.,FRONTSP,FRONTSP-EQ,EQ,INE572D01014,1,0.10,2,,,0,0.00,,75252,1063.10,1594.50,,,762685,1,
NSE,CM,NSECM,17271,SENCO GOLD LIMITED,SENCO,SENCO-EQ,EQ,INE602W01027,1,0.05,2,,,0,0.00,,261157,306.30,459.40,,,17271,1,
NSE,CM,NSECM,762239,GSP CROP SCIENCE LIMITED,GSPCROP,GSPCROP-EQ,EQ,INE713R01022,1,0.05,2,,,0,0.00,,188492,424.40,636.60,2900;3200,,762239,1,
NSE,CM,NSECM,15716,POWER INSTRUMENT (G) LTD,PIGL,PIGL-EQ,EQ,INE557Z01018,1,0.01,2,,,0,0.00,,686009,84.24,126.34,,,15716,1,
NSE,CM,NSECM,8477,XELPMOC DESIGN & TECH LTD,XELPMOC,XELPMOC-EQ,EQ,INE01P501012,1,0.01,2,,,0,0.00,,483942,64.96,97.42,1500;2200;2300,,8477,1,
NSE,CM,NSECM,11779,ACE INTEGRATED SOLU. LTD.,ACEINTEG,ACEINTEG-EQ,EQ,INE543V01017,1,0.01,2,,,0,0.00,,333538,15.76,23.64,2200;2300,,11779,1,
NSE,CM,NSECM,13966,HBL ENGINEERING LTD,HBLENGINE,HBLENGINE-EQ,EQ,INE292B01021,1,0.05,2,,,0,0.00,,143031,558.90,838.30,,,13966,1,
NSE,CM,NSECM,750290,VEDANTA IRON AND STEEL L,VISL,VISL-EQ,EQ,INE1CLE01013,1,0.01,2,,,0,0.00,,3292545,28.84,31.86,201;2200,,750290,1,
NSE,CM,NSECM,762772,MAFATLAL INDUSTRIES LTD.,MAFATIND,MAFATIND-EQ,EQ,INE270B01035,1,0.01,2,,,0,0.00,,752380,106.32,159.48,,Final Dividend - Rs. - 1.2500;31 Jul 2026,762772,1,
NSE,CM,NSECM,3972,PARAS PETROFILS LTD.,PARASPETRO,PARASPETRO-EQ,EQ,INE162C01024,1,0.01,2,,,0,0.00,,10929025,1.80,2.18,2200;4100,,3972,1,
NSE,CM,NSECM,14223,TECHNOCRAFT IND LTD,TIIL,TIIL-EQ,EQ,INE545H01011,1,0.10,2,,,0,0.00,,38950,2053.20,3079.80,,,14223,1,
NSE,CM,NSECM,25800,GARUDA CONSTRUCT N ENG L,GARUDA,GARUDA-EQ,EQ,INE0JVO01026,1,0.01,2,,,0,0.00,,572391,139.76,209.62,,,25800,1,
NSE,CM,NSECM,19196,TILAKNAGAR INDUSTRIES LTD,TI,TI-EQ,EQ,INE133E01013,1,0.05,2,,,0,0.00,,226190,353.45,530.15,2100,,19196,1,
NSE,CM,NSECM,1023,FEDERAL BANK LTD,FEDERALBNK,FEDERALBNK-EQ,EQ,INE171A01029,1,0.05,2,,,0,0.00,,281388,318.90,389.70,,Final Dividend - Rs. - 1.2000;14 Aug 2026,1023,1,
NSE,CM,NSECM,1485,IFB INDUSTRIES LTD,IFBIND,IFBIND-EQ,EQ,INE559A01017,1,0.10,2,,,0,0.00,,76660,1043.30,1564.90,,,1485,1,
NSE,CM,NSECM,3405,TATA CHEMICALS LTD,TATACHEM,TATACHEM-EQ,EQ,INE092A01019,1,0.05,2,,,0,0.00,,145719,548.30,822.40,2200,,3405,1,
NSE,CM,NSECM,471,OSWAL GREENTECH LIMITED,OSWALGREEN,OSWALGREEN-EQ,EQ,INE143A01010,1,0.01,2,,,0,0.00,,4828524,16.57,24.85,2200,,471,1,
NSE,CM,NSECM,21808,SBI LIFE INSURANCE CO LTD,SBILIFE,SBILIFE-EQ,EQ,INE123W01016,1,0.10,2,,,0,0.00,,53167,1672.80,2044.40,2100,,21808,1,
NSE,CM,NSECM,13510,AKASH INFRA-PROJECTS LTD,AKASH,AKASH-EQ,EQ,INE737W01013,1,0.01,2,,,0,0.00,,551403,21.56,32.34,2100;2300,,13510,1,
NSE,CM,NSECM,22846,GPT HEALTHCARE LIMITED,GPTHEALTH,GPTHEALTH-EQ,EQ,INE486R01017,1,0.01,2,,,0,0.00,,626405,127.72,191.56,,Final Dividend - Rs. - 1.5000;30 Jul 2026,22846,1,
NSE,CM,NSECM,20854,HAPPY FORGINGS LIMITED,HAPPYFORGE,HAPPYFORGE-EQ,EQ,INE330T01021,1,0.10,2,,,0,0.00,,61892,1454.00,1777.00,,,20854,1,
NSE,CM,NSECM,9879,CHEVIOT COMPANY LIMITED,CHEVIOT,CHEVIOT-EQ,EQ,INE974B01016,1,0.10,2,,,0,0.00,,86680,922.90,1384.30,2300,Final Dividend - Rs. - 25.0000;30 Jul 2026,9879,1,
NSE,CM,NSECM,29666,HEXAWARE TECHNOLOGIES LTD,HEXT,HEXT-EQ,EQ,INE093A01041,1,0.05,2,,,0,0.00,,180859,441.50,662.20,1600,,29666,1,
NSE,CM,NSECM,759876,FUJIYAMA POWER SYSTEMS L,UTLSOLAR,UTLSOLAR-EQ,EQ,INE12UR01024,1,0.05,2,,,0,0.00,,260251,345.45,422.15,201;2100,,759876,1,
NSE,CM,NSECM,3327,SUDARSHAN CHEMICAL INDS L,SUDARSCHEM,SUDARSCHEM-EQ,EQ,INE659A01023,1,0.05,2,,,0,0.00,,96003,832.85,1249.25,2100,,3327,1,
NSE,CM,NSECM,4732,SKM EGG PROD EXPORT(I) LT,SKMEGGPROD,SKMEGGPROD-EQ,EQ,INE411D01023,1,0.05,2,,,0,0.00,,307902,259.80,389.70,201,,4732,1,
NSE,CM,NSECM,5143,JAI CORP LIMITED,JAICORPLTD,JAICORPLTD-EQ,EQ,INE070D01027,1,0.01,2,,,0,0.00,,996691,80.27,120.39,,,5143,1,
NSE,CM,NSECM,759488,KOTAKMAMC - MOMENTUM30,MOMENTUM30,MOMENTUM30-EQ,EQ,INF174KA1XS6,1,0.01,2,,,0,0.00,,312700,24.17,36.25,,,759488,1,
NSE,CM,NSECM,17400,NHPC LTD,NHPC,NHPC-EQ,EQ,INE848E01016,1,0.01,2,,,0,0.00,,1255628,71.46,87.32,,,17400,1,
NSE,CM,NSECM,24292,VST TILLERS TRACTORS LTD,VSTTILLERS,VSTTILLERS-EQ,EQ,INE764D01017,1,0.10,2,,,0,0.00,,22634,3533.40,5300.00,,,24292,1,
NSE,CM,NSECM,1190,FEDERAL-MOGUL GOETZE (IND,FMGOETZE,FMGOETZE-EQ,EQ,INE529A01010,1,0.05,2,,,0,0.00,,208786,383.10,574.60,,,1190,1,
NSE,CM,NSECM,758572,GLOBE CIVIL PROJECTS LTD,GLOBECIVIL,GLOBECIVIL-EQ,EQ,INE0V3U01015,1,0.01,2,,,0,0.00,,1952810,31.40,47.10,2300;4300,,758572,1,
NSE,CM,NSECM,18457,HITACHI ENERGY INDIA LTD,POWERINDIA,POWERINDIA-EQ,EQ,INE07Y701011,1,5.00,2,,,0,0.00,,3208,27965.00,34175.00,2100;3500;4100,Final Dividend - Rs. - 8.0000;21 Aug 2026,18457,1,
NSE,CM,NSECM,24461,MIRAEAMC - EVINDIA,EVINDIA,EVINDIA-EQ,EQ,INF769K01LQ3,1,0.01,2,,,0,0.00,,1809851,25.41,38.11,,,24461,1,
NSE,CM,NSECM,6385,COUNTRY CLUB HOSP HOL LTD,CCHHL,CCHHL-EQ,EQ,INE652F01027,1,0.01,2,,,0,0.00,,5345295,10.20,15.28,2200;2300,,6385,1,
NSE,CM,NSECM,762747,KILBURN ENGINEERING LTD.,KLBRENG-B,KLBRENG-B-EQ,EQ,INE338F01015,1,0.05,2,,,0,0.00,,227507,351.60,527.40,,,762747,1,
NSE,CM,NSECM,16908,TOUCHWOOD ENTERTAIN LTD.,TOUCHWOOD,TOUCHWOOD-EQ,EQ,INE486Y01013,1,0.01,2,,,0,0.00,,362355,53.84,80.74,2300,,16908,1,
NSE,CM,NSECM,14361,APOLLO PIPES LIMITED,APOLLOPIPE,APOLLOPIPE-EQ,EQ,INE126J01016,1,0.05,2,,,0,0.00,,203942,392.25,588.35,2100;3500;4100,,14361,1,
NSE,CM,NSECM,14003,ZEE MEDIA CORPORATION LTD,ZEEMEDIA,ZEEMEDIA-EQ,EQ,INE966H01019,1,0.01,2,,,0,0.00,,12546723,7.18,8.76,2100,,14003,1,
NSE,CM,NSECM,24308,ALLIED BLEND N DISTILS L,ABDL,ABDL-EQ,EQ,INE552Z01027,1,0.05,2,,,0,0.00,,160832,558.70,682.80,2100,,24308,1,
NSE,CM,NSECM,4568,ATLAS CYCLE (HARYANA) LTD,ATLASCYCLE,ATLASCYCLE-EQ,EQ,INE446A01025,1,0.01,2,,,0,0.00,,212674,87.39,106.81,2200;2300,,4568,1,
NSE,CM,NSECM,759747,SHIV AUM STEELS LIMITED,SHIVAUM,SHIVAUM-EQ,EQ,INE719F01016,1,0.05,2,,,0,0.00,,255577,352.15,430.35,2100;2300,,759747,1,
NSE,CM,NSECM,4344,PUNJAB CHEM & CROP PROT L,PUNJABCHEM,PUNJABCHEM-EQ,EQ,INE277B01014,1,0.10,2,,,0,0.00,,89157,897.30,1345.90,,,4344,1,
NSE,CM,NSECM,17358,UTKARSH SMALL FIN BANK L,UTKARSHBNK,UTKARSHBNK-EQ,EQ,INE735W01017,1,0.01,2,,,0,0.00,,6918787,11.56,17.34,2200,,17358,1,
NSE,CM,NSECM,2049,CHENNAI PETROLEUM CORP LT,CHENNPETRO,CHENNPETRO-EQ,EQ,INE178A01016,1,0.10,2,,,0,0.00,,82198,971.90,1457.70,,Final Dividend - Rs. - 54.0000;07 Aug 2026,2049,1,
NSE,CM,NSECM,760673,GROWWAMC - GROWWCHEM,GROWWCHEM,GROWWCHEM-EQ,EQ,INF666M01NP5,1,0.01,2,,,0,0.00,,122805,24.08,36.10,,,760673,1,
NSE,CM,NSECM,24909,INTERARCH BLDNG SOLTN LTD,INTERARCH,INTERARCH-EQ,EQ,INE00M901018,1,0.10,2,,,0,0.00,,55564,1439.50,2159.10,,,24909,1,
NSE,CM,NSECM,17424,GLOBUS SPIRITS LTD,GLOBUSSPR,GLOBUSSPR-EQ,EQ,INE615I01010,1,0.05,2,,,0,0.00,,113557,704.40,1056.50,,,17424,1,
NSE,CM,NSECM,15330,QUANTUM GOLD FUND,QGOLDHALF,QGOLDHALF-EQ,EQ,INF082J01408,1,0.01,2,,,0,0.00,,840674,95.16,142.74,,,15330,1,
NSE,CM,NSECM,12219,KEYSTONE REALTORS LIMITED,RUSTOMJEE,RUSTOMJEE-EQ,EQ,INE263M01029,1,0.05,2,,,0,0.00,,250081,319.80,479.70,2100,,12219,1,
NSE,CM,NSECM,22675,CAPITAL SMALL FIN BANK L,CAPITALSFB,CAPITALSFB-EQ,EQ,INE646H01017,1,0.05,2,,,0,0.00,,342462,233.60,350.40,,,22675,1,
NSE,CM,NSECM,3834,BHARAT RASAYAN LTD,BHARATRAS,BHARATRAS-EQ,EQ,INE838B01021,1,0.10,2,,,0,0.00,,79281,1008.90,1513.30,,,3834,1,
NSE,CM,NSECM,3324,SUBROS LIMITED,SUBROS,SUBROS-EQ,EQ,INE287B01021,1,0.05,2,,,0,0.00,,127861,625.60,938.30,,,3324,1,
NSE,CM,NSECM,16913,ARTEMIS MED SERVICE LTD,ARTEMISMED,ARTEMISMED-EQ,EQ,INE025R01021,1,0.05,2,,,0,0.00,,362520,220.60,330.90,1001,,16913,1,
NSE,CM,NSECM,14771,TARMAT LIMITED,TARMAT,TARMAT-EQ,EQ,INE924H01018,1,0.01,2,,,0,0.00,,819600,45.86,56.04,2300,,14771,1,
NSE,CM,NSECM,3646,VARDHMAN POLYTEX LTD.,VARDMNPOLY,VARDMNPOLY-EQ,EQ,INE835A01029,1,0.01,2,,,0,0.00,,15794720,4.81,7.21,,,3646,1,
NSE,CM,NSECM,5748,CYIENT LIMITED,CYIENT,CYIENT-EQ,EQ,INE136B01020,1,0.05,2,,,0,0.00,,119031,672.05,1008.05,,,5748,1,
NSE,CM,NSECM,758563,ELLENBARRIE INDUS GASES L,ELLEN,ELLEN-EQ,EQ,INE236E01022,1,0.05,2,,,0,0.00,,355579,253.10,309.30,4200;4300,,758563,1,
NSE,CM,NSECM,708,SHRADHA REALTY LIMITED,SHRADHA,SHRADHA-EQ,EQ,INE715Y01031,1,0.01,2,,,0,0.00,,2648619,27.84,41.74,501,,708,1,
NSE,CM,NSECM,3348,SUNFLAG IRON AND STEEL CO,SUNFLAG,SUNFLAG-EQ,EQ,INE947A01014,1,0.05,2,,,0,0.00,,286728,313.85,383.55,201,,3348,1,
NSE,CM,NSECM,16863,LANDMARK PR.DEV.CO.LTD,LPDC,LPDC-EQ,EQ,INE197J01017,1,0.01,2,,,0,0.00,,4386480,5.49,6.71,2100;2300,,16863,1,
NSE,CM,NSECM,750174,VEDANTA ALUMINIUM METAL L,VAML,VAML-EQ,EQ,INE1CDF01017,1,0.05,2,,,0,0.00,,226801,348.50,522.70,2200,,750174,1,
NSE,CM,NSECM,762909,SHRI KRISHNA DEVCON LTD.,SHRIKRISH,SHRIKRISH-EQ,EQ,INE997I01012,1,0.01,2,,,0,0.00,,915598,31.46,47.18,2300,,762909,1,
NSE,CM,NSECM,29590,JUBILANT AGRI N CON PRO L,JUBLCPL,JUBLCPL-EQ,EQ,INE03CC01015,1,0.10,2,,,0,0.00,,54002,1481.20,2221.80,,,29590,1,
NSE,CM,NSECM,20830,MOIL LIMITED,MOIL,MOIL-EQ,EQ,INE490G01020,1,0.05,2,,,0,0.00,,371766,215.10,322.60,,,20830,1,
NSE,CM,NSECM,17527,MAHAMAYA STEEL INDS LTD,MAHASTEEL,MAHASTEEL-EQ,EQ,INE451L01014,1,0.05,2,,,0,0.00,,132032,605.90,908.80,201;2100;2300,,17527,1,
NSE,CM,NSECM,760865,OMNITECH ENGINEERING LTD,OMNI,OMNI-EQ,EQ,INE0UH301010,1,0.05,2,,,0,0.00,,163361,489.60,734.40,2100;3500;3600;3900,,760865,1,
NSE,CM,NSECM,15360,NAHAR CAP & FIN.,NAHARCAP,NAHARCAP-EQ,EQ,INE049I01012,1,0.01,2,,,0,0.00,,407600,196.27,294.39,2300,,15360,1,
NSE,CM,NSECM,20551,DOMS INDUSTRIES LIMITED,DOMS,DOMS-EQ,EQ,INE321T01012,1,0.10,2,,,0,0.00,,44969,1776.80,2665.20,2100,,20551,1,
NSE,CM,NSECM,18562,MITTAL LIFE STYLE LIMITED,MITTAL,MITTAL-EQ,EQ,INE997Y01027,1,0.01,2,,,0,0.00,,7325345,0.73,1.09,4300,,18562,1,
NSE,CM,NSECM,2705,PRAJ INDUSTRIES LTD,PRAJIND,PRAJIND-EQ,EQ,INE074A01025,1,0.05,2,,,0,0.00,,308988,258.80,388.20,2100,Final Dividend - Rs. - 3.6000;06 Aug 2026,2705,1,
NSE,CM,NSECM,14398,AMD INDUSTRIES LIMITED,AMDIND,AMDIND-EQ,EQ,INE005I01014,1,0.01,2,,,0,0.00,,626751,39.75,59.61,201;2200;2300,,14398,1,
NSE,CM,NSECM,10181,BALKRISHNA PAPER MILLS L,BALKRISHNA,BALKRISHNA-EQ,EQ,INE875R01011,1,0.01,2,,,0,0.00,,1053577,14.04,21.04,100;2200;2300,,10181,1,
NSE,CM,NSECM,18232,LORDS CHLORO ALKALI LTD,LORDSCHLO,LORDSCHLO-EQ,EQ,INE846D01012,1,0.01,2,,,0,0.00,,670900,119.24,178.86,2300,,18232,1,
NSE,CM,NSECM,29050,ZUARI AGRO CHEMICALS LTD,ZUARI,ZUARI-EQ,EQ,INE840M01016,1,0.01,2,,,0,0.00,,454814,175.89,263.83,,,29050,1,
NSE,CM,NSECM,1214,DELTA MANUFACTURING LTD,DELTAMAGNT,DELTAMAGNT-EQ,EQ,INE393A01011,1,0.01,2,,,0,0.00,,354830,44.67,66.99,201;2300,,1214,1,
NSE,CM,NSECM,11236,JINDAL STAINLESS LIMITED,JSL,JSL-EQ,EQ,INE220G01021,1,0.05,2,,,0,0.00,,139325,571.40,857.10,,,11236,1,
NSE,CM,NSECM,18359,SANDUR MANG & IRON ORES L,SANDUMA,SANDUMA-EQ,EQ,INE149K01016,1,0.01,2,,,0,0.00,,512353,156.04,234.04,,Final Dividend - Rs. - 0.5000;12 Aug 2026,18359,1,
NSE,CM,NSECM,20874,RBZ JEWELLERS LIMITED,RBZJEWEL,RBZJEWEL-EQ,EQ,INE0PEQ01016,1,0.01,2,,,0,0.00,,709638,112.73,169.09,,,20874,1,
NSE,CM,NSECM,4838,ICICIPRAMC - ICICILIQ,LIQUIDIETF,LIQUIDIETF-EQ,EQ,INF109KC1KT9,1,0.01,2,,,0,0.00,,99995,950.00,1050.00,,,4838,1,
NSE,CM,NSECM,10578,MPS LIMITED,MPSLTD,MPSLTD-EQ,EQ,INE943D01017,1,0.10,2,,,0,0.00,,36092,2215.80,3323.60,501,,10578,1,
NSE,CM,NSECM,13288,ABANS FINANCIAL SRVCS LTD,AFSL,AFSL-EQ,EQ,INE00ZE01026,1,0.01,2,,,0,0.00,,497464,160.80,241.20,2300,,13288,1,
NSE,CM,NSECM,6286,GULSHAN POLYOLS LIMITED,GULPOLY,GULPOLY-EQ,EQ,INE255D01024,1,0.01,2,,,0,0.00,,512498,156.10,234.14,,,6286,1,
NSE,CM,NSECM,762824,NITTA GELATIN INDIA LTD.,NITTAGELA,NITTAGELA-EQ,EQ,INE265B01019,1,0.10,2,,,0,0.00,,52376,1527.20,2290.80,201,Final Dividend - Rs. - 7.0000;24 Jul 2026,762824,1,
NSE,CM,NSECM,8890,VERANDA LEARNING SOL LTD,VERANDA,VERANDA-EQ,EQ,INE0IQ001011,1,0.01,2,,,0,0.00,,427663,187.03,280.53,4100,,8890,1,
NSE,CM,NSECM,14008,AVT NATURAL PRODUCTS LTD,AVTNPL,AVTNPL-EQ,EQ,INE488D01021,1,0.01,2,,,0,0.00,,1428118,56.02,84.02,,Final Dividend - Rs. - 0.4500;10 Aug 2026,14008,1,
NSE,CM,NSECM,16933,INDBANK MERCH BANK,INDBANK,INDBANK-EQ,EQ,INE841B01017,1,0.01,2,,,0,0.00,,1451166,26.57,39.85,,,16933,1,
NSE,CM,NSECM,5631,PAR DRUGS AND CHEM LTD,PAR,PAR-EQ,EQ,INE04LG01015,1,0.01,2,,,0,0.00,,402360,75.04,112.54,,,5631,1,
NSE,CM,NSECM,757794,BRIGADE HOTEL VENTURE LTD,BRIGHOTEL,BRIGHOTEL-EQ,EQ,INE03NU01014,1,0.01,2,,,0,0.00,,1662190,48.13,72.19,,,757794,1,
NSE,CM,NSECM,759057,SAATVIK GREEN ENERGY LTD,SAATVIKGL,SAATVIKGL-EQ,EQ,INE13B501022,1,0.05,2,,,0,0.00,,226881,396.50,484.60,,,759057,1,
NSE,CM,NSECM,2181,BOSCH LIMITED,BOSCHLTD,BOSCHLTD-EQ,EQ,INE323A01026,1,5.00,2,,,0,0.00,,2387,37580.00,45930.00,,Final Dividend - Rs. - 270.0000;04 Aug 2026,2181,1,
NSE,CM,NSECM,3149,BOROSIL RENEWABLES LTD,BORORENEW,BORORENEW-EQ,EQ,INE666D01022,1,0.05,2,,,0,0.00,,172126,464.55,696.75,,,3149,1,
NSE,CM,NSECM,760715,HALDER VENTURE LIMITED,HALDER,HALDER-EQ,EQ,INE115S01010,1,0.01,2,,,0,0.00,,406726,187.64,281.44,2300,,760715,1,
NSE,CM,NSECM,758002,SHANTI GOLD INTERNATION L,SHANTIGOLD,SHANTIGOLD-EQ,EQ,INE06ZD01017,1,0.01,2,,,0,0.00,,473237,169.04,253.54,,,758002,1,
NSE,CM,NSECM,764255,CALIBER MINING AND LOG L,CMLL,CMLL-EQ,EQ,INE11XY01018,1,0.05,2,,,0,0.00,,189261,422.60,633.80,,,764255,1,
NSE,CM,NSECM,11723,JSW STEEL LIMITED,JSWSTEEL,JSWSTEEL-EQ,EQ,INE019A01038,1,0.10,2,,,0,0.00,,78253,1116.80,1364.80,,,11723,1,
NSE,CM,NSECM,15058,AVALON TECHNOLOGIES LTD,AVALON,AVALON-EQ,EQ,INE0LCL01028,1,0.10,2,,,0,0.00,,57369,1393.20,2089.80,2100;3300;3500;3900,,15058,1,
NSE,CM,NSECM,14511,BANSWARA SYNTEX LIMITED,BANSWRAS,BANSWRAS-EQ,EQ,INE629D01020,1,0.01,2,,,0,0.00,,781585,102.36,153.52,,Final Dividend - Rs. - 1.0000;23 Jul 2026,14511,1,
NSE,CM,NSECM,4747,INDIA NIPPON ELECT  LTD,INDNIPPON,INDNIPPON-EQ,EQ,INE092B01025,1,0.10,2,,,0,0.00,,83449,958.40,1437.60,3200;3300,,4747,1,
NSE,CM,NSECM,11654,DR. LAL PATH LABS LTD.,LALPATHLAB,LALPATHLAB-EQ,EQ,INE600L01024,1,0.10,2,,,0,0.00,,56828,1407.40,2111.00,2100,Interim Dividend - Rs. - 5.0000;30 Jul 2026,11654,1,
NSE,CM,NSECM,14245,TVS SRICHAKRA LIMITED,TVSSRICHAK,TVSSRICHAK-EQ,EQ,INE421C01016,1,0.10,2,,,0,0.00,,25221,3171.40,4757.00,,,14245,1,
NSE,CM,NSECM,759084,URBAN COMPANY LIMITED,URBANCO,URBANCO-EQ,EQ,INE0CAZ01013,1,0.01,2,,,0,0.00,,769547,103.81,155.71,2200,,759084,1,
NSE,CM,NSECM,11618,ASTRA MICROWAVE LTD,ASTRAMICRO,ASTRAMICRO-EQ,EQ,INE386C01029,1,0.10,2,,,0,0.00,,55067,1450.80,2176.00,201;2100,,11618,1,
NSE,CM,NSECM,7902,LAKSHMI FIN IND CORP LTD,LFIC,LFIC-EQ,EQ,INE850E01012,1,0.01,2,,,0,0.00,,98098,114.64,171.96,2300,,7902,1,
NSE,CM,NSECM,17963,NESTLE INDIA LIMITED,NESTLEIND,NESTLEIND-EQ,EQ,INE239A01024,1,0.10,2,,,0,0.00,,67490,1299.20,1587.80,2100,,17963,1,
NSE,CM,NSECM,13816,LT FOODS LIMITED,LTFOODS,LTFOODS-EQ,EQ,INE818H01020,1,0.05,2,,,0,0.00,,265994,300.50,450.70,,,13816,1,
NSE,CM,NSECM,17094,CROMPT GREA CON ELEC LTD,CROMPTON,CROMPTON-EQ,EQ,INE299U01018,1,0.05,2,,,0,0.00,,399226,225.15,275.15,2200,Final Dividend - Rs. - 3.0000;24 Jul 2026,17094,1,
NSE,CM,NSECM,936,D. P. ABHUSHAN LIMITED,DPABHUSHAN,DPABHUSHAN-EQ,EQ,INE266Y01019,1,0.05,2,,,0,0.00,,75285,1062.45,1593.65,201,,936,1,
NSE,CM,NSECM,22930,PLATINUM INDUSTRIES LTD,PLATIND,PLATIND-EQ,EQ,INE0PT501018,1,0.01,2,,,0,0.00,,438903,182.26,273.38,,,22930,1,
NSE,CM,NSECM,11705,XCHANGING SOLUTIONS LTD,XCHANGING,XCHANGING-EQ,EQ,INE692G01013,1,0.01,2,,,0,0.00,,1561433,51.24,76.84,,Final Dividend - Rs. - 2.0000;14 Aug 2026,11705,1,
NSE,CM,NSECM,7242,METRO BRANDS LIMITED,METROBRAND,METROBRAND-EQ,EQ,INE317I01021,1,0.10,2,,,0,0.00,,97848,817.60,1226.20,2100,,7242,1,
NSE,CM,NSECM,15039,CERA SANITARYWARE LTD,CERA,CERA-EQ,EQ,INE739E01017,1,0.50,2,,,0,0.00,,16611,4814.00,7220.00,,,15039,1,
NSE,CM,NSECM,759448,SHREEJI SHIPPING GLOBAL L,SHREEJISPG,SHREEJISPG-EQ,EQ,INE1B6101010,1,0.05,2,,,0,0.00,,159658,563.25,688.35,2100;3200;3300;4100,,759448,1,
NSE,CM,NSECM,1455,BIRLANU LIMITED,BIRLANU,BIRLANU-EQ,EQ,INE557A01011,1,0.10,2,,,0,0.00,,73967,1081.60,1622.20,2200,Final Dividend - Rs. - 15.0000;30 Jul 2026,1455,1,
NSE,CM,NSECM,762727,INDIAN WOOD PRODUCTS CO L,IWP,IWP-EQ,EQ,INE586E01020,1,0.01,2,,,0,0.00,,2091906,25.89,38.83,2300,,762727,1,
NSE,CM,NSECM,757834,R M DRIP & SPRINK SYS LTD,RMDRIP,RMDRIP-EQ,EQ,INE219Y01026,1,0.01,2,,,0,0.00,,5521578,17.21,19.01,4000;4100;4200,,757834,1,
NSE,CM,NSECM,245,ARCHIDPLY DECOR LIMITED,ADL,ADL-EQ,EQ,INE0CHO01012,1,0.01,2,,,0,0.00,,182015,58.80,88.18,201;2100;2300,,245,1,
NSE,CM,NSECM,3403,AJOONI BIOTECH LIMITED,AJOONI,AJOONI-EQ,EQ,INE820Y01021,1,0.01,2,,,0,0.00,,5632364,3.23,4.83,,,3403,1,
NSE,CM,NSECM,17702,ICICI PRUD MIDCAP SEL ETF,MIDSELIETF,MIDSELIETF-EQ,EQ,INF109KC10W0,1,0.01,2,,,0,0.00,,1875170,15.20,22.80,,,17702,1,
NSE,CM,NSECM,19438,ASIAN HOTELS (EAST) LTD,AHLEAST,AHLEAST-EQ,EQ,INE926K01017,1,0.01,2,,,0,0.00,,565437,116.99,175.47,2200;2300,,19438,1,
NSE,CM,NSECM,14450,EMBASSY DEVELOPMENTS LTD,EMBDL,EMBDL-EQ,EQ,INE069I01010,1,0.01,2,,,0,0.00,,1632602,55.09,67.33,1001;1500;2200,,14450,1,
NSE,CM,NSECM,14966,CSB BANK LIMITED,CSBBANK,CSBBANK-EQ,EQ,INE679A01013,1,0.05,2,,,0,0.00,,293190,272.75,409.05,,,14966,1,
NSE,CM,NSECM,17933,BEARDSELL LIMITED,BEARDSELL,BEARDSELL-EQ,EQ,INE520H01022,1,0.01,2,,,0,0.00,,1289588,22.12,33.16,2300,,17933,1,
NSE,CM,NSECM,13796,MANALI PETROCHEMICALS LT,MANALIPETC,MANALIPETC-EQ,EQ,INE201A01024,1,0.01,2,,,0,0.00,,1497596,53.42,80.12,,,13796,1,
NSE,CM,NSECM,762829,PIONEER INVESTCORP LTD.,PIONRINV,PIONRINV-EQ,EQ,INE746D01014,1,0.01,2,,,0,0.00,,402107,75.32,112.96,1401;2300,,762829,1,
NSE,CM,NSECM,17794,SOMI CONVEYOR BELT. LTD.,SOMICONVEY,SOMICONVEY-EQ,EQ,INE323J01019,1,0.01,2,,,0,0.00,,385193,77.85,116.77,,,17794,1,
NSE,CM,NSECM,14428,NIP IND ETF GOLD BEES,GOLDBEES,GOLDBEES-EQ,EQ,INF204KB17I5,1,0.01,2,,,0,0.00,,840885,94.99,142.47,,,14428,1,
NSE,CM,NSECM,3507,MIRAEAMC - MAFANG,MAFANG,MAFANG-EQ,EQ,INF769K01HF4,1,0.01,2,,,0,0.00,,623204,128.36,192.54,,,3507,1,
NSE,CM,NSECM,9867,NEXT MEDIAWORKS LIMITED,NEXTMEDIA,NEXTMEDIA-EQ,EQ,INE747B01016,1,0.01,2,,,0,0.00,,2187397,3.19,4.77,100;2200;2300,,9867,1,
NSE,CM,NSECM,7218,SBIAMC - SBIETFQLTY,SBIETFQLTY,SBIETFQLTY-EQ,EQ,INF200KA1WX6,1,0.01,2,,,0,0.00,,119946,175.64,263.46,,,7218,1,
NSE,CM,NSECM,15295,VIRINCHI LIMITED,VIRINCHI,VIRINCHI-EQ,EQ,INE539B01017,1,0.01,2,,,0,0.00,,3585452,13.98,17.08,2200;2300,,15295,1,
NSE,CM,NSECM,761056,BONLON INDUSTRIES LIMITED,BONLON,BONLON-EQ,EQ,INE0B9A01018,1,0.01,2,,,0,0.00,,463794,38.88,42.96,2300,,761056,1,
NSE,CM,NSECM,757801,INDOGULF CROPSCIENCES LTD,IGCL,IGCL-EQ,EQ,INE05J901018,1,0.01,2,,,0,0.00,,1341359,59.64,89.46,,,757801,1,
NSE,CM,NSECM,13631,SKY GOLD AND DIAMONDS LTD,SKYGOLD,SKYGOLD-EQ,EQ,INE01IU01018,1,0.05,2,,,0,0.00,,152859,523.00,784.40,3200;3300;4100,,13631,1,
NSE,CM,NSECM,9590,POLYCAB INDIA LIMITED,POLYCAB,POLYCAB-EQ,EQ,INE455K01017,1,0.50,2,,,0,0.00,,11145,8017.00,9798.00,,,9590,1,
NSE,CM,NSECM,40,AEGIS LOGISTICS LIMITED,AEGISLOG,AEGISLOG-EQ,EQ,INE208C01025,1,0.10,2,,,0,0.00,,74059,1214.70,1484.50,201,,40,1,
NSE,CM,NSECM,13702,VISHWARAJ SUGAR IND LTD,VISHWARAJ,VISHWARAJ-EQ,EQ,INE430N01022,1,0.01,2,,,0,0.00,,7122964,4.68,5.70,2200,,13702,1,
NSE,CM,NSECM,277,GENERAL INS CORP OF INDIA,GICRE,GICRE-EQ,EQ,INE481Y01014,1,0.05,2,,,0,0.00,,278948,286.00,429.00,,,277,1,
NSE,CM,NSECM,757767,SAMBHV STEEL TUBES LTD,SAMBHV,SAMBHV-EQ,EQ,INE12NJ01018,1,0.01,2,,,0,0.00,,862502,92.74,139.10,,,757767,1,
NSE,CM,NSECM,24226,STANLEY LIFESTYLES LTD,STANLEY,STANLEY-EQ,EQ,INE01A001028,1,0.01,2,,,0,0.00,,649974,123.08,184.62,2100;4300,,24226,1,
NSE,CM,NSECM,761821,AARNAV FASHIONS LIMITED,AARNAV,AARNAV-EQ,EQ,INE750R01016,1,0.01,2,,,0,0.00,,1381202,22.66,33.98,501,,761821,1,
NSE,CM,NSECM,19322,HISAR METAL IND. LIMITED,HISARMETAL,HISARMETAL-EQ,EQ,INE598C01011,1,0.01,2,,,0,0.00,,176578,118.00,176.98,2300,Final Dividend - Rs. - 1.0000;17 Aug 2026,19322,1,
NSE,CM,NSECM,7229,HCL TECHNOLOGIES LTD,HCLTECH,HCLTECH-EQ,EQ,INE860A01027,1,0.10,2,,,0,0.00,,75981,1143.90,1398.10,,,7229,1,
NSE,CM,NSECM,6733,JINDAL STEEL LIMITED,JINDALSTEL,JINDALSTEL-EQ,EQ,INE749A01030,1,0.10,2,,,0,0.00,,95887,932.30,1139.30,,,6733,1,
NSE,CM,NSECM,30109,MIRAEAMC - SELECTIPO,SELECTIPO,SELECTIPO-EQ,EQ,INF769K01ON4,1,0.01,2,,,0,0.00,,166217,36.55,54.81,,,30109,1,
NSE,CM,NSECM,11050,SIRCA PAINT INDIA LIMITED,SIRCA,SIRCA-EQ,EQ,INE792Z01011,1,0.05,2,,,0,0.00,,254146,314.80,472.10,,Final Dividend - Rs. - 2.0000;31 Jul 2026,11050,1,
NSE,CM,NSECM,11037,ICICIPRAMC - IPRU5008,BANKIETF,BANKIETF-EQ,EQ,INF109KC15I8,1,0.01,2,,,0,0.00,,1720080,46.50,69.74,,,11037,1,
NSE,CM,NSECM,31258,NANDAN DENIM LIMITED,NDL,NDL-EQ,EQ,INE875G01048,1,0.01,2,,,0,0.00,,43288835,1.85,2.77,,,31258,1,
NSE,CM,NSECM,23142,POPULAR VEHICLES N SER L,PVSL,PVSL-EQ,EQ,INE772T01024,1,0.01,2,,,0,0.00,,943303,84.81,127.21,2200,,23142,1,
NSE,CM,NSECM,758150,M AND B ENGINEERING LTD,MBEL,MBEL-EQ,EQ,INE08N601015,1,0.05,2,,,0,0.00,,337459,237.05,355.55,,,758150,1,
NSE,CM,NSECM,445,5PAISA CAPITAL LIMITED,5PAISA,5PAISA-EQ,EQ,INE618L01018,1,0.05,2,,,0,0.00,,267977,298.50,447.70,,,445,1,
NSE,CM,NSECM,18479,INTRASOFT TECH. LTD,ISFT,ISFT-EQ,EQ,INE566K01011,1,0.01,2,,,0,0.00,,533390,61.00,91.48,2300,,18479,1,
NSE,CM,NSECM,760359,DSPAMC - SMALLADD,SMALLADD,SMALLADD-EQ,EQ,INF740KA1WX3,1,0.01,2,,,0,0.00,,126299,14.19,21.27,,,760359,1,
NSE,CM,NSECM,7848,BHARTIYA INTERNATIONAL,BIL,BIL-EQ,EQ,INE828A01016,1,0.05,2,,,0,0.00,,136999,583.95,875.85,2300,,7848,1,
NSE,CM,NSECM,20322,FEDBANK FINANCIAL SER L,FEDFINA,FEDFINA-EQ,EQ,INE007N01010,1,0.01,2,,,0,0.00,,664007,120.43,180.63,,,20322,1,
NSE,CM,NSECM,8825,PRIVI SPECIALITY CHE LTD,PRIVISCL,PRIVISCL-EQ,EQ,INE959A01019,1,0.10,2,,,0,0.00,,27811,2876.20,4314.20,,Final Dividend - Rs. - 10.0000;31 Jul 2026,8825,1,
NSE,CM,NSECM,11582,TRACXN TECHNOLOGIES LTD,TRACXN,TRACXN-EQ,EQ,INE0HMF01019,1,0.01,2,,,0,0.00,,3366916,23.76,35.64,2200,,11582,1,
NSE,CM,NSECM,762578,BENGAL & ASSAM CO. LTD.,BENGALASM,BENGALASM-EQ,EQ,INE083K01017,1,0.50,2,,,0,0.00,,16112,4962.00,7442.00,2300,,762578,1,
NSE,CM,NSECM,8146,DEV INFO TECHNOLOGY LTD,DEVIT,DEVIT-EQ,EQ,INE060X01034,1,0.01,2,,,0,0.00,,1843092,20.86,31.28,,,8146,1,
NSE,CM,NSECM,14314,T T LIMITED,TTL,TTL-EQ,EQ,INE592B01024,1,0.01,2,,,0,0.00,,8446766,5.74,7.00,2100;2300,,14314,1,
NSE,CM,NSECM,3432,TATA CONSUMER PRODUCT LTD,TATACONSUM,TATACONSUM-EQ,EQ,INE192A01025,1,0.10,2,,,0,0.00,,91046,979.20,1196.80,2100,,3432,1,
NSE,CM,NSECM,2328,CPSE ETF,CPSEETF,CPSEETF-EQ,EQ,INF457M01133,1,0.01,2,,,0,0.00,,1031823,77.49,116.23,,,2328,1,
NSE,CM,NSECM,11162,HARSHA ENGINEERS INT LTD,HARSHA,HARSHA-EQ,EQ,INE0JUS01029,1,0.05,2,,,0,0.00,,246455,324.55,486.75,,,11162,1,
NSE,CM,NSECM,21095,SHEKHAWATI INDUSTRIES LTD,SHEKHAWATI,SHEKHAWATI-EQ,EQ,INE268L01046,1,0.01,2,,,0,0.00,,1127167,9.43,14.13,2300;4100;4300,,21095,1,
NSE,CM,NSECM,25258,EDELAMC - EBANKNIFTY,EBANKNIFTY,EBANKNIFTY-EQ,EQ,INF754K01TE4,1,0.01,2,,,0,0.00,,17704,45.66,68.48,,,25258,1,
NSE,CM,NSECM,8083,CROWN LIFTERS LIMITED,CROWN,CROWN-EQ,EQ,INE491V01019,1,0.01,2,,,0,0.00,,378991,91.51,137.25,2300,,8083,1,
NSE,CM,NSECM,24404,BIRLASLAMC - ABGSEC,ABGSEC,ABGSEC-EQ,EQ,INF209KC1134,1,0.01,2,,,0,0.00,,33650,91.12,136.68,,,24404,1,
NSE,CM,NSECM,7,AARTI INDUSTRIES LTD,AARTIIND,AARTIIND-EQ,EQ,INE769A01020,1,0.05,2,,,0,0.00,,209216,382.25,573.35,,,7,1,
NSE,CM,NSECM,13560,GRINDWELL NORTON LIMITED,GRINDWELL,GRINDWELL-EQ,EQ,INE536A01023,1,0.10,2,,,0,0.00,,49601,1609.30,2413.90,2100,,13560,1,
NSE,CM,NSECM,761030,MIRAEAMC - INFRA,INFRA,INFRA-EQ,EQ,INF769K01QB4,1,0.01,2,,,0,0.00,,297348,9.68,14.52,,,761030,1,
NSE,CM,NSECM,23489,BHARTI HEXACOM LIMITED,BHARTIHEXA,BHARTIHEXA-EQ,EQ,INE343G01021,1,0.10,2,,,0,0.00,,61998,1286.10,1929.10,,Final Dividend - Rs. - 18.0000;31 Jul 2026,23489,1,
NSE,CM,NSECM,18154,HATHWAY CABLE & DATACOM,HATHWAY,HATHWAY-EQ,EQ,INE982F01036,1,0.01,2,,,0,0.00,,9293047,8.61,12.91,,,18154,1,
NSE,CM,NSECM,762874,SHREE AJIT PULP & PAPER L,SAPPL,SAPPL-EQ,EQ,INE185C01017,1,0.05,2,,,0,0.00,,289418,234.85,352.25,2300,,762874,1,
NSE,CM,NSECM,2350,NURECA LIMITED,NURECA,NURECA-EQ,EQ,INE0DSF01015,1,0.01,2,,,0,0.00,,312019,241.32,361.96,201;2100,,2350,1,
NSE,CM,NSECM,2969,SAKTHI SUGARS LTD,SAKHTISUG,SAKHTISUG-EQ,EQ,INE623A01011,1,0.01,2,,,0,0.00,,3886362,13.83,20.73,,,2969,1,
NSE,CM,NSECM,757014,LEELA PALACES HOTEL LTD,THELEELA,THELEELA-EQ,EQ,INE0AQ201015,1,0.05,2,,,0,0.00,,210392,427.25,522.15,1600,,757014,1,
NSE,CM,NSECM,29423,MOHIT INDUSTRIES LTD,MOHITIND,MOHITIND-EQ,EQ,INE954E01012,1,0.01,2,,,0,0.00,,462951,18.40,27.60,201;2200;2300,,29423,1,
NSE,CM,NSECM,4822,DODLA DAIRY LIMITED,DODLA,DODLA-EQ,EQ,INE021O01019,1,0.10,2,,,0,0.00,,94231,849.00,1273.40,,,4822,1,
NSE,CM,NSECM,2307,MUNJAL SHOWA LTD,MUNJALSHOW,MUNJALSHOW-EQ,EQ,INE577A01027,1,0.01,2,,,0,0.00,,736266,108.66,162.98,,Final Dividend - Rs. - 4.5000;05 Aug 2026,2307,1,
NSE,CM,NSECM,762653,ELANTAS BECK INDIA LTD.,ELANTAS,ELANTAS-EQ,EQ,INE280B01018,1,1.00,2,,,0,0.00,,10788,7413.00,11119.00,2300,,762653,1,
NSE,CM,NSECM,22524,UTIAMC-GILT10BETA,GILT10BETA,GILT10BETA-EQ,EQ,INF789F1AZF3,1,0.01,2,,,0,0.00,,294093,25.21,27.85,,,22524,1,
NSE,CM,NSECM,15313,IRB INFRA DEV LTD.,IRB,IRB-EQ,EQ,INE821I01022,1,0.01,2,,,0,0.00,,5096914,15.69,23.53,,,15313,1,
NSE,CM,NSECM,11483,LARSEN & TOUBRO LTD.,LT,LT-EQ,EQ,INE018A01030,1,0.10,2,,,0,0.00,,26137,3407.10,4164.10,,,11483,1,
NSE,CM,NSECM,2814,ARVEE LABORATORIES I LTD,ARVEE,ARVEE-EQ,EQ,INE006Z01016,1,0.01,2,,,0,0.00,,360352,122.93,184.39,2100;2300,,2814,1,
NSE,CM,NSECM,13300,NITCO LIMITED,NITCO,NITCO-EQ,EQ,INE858F01012,1,0.01,2,,,0,0.00,,960379,83.29,124.93,2100,,13300,1,
NSE,CM,NSECM,11630,NTPC LTD,NTPC,NTPC-EQ,EQ,INE733E01010,1,0.05,2,,,0,0.00,,281202,312.50,381.90,,,11630,1,
NSE,CM,NSECM,21113,BF INVESTMENT LIMITED,BFINVEST,BFINVEST-EQ,EQ,INE878K01010,1,0.05,2,,,0,0.00,,217341,368.05,552.05,2200,,21113,1,
NSE,CM,NSECM,1168,G M BREWERIES LTD,GMBREW,GMBREW-EQ,EQ,INE075D01018,1,0.05,2,,,0,0.00,,110555,723.60,1085.30,,,1168,1,
NSE,CM,NSECM,758115,JEENA SIKHO LIFECARE LTD,JSLL,JSLL-EQ,EQ,INE0J5801029,1,0.05,2,,,0,0.00,,180235,443.85,665.75,,,758115,1,
NSE,CM,NSECM,2854,CRAFTSMAN AUTOMATION LTD,CRAFTSMAN,CRAFTSMAN-EQ,EQ,INE00LO01017,1,0.50,2,,,0,0.00,,10748,7427.50,11140.50,2100,,2854,1,
NSE,CM,NSECM,940,PROCTER & GAMBLE HEALTH L,PGHL,PGHL-EQ,EQ,INE199A01012,1,0.50,2,,,0,0.00,,14888,5371.50,8056.50,,Final Dividend - Rs. - 45.0000;27 Aug 2026,940,1,
NSE,CM,NSECM,2885,RELIANCE INDUSTRIES LTD,RELIANCE,RELIANCE-EQ,EQ,INE002A01018,1,0.10,2,,,0,0.00,,67661,1150.20,1405.80,,,2885,1,
NSE,CM,NSECM,1547,RKEC PROJECTS LIMITED,RKEC,RKEC-EQ,EQ,INE786W01010,1,0.01,2,,,0,0.00,,844332,24.06,29.40,1600;4100;4200;4300,,1547,1,
NSE,CM,NSECM,4244,HDFC AMC LIMITED,HDFCAMC,HDFCAMC-EQ,EQ,INE127D01025,1,0.10,2,,,0,0.00,,39863,2255.20,2756.20,,,4244,1,
NSE,CM,NSECM,759885,KOTAKMAMC - CHEMICAL,CHEMICAL,CHEMICAL-EQ,EQ,INF174KA1XV0,1,0.01,2,,,0,0.00,,1097208,24.12,36.16,,,759885,1,
NSE,CM,NSECM,4986,IRCON INTERNATIONAL LTD,IRCON,IRCON-EQ,EQ,INE962Y01021,1,0.01,2,,,0,0.00,,792853,100.86,151.28,,,4986,1,
NSE,CM,NSECM,10277,NGL FINE CHEM LIMITED,NGLFINE,NGLFINE-EQ,EQ,INE887E01022,1,0.10,2,,,0,0.00,,31191,2564.40,3846.60,201,Final Dividend - Rs. - 1.7500;18 Aug 2026,10277,1,
NSE,CM,NSECM,14781,141NSETEST,141NSETEST,141NSETEST-EQ,EQ,DUMMYSAN018,1,0.05,2,,,0,0.00,,0,180.00,220.00,,,14781,1,
NSE,CM,NSECM,5279,ROLEX RINGS LIMITED,ROLEXRINGS,ROLEXRINGS-EQ,EQ,INE645S01024,1,0.01,2,,,0,0.00,,715962,111.72,167.56,,,5279,1,
NSE,CM,NSECM,694,CIPLA LTD,CIPLA,CIPLA-EQ,EQ,INE059A01026,1,0.10,2,,,0,0.00,,70281,1269.60,1551.60,,,694,1,
NSE,CM,NSECM,3273,SRF LTD,SRF,SRF-EQ,EQ,INE647A01010,1,0.10,2,,,0,0.00,,37348,2398.30,2931.10,,Interim Dividend - Rs. - 5.0000;28 Jul 2026,3273,1,
NSE,CM,NSECM,11511,CENTURY EXTRUSIONS LTD,CENTEXT,CENTEXT-EQ,EQ,INE281A01026,1,0.01,2,,,0,0.00,,2615998,15.16,22.74,,,11511,1,
NSE,CM,NSECM,6713,MOLD-TEK PACKAGING LTD,MOLDTKPAC,MOLDTKPAC-EQ,EQ,INE893J01029,1,0.05,2,,,0,0.00,,137449,582.00,872.90,,,6713,1,
NSE,CM,NSECM,7374,STRIDES PHARMA SCI LTD,STAR,STAR-EQ,EQ,INE939A01011,1,0.10,2,,,0,0.00,,97978,816.00,1224.00,,Final Dividend - Rs. - 5.0000;31 Jul 2026,7374,1,
NSE,CM,NSECM,13814,KAMDHENU VENTURES LIMITED,KAMOPAINTS,KAMOPAINTS-EQ,EQ,INE0BTI01037,1,0.01,2,,,0,0.00,,10758298,4.10,5.00,2100;4300,,13814,1,
NSE,CM,NSECM,1797,ANTONY WASTE HDG CELL LTD,AWHCL,AWHCL-EQ,EQ,INE01BK01022,1,0.05,2,,,0,0.00,,230717,346.75,520.05,,,1797,1,
NSE,CM,NSECM,3150,SIEMENS LTD,SIEMENS,SIEMENS-EQ,EQ,INE003A01024,1,0.10,2,,,0,0.00,,27064,3320.90,4058.70,2100,Final Dividend - Rs. - 18.0000;29 Jul 2026,3150,1,
NSE,CM,NSECM,23799,GO DIGIT GENERAL INS LTD,GODIGIT,GODIGIT-EQ,EQ,INE03JT01014,1,0.05,2,,,0,0.00,,390169,205.00,307.40,2100,,23799,1,
NSE,CM,NSECM,13285,M&M FIN. SERVICES LTD,M&MFIN,M&MFIN-EQ,EQ,INE774D01024,1,0.05,2,,,0,0.00,,279383,285.20,427.80,,,13285,1,
NSE,CM,NSECM,2783,JUBILANT INGREVIA LIMITED,JUBLINGREA,JUBLINGREA-EQ,EQ,INE0BY001018,1,0.05,2,,,0,0.00,,137777,580.45,870.65,,Final Dividend - Rs. - 2.5000;24 Jul 2026,2783,1,
NSE,CM,NSECM,1570,GMM PFAUDLER LIMITED,GMMPFAUDLR,GMMPFAUDLR-EQ,EQ,INE541A01023,1,0.05,2,,,0,0.00,,123721,646.45,969.65,2100,Final Dividend - Rs. - 1.0000;28 Jul 2026,1570,1,
NSE,CM,NSECM,760300,LE MERITE EXPORTS LIMITED,LEMERITE,LEMERITE-EQ,EQ,INE0G1L01025,1,0.01,2,,,0,0.00,,4092992,19.48,21.52,201,,760300,1,
NSE,CM,NSECM,762663,ELITECON INTERNATIONAL L,ELITECON,ELITECON-EQ,EQ,INE669R01026,1,0.01,2,,,0,0.00,,6446749,13.96,17.06,201,,762663,1,
NSE,CM,NSECM,7451,DSPAMC - DSPNIFTY,NIFTYADD,NIFTYADD-EQ,EQ,INF740KA1CL0,1,0.01,2,,,0,0.00,,288151,200.99,301.47,,,7451,1,
NSE,CM,NSECM,27969,VISHAL MEGA MART LIMITED,VMM,VMM-EQ,EQ,INE01EA01019,1,0.01,2,,,0,0.00,,921244,97.24,118.84,2100,,27969,1,
NSE,CM,NSECM,5865,LAGNAM SPINTEX LIMITED,LAGNAM,LAGNAM-EQ,EQ,INE548Z01017,1,0.01,2,,,0,0.00,,577775,72.25,108.37,2300,,5865,1,
NSE,CM,NSECM,5900,AXIS BANK LIMITED,AXISBANK,AXISBANK-EQ,EQ,INE238A01034,1,0.10,2,,,0,0.00,,80869,1104.60,1350.00,,,5900,1,
NSE,CM,NSECM,15332,NMDC LTD.,NMDC,NMDC-EQ,EQ,INE584A01023,1,0.01,2,,,0,0.00,,1195686,75.21,91.91,,,15332,1,
NSE,CM,NSECM,14767,081NSETEST,081NSETEST,081NSETEST-EQ,EQ,DUMMYSAN012,1,0.05,2,,,0,0.00,,0,180.00,220.00,,,14767,1,
NSE,CM,NSECM,6462,BIRLASLAMC - TECH,TECH,TECH-EQ,EQ,INF209KB11D8,1,0.01,2,,,0,0.00,,438827,25.00,37.50,,,6462,1,
NSE,CM,NSECM,16736,M K PROTEINS LIMITED,MKPL,MKPL-EQ,EQ,INE964W01021,1,0.01,2,,,0,0.00,,12274663,3.31,4.95,,,16736,1,
NSE,CM,NSECM,10932,RADAAN MEDIAWORKS (I) LTD,RADAAN,RADAAN-EQ,EQ,INE874F01027,1,0.01,2,,,0,0.00,,1771081,2.31,3.45,100;2200;2300,,10932,1,
NSE,CM,NSECM,13367,STL GLOBAL LIMITED,SGL,SGL-EQ,EQ,INE353H01010,1,0.01,2,,,0,0.00,,882601,8.77,10.71,201;2200;2300,,13367,1,
NSE,CM,NSECM,14233,HDFCAMC - HDFCSML250,HDFCSML250,HDFCSML250-EQ,EQ,INF179KC1FB2,1,0.01,2,,,0,0.00,,562482,142.21,213.31,,,14233,1,
NSE,CM,NSECM,6164,BHAGIRADHA CHEM & INDS L,BHAGCHEM,BHAGCHEM-EQ,EQ,INE414D01027,1,0.05,2,,,0,0.00,,379540,210.80,316.10,2100,Final Dividend - Rs. - 0.1500;23 Jul 2026,6164,1,
NSE,CM,NSECM,17333,MAHINDRA HOLIDAYS LTD,MHRIL,MHRIL-EQ,EQ,INE998I01010,1,0.01,2,,,0,0.00,,456847,175.08,262.62,2100,,17333,1,
NSE,CM,NSECM,23607,BALU FORGE INDUSTRIES LTD,BALUFORGE,BALUFORGE-EQ,EQ,INE011E01029,1,0.05,2,,,0,0.00,,230626,346.90,520.30,,,23607,1,
NSE,CM,NSECM,28952,DUCON INFRATECHNOLOGIES L,DUCON,DUCON-EQ,EQ,INE741L01018,1,0.01,2,,,0,0.00,,10625065,2.71,3.31,4300,,28952,1,
NSE,CM,NSECM,29019,EDELAMC - ECAPINSURE,ECAPINSURE,ECAPINSURE-EQ,EQ,INF754K01TX4,1,0.01,2,,,0,0.00,,201327,18.88,28.30,,,29019,1,
NSE,CM,NSECM,11549,TEXMACO INFRA & HOLDG LTD,TEXINFRA,TEXINFRA-EQ,EQ,INE435C01024,1,0.01,2,,,0,0.00,,889436,89.94,134.90,2100,,11549,1,
NSE,CM,NSECM,14672,NAVIN FLUORINE INT. LTD,NAVINFLUOR,NAVINFLUOR-EQ,EQ,INE048G01026,1,0.50,2,,,0,0.00,,13279,6016.00,9024.00,2100,,14672,1,
NSE,CM,NSECM,28714,TRANSRAIL LIGHTING LTD,TRANSRAILL,TRANSRAILL-EQ,EQ,INE454P01035,1,0.05,2,,,0,0.00,,207156,386.20,579.20,,,28714,1,
NSE,CM,NSECM,750368,VEDANTA OIL AND GAS LTD,VOGL,VOGL-EQ,EQ,INE704J01044,1,0.01,2,,,0,0.00,,2921058,27.39,41.07,2200,,750368,1,
NSE,CM,NSECM,3345,SUNDRAM FASTENERS LTD,SUNDRMFAST,SUNDRMFAST-EQ,EQ,INE387A01021,1,0.05,2,,,0,0.00,,106113,752.50,1128.70,,,3345,1,
NSE,CM,NSECM,3002,WONDERLA HOLIDAYS LTD.,WONDERLA,WONDERLA-EQ,EQ,INE066O01014,1,0.05,2,,,0,0.00,,213318,375.00,562.50,,Final Dividend - Rs. - 2.0000;07 Aug 2026,3002,1,
NSE,CM,NSECM,5108,KPI GREEN ENERGY LIMITED,KPIGREEN,KPIGREEN-EQ,EQ,INE542W01025,1,0.05,2,,,0,0.00,,256181,312.20,468.20,,,5108,1,
NSE,CM,NSECM,24265,ESTER INDUSTRIES LTD,ESTER,ESTER-EQ,EQ,INE778B01029,1,0.01,2,,,0,0.00,,1129514,70.83,106.23,2200,,24265,1,
NSE,CM,NSECM,20303,GANDHAR OIL REFINE IND L,GANDHAR,GANDHAR-EQ,EQ,INE717W01049,1,0.01,2,,,0,0.00,,354029,225.97,338.95,501,Interim Dividend - Rs. - 2.0000;31 Jul 2026,20303,1,
NSE,CM,NSECM,14413,PAGE INDUSTRIES LTD,PAGEIND,PAGEIND-EQ,EQ,INE761H01022,1,5.00,2,,,0,0.00,,2475,36250.00,44300.00,2100,Interim Dividend;19 Aug 2026,14413,1,
NSE,CM,NSECM,756020,TINNA RUBBER AND INFR LTD,TINNARUBR,TINNARUBR-EQ,EQ,INE015C01016,1,0.05,2,,,0,0.00,,90996,879.10,1318.60,3300;3900;4100,,756020,1,
NSE,CM,NSECM,2970,SURYODAY SMALL FIN BK LTD,SURYODAY,SURYODAY-EQ,EQ,INE428Q01011,1,0.01,2,,,0,0.00,,517843,154.48,231.72,,,2970,1,
NSE,CM,NSECM,79,ALEMBIC LIMITED,ALEMBICLTD,ALEMBICLTD-EQ,EQ,INE426A01027,1,0.01,2,,,0,0.00,,1137028,70.36,105.52,,Final Dividend - Rs. - 2.4000;04 Aug 2026,79,1,
NSE,CM,NSECM,1186,GLAND PHARMA LIMITED,GLAND,GLAND-EQ,EQ,INE068V01023,1,0.10,2,,,0,0.00,,41898,1903.90,2855.70,,Final Dividend - Rs. - 20.0000;11 Aug 2026,1186,1,
NSE,CM,NSECM,144,GODREJ AGROVET LIMITED,GODREJAGRO,GODREJAGRO-EQ,EQ,INE850D01014,1,0.05,2,,,0,0.00,,174277,458.90,688.30,,Final Dividend - Rs. - 11.0000;29 Jul 2026,144,1,
NSE,CM,NSECM,28906,MAYUR UNIQUOTERS LTD,MAYURUNIQ,MAYURUNIQ-EQ,EQ,INE040D01038,1,0.05,2,,,0,0.00,,126793,630.95,946.35,,,28906,1,
NSE,CM,NSECM,19279,THEJO ENGINEERING LIMITED,THEJO,THEJO-EQ,EQ,INE121N01019,1,0.10,2,,,0,0.00,,52663,1519.10,2278.50,,,19279,1,
NSE,CM,NSECM,759239,FINKURVE FINANCIAL SERV L,FINKURVE,FINKURVE-EQ,EQ,INE734I01027,1,0.01,2,,,0,0.00,,1608992,49.72,74.58,2300;4100;4300,,759239,1,
NSE,CM,NSECM,24596,RAVINDRA ENERGY LIMITED,RELTD,RELTD-EQ,EQ,INE206N01018,1,0.01,2,,,0,0.00,,583138,137.16,205.74,,,24596,1,
NSE,CM,NSECM,762924,SURYALATA SPINNING MILL L,SURYALA,SURYALA-EQ,EQ,INE132C01027,1,0.05,2,,,0,0.00,,139529,352.00,528.00,2300,,762924,1,
NSE,CM,NSECM,17801,LLOYDS ENGG WORK LIMITED,LLOYDSENGG,LLOYDSENGG-EQ,EQ,INE093R01011,1,0.01,2,,,0,0.00,,1130625,70.74,106.10,201;2100,,17801,1,
NSE,CM,NSECM,757938,BELLA CASA FASH AND RET L,BELLACASA,BELLACASA-EQ,EQ,INE344T01014,1,0.05,2,,,0,0.00,,417528,191.60,287.40,2300,,757938,1,
NSE,CM,NSECM,1336,HEG LTD,HEG,HEG-EQ,EQ,INE545A01024,1,0.05,2,,,0,0.00,,155345,514.55,771.75,2100;2900,Final Dividend - Rs. - 3.4000;22 Jul 2026,1336,1,
NSE,CM,NSECM,1174,GUJ NAR VAL FER & CHEM L,GNFC,GNFC-EQ,EQ,INE113A01013,1,0.05,2,,,0,0.00,,198662,402.45,603.65,,,1174,1,
NSE,CM,NSECM,24386,BANSAL WIRE INDUSTRIES L,BANSALWIRE,BANSALWIRE-EQ,EQ,INE0B9K01025,1,0.05,2,,,0,0.00,,308570,291.60,356.40,,,24386,1,
NSE,CM,NSECM,759551,PIRAMAL FINANCE LIMITED,PIRAMALFIN,PIRAMALFIN-EQ,EQ,INE202B01038,1,0.10,2,,,0,0.00,,47827,1668.40,2502.40,,,759551,1,
NSE,CM,NSECM,24924,ELGI RUBBER CO. LTD,ELGIRUBCO,ELGIRUBCO-EQ,EQ,INE819L01012,1,0.01,2,,,0,0.00,,1636633,43.67,65.49,201;2200,,24924,1,
NSE,CM,NSECM,4410,JAGSONPAL PHARMACEUTICALS,JAGSNPHARM,JAGSNPHARM-EQ,EQ,INE048B01035,1,0.01,2,,,0,0.00,,451235,177.29,265.93,,,4410,1,
NSE,CM,NSECM,19599,PRAKASH STEELAGE LTD,PRAKASHSTL,PRAKASHSTL-EQ,EQ,INE696K01024,1,0.01,2,,,0,0.00,,5722511,3.21,4.81,100;2100,,19599,1,
NSE,CM,NSECM,13689,AEROFLEX NEU LIMITED,AERONEU,AERONEU-EQ,EQ,INE035801013,1,0.01,2,,,0,0.00,,843528,68.31,102.45,2100;2300,,13689,1,
NSE,CM,NSECM,4594,KOTHARI PETROCHEM LTD,KOTHARIPET,KOTHARIPET-EQ,EQ,INE720A01015,1,0.01,2,,,0,0.00,,758587,105.46,158.18,,,4594,1,
NSE,CM,NSECM,25608,INDO THAI SEC LTD,INDOTHAI,INDOTHAI-EQ,EQ,INE337M01021,1,0.01,2,,,0,0.00,,462252,173.04,259.56,4200;4300,,25608,1,
NSE,CM,NSECM,1313,HARRISON MALAYALAM LTD,HARRMALAYA,HARRMALAYA-EQ,EQ,INE544A01019,1,0.01,2,,,0,0.00,,460904,173.57,260.35,,,1313,1,
NSE,CM,NSECM,22739,MOTILAL OS NASDAQ100 ETF,MON100,MON100-EQ,EQ,INF247L01AP3,1,0.01,2,,,0,0.00,,372050,214.75,322.11,,,22739,1,
NSE,CM,NSECM,757725,NIPPONAMC - LIQGRWBEES,LIQGRWBEES,LIQGRWBEES-EQ,EQ,INF204KC1FU1,1,0.01,2,,,0,0.00,,40069,996.24,1101.10,,,757725,1,
NSE,CM,NSECM,8998,UMIYA BUILDCON LIMITED,UMIYA-MRO,UMIYA-MRO-EQ,EQ,INE398B01018,1,0.01,2,,,0,0.00,,610985,71.44,107.14,2300,,8998,1,
NSE,CM,NSECM,29583,NATURAL CAPSULES LIMITED,NATCAPSUQ,NATCAPSUQ-EQ,EQ,INE936B01015,1,0.01,2,,,0,0.00,,340443,119.09,178.63,2200;2300,,29583,1,
NSE,CM,NSECM,7339,BIRLASLAMC - ABSLNN50ET,ABSLNN50ET,ABSLNN50ET-EQ,EQ,INF209KB16D7,1,0.01,2,,,0,0.00,,442602,60.43,90.63,,,7339,1,
NSE,CM,NSECM,762695,GRAND OAK CANYONS DIST L,GRANDOAK,GRANDOAK-EQ,EQ,INE926B01016,1,0.01,2,,,0,0.00,,2667579,35.61,39.35,501;2300,,762695,1,
NSE,CM,NSECM,958,ESCORTS KUBOTA LIMITED,ESCORTS,ESCORTS-EQ,EQ,INE042A01014,1,0.10,2,,,0,0.00,,34345,2324.10,3486.10,,,958,1,
NSE,CM,NSECM,2056,HOME FIRST FIN CO IND LTD,HOMEFIRST,HOMEFIRST-EQ,EQ,INE481N01025,1,0.10,2,,,0,0.00,,85082,939.20,1408.80,,,2056,1,
NSE,CM,NSECM,13870,KUANTUM PAPERS LIMITED,KUANTUM,KUANTUM-EQ,EQ,INE529I01021,1,0.01,2,,,0,0.00,,1292635,61.89,92.83,,Final Dividend - Rs. - 2.5000;20 Aug 2026,13870,1,
NSE,CM,NSECM,20196,BEDMUTHA INDUST LTD,BEDMUTHA,BEDMUTHA-EQ,EQ,INE844K01012,1,0.01,2,,,0,0.00,,935522,101.55,112.23,1600;2300,,20196,1,
NSE,CM,NSECM,513,BOMBAY DYEING & MFG. CO L,BOMDYEING,BOMDYEING-EQ,EQ,INE032A01023,1,0.01,2,,,0,0.00,,821594,97.37,146.05,2100,Final Dividend - Rs. - 0.4000;31 Jul 2026,513,1,
NSE,CM,NSECM,25835,VINTAGE COFFEE N BVRGS L,VINCOFE,VINCOFE-EQ,EQ,INE498Q01014,1,0.01,2,,,0,0.00,,640153,124.95,187.41,,,25835,1,
NSE,CM,NSECM,760438,GROWWAMC - GROWWMETAL,GROWWMETAL,GROWWMETAL-EQ,EQ,INF666M01NI0,1,0.01,2,,,0,0.00,,1144717,9.52,14.26,,,760438,1,
NSE,CM,NSECM,14712,HINDUJA GLOBAL SOLS. LTD.,HGS,HGS-EQ,EQ,INE170I01016,1,0.05,2,,,0,0.00,,236647,338.05,507.05,1500;2200,,14712,1,
NSE,CM,NSECM,14942,NAGREEKA CAP & INFR.LTD,NAGREEKCAP,NAGREEKCAP-EQ,EQ,INE245I01016,1,0.01,2,,,0,0.00,,412519,20.41,24.93,2300,,14942,1,
NSE,CM,NSECM,17700,NIP IND ETF LONGTERM GILT,LTGILTBEES,LTGILTBEES-EQ,EQ,INF204KB1882,1,0.01,2,,,0,0.00,,3350699,28.35,31.33,,,17700,1,
NSE,CM,NSECM,10717,TEAM INDIA GUARANTY LTD,TEAMGTY,TEAMGTY-EQ,EQ,INE289C01025,1,0.01,2,,,0,0.00,,294074,181.38,272.06,2100;2300,,10717,1,
NSE,CM,NSECM,755881,ICICIPRAMC - EVIETF,EVIETF,EVIETF-EQ,EQ,INF109K1A153,1,0.01,2,,,0,0.00,,684707,25.38,38.06,,,755881,1,
NSE,CM,NSECM,4598,HERITAGE FOODS LTD,HERITGFOOD,HERITGFOOD-EQ,EQ,INE978A01027,1,0.05,2,,,0,0.00,,298152,268.25,402.35,,,4598,1,
NSE,CM,NSECM,24730,RUBFILA INTERNATIONAL LTD,RUBFILA,RUBFILA-EQ,EQ,INE642C01025,1,0.01,2,,,0,0.00,,1368354,58.47,87.69,2300,,24730,1,
NSE,CM,NSECM,25941,GODAVARI BIOREFINERIES L,GODAVARIB,GODAVARIB-EQ,EQ,INE497S01012,1,0.05,2,,,0,0.00,,358537,223.15,334.65,2100,,25941,1,
NSE,CM,NSECM,20302,PRESTIGE ESTATE LTD,PRESTIGE,PRESTIGE-EQ,EQ,INE811K01011,1,0.10,2,,,0,0.00,,62454,1433.60,1752.00,2100,,20302,1,
NSE,CM,NSECM,11233,SUVEN LIFE SCIENCES LTD,SUVEN,SUVEN-EQ,EQ,INE495B01038,1,0.05,2,,,0,0.00,,316199,252.80,379.20,201;1500;2200,,11233,1,
NSE,CM,NSECM,11919,MSP STEEL & POWER LTD.,MSPL,MSPL-EQ,EQ,INE752G01015,1,0.01,2,,,0,0.00,,2827180,33.61,37.13,1001;2100,,11919,1,
NSE,CM,NSECM,11239,NALWA SONS INVESTMENT LTD,NSIL,NSIL-EQ,EQ,INE023A01030,1,0.50,2,,,0,0.00,,18335,4362.00,6543.00,2100,,11239,1,
NSE,CM,NSECM,9741,PARADEEP PHOSPHATES LTD,PARADEEP,PARADEEP-EQ,EQ,INE088F01024,1,0.01,2,,,0,0.00,,733985,108.86,163.28,,,9741,1,
NSE,CM,NSECM,11522,NIIT LIMITED,NIITLTD,NIITLTD-EQ,EQ,INE161A01038,1,0.01,2,,,0,0.00,,1056742,75.70,113.54,201;2100,,11522,1,
NSE,CM,NSECM,4444,HAWKINS COOKERS LTD,HAWKINCOOK,HAWKINCOOK-EQ,EQ,INE979B01015,1,0.50,2,,,0,0.00,,11484,6963.50,10444.50,,Dividend - Rs. - 140.0000;22 Jul 2026,4444,1,
NSE,CM,NSECM,10579,MARKSANS PHARMA LIMITED,MARKSANS,MARKSANS-EQ,EQ,INE750C01026,1,0.05,2,,,0,0.00,,405692,197.05,295.55,,Final Dividend - Rs. - 0.9000;20 Aug 2026,10579,1,
NSE,CM,NSECM,3772,WILLIAMSON MAGOR,WILLAMAGOR,WILLAMAGOR-EQ,EQ,INE210A01017,1,0.01,2,,,0,0.00,,358271,20.22,30.32,100;2200;2300,,3772,1,
NSE,CM,NSECM,31234,SCHNEIDER ELECTRIC INFRA,SCHNEIDER,SCHNEIDER-EQ,EQ,INE839M01018,1,0.10,2,,,0,0.00,,73882,1217.40,1487.80,2100;3500;4100;4300,,31234,1,
NSE,CM,NSECM,14908,KDDL LIMITED,KDDL,KDDL-EQ,EQ,INE291D01011,1,0.10,2,,,0,0.00,,31891,2508.20,3762.20,,,14908,1,
NSE,CM,NSECM,8882,TATAAML - TNIDETF,TNIDETF,TNIDETF-EQ,EQ,INF277KA1364,1,0.01,2,,,0,0.00,,622926,67.40,101.08,,,8882,1,
NSE,CM,NSECM,11445,PILANI INV & IND COR LTD,PILANIINVS,PILANIINVS-EQ,EQ,INE417C01014,1,0.10,2,,,0,0.00,,23184,3449.20,5173.60,2100;2300,,11445,1,
NSE,CM,NSECM,4469,ELECTROTHERM (I) LTD.,ELECTHERM,ELECTHERM-EQ,EQ,INE822G01016,1,0.10,2,,,0,0.00,,99176,907.40,1109.00,201;2200,,4469,1,
NSE,CM,NSECM,20698,S CHAND AND COMPANY LTD,SCHAND,SCHAND-EQ,EQ,INE807K01035,1,0.01,2,,,0,0.00,,677083,118.16,177.22,,,20698,1,
NSE,CM,NSECM,7358,DATA PATTERNS INDIA LTD,DATAPATTNS,DATAPATTNS-EQ,EQ,INE0IX101010,1,0.10,2,,,0,0.00,,21776,3667.60,5501.40,2100;3500;4100,,7358,1,
NSE,CM,NSECM,28899,KITEX GARMENTS LTD,KITEX,KITEX-EQ,EQ,INE602G01020,1,0.01,2,,,0,0.00,,679894,117.64,176.44,2200,,28899,1,
NSE,CM,NSECM,25744,MIRAEAMC - METAL,METAL,METAL-EQ,EQ,INF769K01LY7,1,0.01,2,,,0,0.00,,7936293,10.08,15.12,,,25744,1,
NSE,CM,NSECM,10217,ADANI ENERGY SOLUTION LTD,ADANIENSOL,ADANIENSOL-EQ,EQ,INE931S01010,1,0.10,2,,,0,0.00,,57660,1532.00,1872.40,2100;3500;3600;4100,,10217,1,
NSE,CM,NSECM,23553,AUTHUM INVEST & INFRA LTD,AIIL,AIIL-EQ,EQ,INE206F01022,1,0.05,2,,,0,0.00,,187677,424.90,637.30,,,23553,1,
NSE,CM,NSECM,1153,GLAXOSMITHKLINE PHARMA LT,GLAXO,GLAXO-EQ,EQ,INE159A01016,1,0.10,2,,,0,0.00,,39640,2011.50,3017.10,,,1153,1,
NSE,CM,NSECM,25684,JAIN DVR EQUITY SHARES,JISLDVREQS,JISLDVREQS-EQ,EQ,IN9175A01010,1,0.01,2,,,0,0.00,,630922,17.03,25.53,2300,,25684,1,
NSE,CM,NSECM,25426,NORTHERN ARC CAPITAL LTD,NORTHARC,NORTHARC-EQ,EQ,INE850M01015,1,0.05,2,,,0,0.00,,333890,239.55,359.25,,,25426,1,
NSE,CM,NSECM,29224,ONESOURCE SPECL PHARMA L,ONESOURCE,ONESOURCE-EQ,EQ,INE013P01021,1,0.10,2,,,0,0.00,,60417,1323.20,1984.60,2200,,29224,1,
NSE,CM,NSECM,757781,ICICIPRAMC - TOP15IETF,TOP15IETF,TOP15IETF-EQ,EQ,INF109K1A344,1,0.01,2,,,0,0.00,,455925,7.80,11.70,,,757781,1,
NSE,CM,NSECM,509,MAZAGON DOCK SHIPBUIL LTD,MAZDOCK,MAZDOCK-EQ,EQ,INE249Z01020,1,0.10,2,,,0,0.00,,43564,2064.50,2523.10,,,509,1,
NSE,CM,NSECM,11909,SWELECT ENERGY SYS LTD,SWELECTES,SWELECTES-EQ,EQ,INE409B01013,1,0.05,2,,,0,0.00,,163046,490.65,735.95,,Final Dividend - Rs. - 3.5000;24 Jul 2026,11909,1,
NSE,CM,NSECM,5306,ICICIPRAMC - ICICIFMCG,FMCGIETF,FMCGIETF-EQ,EQ,INF109KC19V3,1,0.01,2,,,0,0.00,,1899683,42.12,63.16,,,5306,1,
NSE,CM,NSECM,757845,INDIQUBE SPACES LIMITED,INDIQUBE,INDIQUBE-EQ,EQ,INE06ST01018,1,0.01,2,,,0,0.00,,551404,145.05,217.57,2200,,757845,1,
NSE,CM,NSECM,758457,MOTILALAMC - MOSILVER,MOSILVER,MOSILVER-EQ,EQ,INF247L01FZ1,1,0.01,2,,,0,0.00,,457552,174.84,262.24,,,758457,1,
NSE,CM,NSECM,761494,BCPL RAILWAY INFRA LTD,BCPL,BCPL-EQ,EQ,INE00SW01015,1,0.01,2,,,0,0.00,,546861,56.32,84.46,,,761494,1,
NSE,CM,NSECM,757669,MOTILALAMC - MOALPHA50,MOALPHA50,MOALPHA50-EQ,EQ,INF247L01FR8,1,0.01,2,,,0,0.00,,41200,42.43,63.63,,,757669,1,
NSE,CM,NSECM,757946,KOTAKMAMC - QUALITY30,QUALITY30,QUALITY30-EQ,EQ,INF174KA1WT6,1,0.01,2,,,0,0.00,,47843,16.37,24.55,,,757946,1,
NSE,CM,NSECM,2687,POLYPLEX CORPORATION LTD,POLYPLEX,POLYPLEX-EQ,EQ,INE633B01018,1,0.05,2,,,0,0.00,,88557,903.20,1354.70,2100,,2687,1,
NSE,CM,NSECM,13987,BIRLASLAMC - ABSLBANETF,ABSLBANETF,ABSLBANETF-EQ,EQ,INF209KB17D5,1,0.01,2,,,0,0.00,,1723495,46.42,69.62,,,13987,1,
NSE,CM,NSECM,761439,RAJPUTANA STAINLESS LTD,RSL,RSL-EQ,EQ,INE313L01016,1,0.01,2,,,0,0.00,,753445,106.18,159.26,,,761439,1,
NSE,CM,NSECM,28378,INTL GEMOLOGICAL INST LTD,IGIL,IGIL-EQ,EQ,INE0Q9301021,1,0.05,2,,,0,0.00,,295596,304.35,371.95,,,28378,1,
NSE,CM,NSECM,15199,MANAKSIA LTD.,MANAKSIA,MANAKSIA-EQ,EQ,INE015D01022,1,0.01,2,,,0,0.00,,1791437,44.66,66.98,,,15199,1,
NSE,CM,NSECM,14938,MIRAEAMC - MAGS813ETF,GSEC10YEAR,GSEC10YEAR-EQ,EQ,INF769K01KF8,1,0.01,2,,,0,0.00,,855533,28.84,31.86,,,14938,1,
NSE,CM,NSECM,21401,TATAAML-TATAGOLD,TATAGOLD,TATAGOLD-EQ,EQ,INF277KA1976,1,0.01,2,,,0,0.00,,7166121,11.16,16.74,,,21401,1,
NSE,CM,NSECM,1038,FINOLEX CABLES LTD,FINCABLES,FINCABLES-EQ,EQ,INE235A01022,1,0.10,2,,,0,0.00,,100021,799.20,1198.60,,,1038,1,
NSE,CM,NSECM,3744,FINE ORGANIC IND. LTD.,FINEORG,FINEORG-EQ,EQ,INE686Y01026,1,0.50,2,,,0,0.00,,20694,3863.00,5794.00,,Final Dividend - Rs. - 11.0000;31 Jul 2026,3744,1,
NSE,CM,NSECM,757515,DIGITIDE SOLUTIONS LTD,DIGITIDE,DIGITIDE-EQ,EQ,INE0U4701011,1,0.01,2,,,0,0.00,,987858,91.10,111.34,2100;4200;4300,,757515,1,
NSE,CM,NSECM,4041,JAYANT AGRO ORGANICS LTD,JAYAGROGN,JAYAGROGN-EQ,EQ,INE785A01026,1,0.01,2,,,0,0.00,,449788,177.86,266.78,2300,,4041,1,
NSE,CM,NSECM,18096,JUBILANT FOODWORKS LTD,JUBLFOOD,JUBLFOOD-EQ,EQ,INE797F01020,1,0.05,2,,,0,0.00,,238862,376.45,460.05,2100,,18096,1,
NSE,CM,NSECM,11841,KENNAMETAL INDIA LIMITED,KENNAMET,KENNAMET-EQ,EQ,INE717A01029,1,0.10,2,,,0,0.00,,35911,2226.40,3339.40,,,11841,1,
NSE,CM,NSECM,762849,PREMCO GLOBAL LTD.,PREMCO,PREMCO-EQ,EQ,INE001E01012,1,0.05,2,,,0,0.00,,108065,291.15,436.65,2300,,762849,1,
NSE,CM,NSECM,763839,KNACK PACKAGING LIMITED,KNACK,KNACK-EQ,EQ,INE17QZ01016,1,0.01,2,,,0,0.00,,513076,155.91,233.85,,,763839,1,
NSE,CM,NSECM,17186,SPR AUTO TECHNOLOGIES LTD,SHRIPISTON,SHRIPISTON-EQ,EQ,INE526E01018,1,0.10,2,,,0,0.00,,24006,3328.00,4991.80,,,17186,1,
NSE,CM,NSECM,7325,DCM SHRIRAM IND LTD,DCMSRIND,DCMSRIND-EQ,EQ,INE843D01027,1,0.01,2,,,0,0.00,,2508766,31.89,47.83,4000;4200;4300,,7325,1,
NSE,CM,NSECM,12153,B&B TRIPLEWALL CONT LTD,BBTCL,BBTCL-EQ,EQ,INE01EE01011,1,0.01,2,,,0,0.00,,460619,173.68,260.50,2300,,12153,1,
NSE,CM,NSECM,18279,HDFCAMC - HDFCLIQUID,HDFCLIQUID,HDFCLIQUID-EQ,EQ,INF179KC1JG3,1,0.01,2,,,0,0.00,,23059,1016.97,1124.01,,,18279,1,
NSE,CM,NSECM,20182,ASHOKA BUILDCON LTD,ASHOKA,ASHOKA-EQ,EQ,INE442H01029,1,0.01,2,,,0,0.00,,827290,96.70,145.04,,,20182,1,
NSE,CM,NSECM,759458,GROWWAMC - GROWWNXT50,GROWWNXT50,GROWWNXT50-EQ,EQ,INF666M01LZ8,1,0.01,2,,,0,0.00,,39767,57.65,86.47,,,759458,1,
NSE,CM,NSECM,759780,MIRAEAMC - ENERGY,ENERGY,ENERGY-EQ,EQ,INF769K01PR2,1,0.01,2,,,0,0.00,,2508412,31.36,47.04,,,759780,1,
NSE,CM,NSECM,13941,PRAJAY ENG. SYN. LTD.,PRAENG,PRAENG-EQ,EQ,INE505C01016,1,0.01,2,,,0,0.00,,2286899,17.94,26.90,1500;2200;2300,,13941,1,
NSE,CM,NSECM,762518,3B BLACKBIO DX LTD.,3BBLACKBIO,3BBLACKBIO-EQ,EQ,INE994E01018,1,0.10,2,,,0,0.00,,78238,1022.50,1533.70,,,762518,1,
NSE,CM,NSECM,13880,BANCO PRODUCTS (I) LTD,BANCOINDIA,BANCOINDIA-EQ,EQ,INE213C01025,1,0.05,2,,,0,0.00,,164348,486.80,730.10,,,13880,1,
NSE,CM,NSECM,20110,ORIENT GREEN POWER CO LTD,GREENPOWER,GREENPOWER-EQ,EQ,INE999K01014,1,0.01,2,,,0,0.00,,9969519,8.03,12.03,,,20110,1,
NSE,CM,NSECM,22233,DHUNSERI INVESTMENTS LTD,DHUNINV,DHUNINV-EQ,EQ,INE320L01011,1,0.05,2,,,0,0.00,,115644,691.80,1037.60,2200;2300,Final Dividend - Rs. - 3.0000;13 Aug 2026,22233,1,
NSE,CM,NSECM,14346,ORIENTAL TRIMEX LTD,ORIENTALTL,ORIENTALTL-EQ,EQ,INE998H01012,1,0.01,2,,,0,0.00,,2403686,4.25,6.37,4300,,14346,1,
NSE,CM,NSECM,6407,LAMBODHARA TEXTILES LTD.,LAMBODHARA,LAMBODHARA-EQ,EQ,INE112F01022,1,0.01,2,,,0,0.00,,339346,89.82,134.72,2300,,6407,1,
NSE,CM,NSECM,10893,DHAMPUR BIO ORGANICS LTD,DBOL,DBOL-EQ,EQ,INE0I3401014,1,0.01,2,,,0,0.00,,979481,81.68,122.50,,,10893,1,
NSE,CM,NSECM,15083,ADANI PORT & SEZ LTD,ADANIPORTS,ADANIPORTS-EQ,EQ,INE742F01042,1,0.10,2,,,0,0.00,,55294,1591.50,1945.10,,,15083,1,
NSE,CM,NSECM,756086,GROWWAMC - GROWWMOM50,GROWWMOM50,GROWWMOM50-EQ,EQ,INF666M01KJ4,1,0.01,2,,,0,0.00,,847121,8.46,12.68,,,756086,1,
NSE,CM,NSECM,7074,MIRAEAMC - MAHKTECH,MAHKTECH,MAHKTECH-EQ,EQ,INF769K01HS7,1,0.01,2,,,0,0.00,,5146535,15.55,23.31,,,7074,1,
NSE,CM,NSECM,25080,MIRAEAMC - MULTICAP,MULTICAP,MULTICAP-EQ,EQ,INF769K01LX9,1,0.01,2,,,0,0.00,,1670571,13.15,19.71,,,25080,1,
NSE,CM,NSECM,5220,MIRAEAMC - MAFSETF,BFSI,BFSI-EQ,EQ,INF769K01HI8,1,0.01,2,,,0,0.00,,3702219,21.61,32.41,,,5220,1,
NSE,CM,NSECM,757455,NIPPONAMC - SNXT30BEES,SNXT30BEES,SNXT30BEES-EQ,EQ,INF204KC1EZ3,1,0.01,2,,,0,0.00,,50468,33.68,50.52,,,757455,1,
NSE,CM,NSECM,24969,WINDSOR MACHINES LIMITED,WINDMACHIN,WINDMACHIN-EQ,EQ,INE052A01021,1,0.05,2,,,0,0.00,,342199,233.80,350.60,2100,,24969,1,
NSE,CM,NSECM,5622,CEMINDIA PROJECTS LIMITED,CEMPRO,CEMPRO-EQ,EQ,INE686A01026,1,0.10,2,,,0,0.00,,69229,1369.00,1513.00,201,,5622,1,
NSE,CM,NSECM,24595,RUSHIL DECOR LIMITED,RUSHIL,RUSHIL-EQ,EQ,INE573K01025,1,0.01,2,,,0,0.00,,5630374,14.21,21.31,2100;4300,,24595,1,
NSE,CM,NSECM,757919,BORANA WEAVES LIMITED,BORANA,BORANA-EQ,EQ,INE16SF01016,1,0.05,2,,,0,0.00,,305380,262.00,392.90,,,757919,1,
NSE,CM,NSECM,8182,MOTILALAMC - MOMOMENTUM,MOMOMENTUM,MOMOMENTUM-EQ,EQ,INF247L01BK2,1,0.01,2,,,0,0.00,,664135,48.92,73.38,,,8182,1,
NSE,CM,NSECM,10945,TAMILNAD MERCA BANK LTD,TMB,TMB-EQ,EQ,INE668A01016,1,0.05,2,,,0,0.00,,124146,643.60,965.40,,,10945,1,
NSE,CM,NSECM,2263,BANDHAN BANK LIMITED,BANDHANBNK,BANDHANBNK-EQ,EQ,INE545U01014,1,0.01,2,,,0,0.00,,602519,149.34,182.52,,Dividend - Rs. - 1.5000;17 Aug 2026,2263,1,
NSE,CM,NSECM,817,DCW LTD,DCW,DCW-EQ,EQ,INE500A01029,1,0.01,2,,,0,0.00,,2162894,36.99,55.47,,,817,1,
NSE,CM,NSECM,8163,SPENCER S RETAIL LIMITED,SPENCERS,SPENCERS-EQ,EQ,INE020801028,1,0.01,2,,,0,0.00,,2947537,26.45,39.67,201;1500;2200,,8163,1,
NSE,CM,NSECM,7030,ASIAN ENERGY SERVICES LTD,ASIANENE,ASIANENE-EQ,EQ,INE276G01015,1,0.05,2,,,0,0.00,,281125,284.60,426.80,,,7030,1,
NSE,CM,NSECM,760415,MIRAEAMC - TOP20,TOP20,TOP20-EQ,EQ,INF769K01PZ5,1,0.01,2,,,0,0.00,,486716,7.00,10.50,,,760415,1,
NSE,CM,NSECM,760351,PARK MEDI WORLD LIMITED,PARKHOSPS,PARKHOSPS-EQ,EQ,INE119201023,1,0.05,2,,,0,0.00,,356773,252.25,308.25,3500;4100,,760351,1,
NSE,CM,NSECM,2837,RANA SUGARS LTD.,RANASUG,RANASUG-EQ,EQ,INE625B01014,1,0.01,2,,,0,0.00,,5021666,9.43,14.13,,,2837,1,
NSE,CM,NSECM,759517,MIDWEST LIMITED,MIDWESTLTD,MIDWESTLTD-EQ,EQ,INE0XAD01024,1,0.10,2,,,0,0.00,,80999,1110.80,1357.60,2100,,759517,1,
NSE,CM,NSECM,2972,ORIENT ELECTRIC LIMITED,ORIENTELEC,ORIENTELEC-EQ,EQ,INE142Z01019,1,0.01,2,,,0,0.00,,585475,136.60,204.88,,,2972,1,
NSE,CM,NSECM,759256,BMW VENTURES LIMITED,BMWVENTLTD,BMWVENTLTD-EQ,EQ,INE965W01036,1,0.01,2,,,0,0.00,,1769245,45.22,67.82,,,759256,1,
NSE,CM,NSECM,10700,SURANA TELECOM AND POW LT,SURANAT&P,SURANAT&P-EQ,EQ,INE130B01031,1,0.01,2,,,0,0.00,,4439349,14.60,21.90,,,10700,1,
NSE,CM,NSECM,11992,SYNCOM FORMU (I) LTD,SYNCOMF,SYNCOMF-EQ,EQ,INE312C01025,1,0.01,2,,,0,0.00,,7639378,10.48,15.70,,,11992,1,
NSE,CM,NSECM,235,AAKASH EXPLORATION SER L,AAKASH,AAKASH-EQ,EQ,INE087Z01024,1,0.01,2,,,0,0.00,,3310873,7.14,10.70,,,235,1,
NSE,CM,NSECM,757102,BELRISE INDUSTRIES LTD,BELRISE,BELRISE-EQ,EQ,INE894V01022,1,0.01,2,,,0,0.00,,437819,182.61,273.91,,,757102,1,
NSE,CM,NSECM,399,THE NEW INDIA ASSU CO LTD,NIACL,NIACL-EQ,EQ,INE470Y01017,1,0.01,2,,,0,0.00,,576798,138.56,207.84,,,399,1,
NSE,CM,NSECM,21959,BFAM - NIFTYBETF,NIFTYBETF,NIFTYBETF-EQ,EQ,INF0QA701722,1,0.01,2,,,0,0.00,,257042,196.32,294.46,,,21959,1,
NSE,CM,NSECM,1011,SCHAEFFLER INDIA LIMITED,SCHAEFFLER,SCHAEFFLER-EQ,EQ,INE513A01022,1,0.10,2,,,0,0.00,,24226,3286.20,4929.20,,,1011,1,
NSE,CM,NSECM,29733,NRB INDUS. BEARINGS LTD.,NIBL,NIBL-EQ,EQ,INE047O01014,1,0.01,2,,,0,0.00,,792341,29.59,44.37,2200;3200,,29733,1,
NSE,CM,NSECM,13557,AVONMORE CAP&MGT SERV LTD,AVONMORE,AVONMORE-EQ,EQ,INE323B01024,1,0.01,2,,,0,0.00,,9227440,7.52,11.26,2100;4300,,13557,1,
NSE,CM,NSECM,628,CESC LTD,CESC,CESC-EQ,EQ,INE486A01021,1,0.01,2,,,0,0.00,,612412,130.55,195.81,,,628,1,
NSE,CM,NSECM,22824,JUNIPER HOTELS LIMITED,JUNIPER,JUNIPER-EQ,EQ,INE696F01016,1,0.01,2,,,0,0.00,,517762,173.77,212.37,,,22824,1,
NSE,CM,NSECM,20203,URJA GLOBAL LIMITED,URJA,URJA-EQ,EQ,INE550C01020,1,0.01,2,,,0,0.00,,10845882,7.38,11.06,2100,,20203,1,
NSE,CM,NSECM,29527,GROWWAMC - GROWWRAIL,GROWWRAIL,GROWWRAIL-EQ,EQ,INF666M01JJ6,1,0.01,2,,,0,0.00,,1672654,22.80,34.20,,,29527,1,
NSE,CM,NSECM,634,IGARASHI MOTORS INDIA LTD,IGARASHI,IGARASHI-EQ,EQ,INE188B01013,1,0.05,2,,,0,0.00,,219222,364.90,547.30,2100,Final Dividend - Rs. - 1.3000;31 Jul 2026,634,1,
NSE,CM,NSECM,4992,SHARDA CROPCHEM LTD.,SHARDACROP,SHARDACROP-EQ,EQ,INE221J01015,1,0.05,2,,,0,0.00,,114488,698.40,1047.50,,Final Dividend - Rs. - 9.0000;07 Aug 2026,4992,1,
NSE,CM,NSECM,759265,TATA CAPITAL LIMITED,TATACAP,TATACAP-EQ,EQ,INE976I01016,1,0.05,2,,,0,0.00,,292894,307.25,375.45,,Final Dividend - Rs. - 0.5700;27 Jul 2026,759265,1,
NSE,CM,NSECM,30134,PRABHA ENERGY LIMITED,PRABHA,PRABHA-EQ,EQ,INE0I0M01023,1,0.01,2,,,0,0.00,,714919,111.89,167.83,2100,,30134,1,
NSE,CM,NSECM,5851,KOTAKMAMC-KOTAKBKETF,BANKNIFTY1,BANKNIFTY1-EQ,EQ,INF174KA1ZB7,1,0.01,2,,,0,0.00,,1702326,47.00,70.48,,,5851,1,
NSE,CM,NSECM,759461,GEM AROMATICS LIMITED,GEMAROMA,GEMAROMA-EQ,EQ,INE06XZ01023,1,0.01,2,,,0,0.00,,561443,142.48,213.72,2100;4300,,759461,1,
NSE,CM,NSECM,760346,NEPHROCARE HEALTH SERV L,NEPHROPLUS,NEPHROPLUS-EQ,EQ,INE428V01029,1,0.05,2,,,0,0.00,,148503,538.50,807.70,2100,,760346,1,
